arquivo;media_f1_score;mediana_f1_score;desvio_padrao_f1_score;min_f1_score;max_f1_score;varianca_f1_score;media_acc_balanceada;mediana_acc_balanceada;desvio_padrao_acc_balanceada;min_acc_balanceada;max_acc_balanceada;varianca_acc_balanceada;media_auc;mediana_auc;desvio_padrao_auc;min_auc;max_auc;varianca_auc;instancias_mais_erradas
classif_svm_169d_95_average_None_DT_0_8.csv;0.7638382279810199;0.7779360945013118;0.0340704525004896;0.6888985293882319;0.816988808293156;0.0011607957335881183;0.6078589743589744;0.6117628205128205;0.039467654596756004;0.5322435897435898;0.671602564102564;0.0015576957593688354;0.6078589743589744;0.6117628205128205;0.039467654596756024;0.5322435897435898;0.6716025641025641;0.001557695759368837;['53_heart-statlog', '22_mfeat-zernike', '455_cars', '1529_volcanoes-a3', '55_hepatitis']
classif_svm_169d_95_average_None_DT_0_85.csv;0.7659599060910274;0.7664655553785988;0.027871715922697157;0.7116467156032373;0.799852241156589;0.0007768325484755302;0.6190576923076921;0.6252884615384615;0.025937168840910945;0.5846153846153845;0.6591025641025642;0.0006727367274819216;0.6190576923076921;0.6252884615384615;0.025937168840910945;0.5846153846153845;0.6591025641025642;0.0006727367274819216;['1490_planning-relax', '53_heart-statlog', '22_mfeat-zernike', '455_cars', '1100_PopularKids', '1529_volcanoes-a3']
classif_svm_169d_95_average_None_DT_0_9.csv;0.7607775440509995;0.7637597874623046;0.017605881970386813;0.7236277056277056;0.7810768217289957;0.00030996707995519147;0.601679487179487;0.6033333333333333;0.01667876286883944;0.5777564102564103;0.6364102564102565;0.0002781811308349773;0.601679487179487;0.6033333333333333;0.016678762868839417;0.5777564102564103;0.6364102564102564;0.00027818113083497644;['53_heart-statlog', '22_mfeat-zernike', '455_cars', '1100_PopularKids', '1551_autoUniv-au6-400', '1529_volcanoes-a3']
classif_svm_169d_95_average_None_DT_0_95.csv;0.7690946063767574;0.7689919243397505;0.021539439526448413;0.7363747412008281;0.8119251473164517;0.0004639474551135283;0.6115320512820513;0.6123076923076923;0.02555282024137394;0.5685897435897436;0.6521153846153847;0.0006529466222879697;0.6115320512820512;0.6123076923076923;0.025552820241373928;0.5685897435897436;0.6521153846153845;0.0006529466222879692;['22_mfeat-zernike', '1167_pc1_req', '455_cars', '1100_PopularKids', '1529_volcanoes-a3']
classif_svm_169d_95_average_None_KNN_0_8.csv;0.7863186650597446;0.7894974204539422;0.014305972767588927;0.7581623014666493;0.8059115826702034;0.00020466085682699597;0.6337115384615385;0.6370833333333334;0.022379387624928405;0.6032692307692308;0.6652564102564102;0.0005008369904667987;0.6870240384615384;0.6900560897435897;0.029417574839239454;0.6296794871794871;0.731153846153846;0.0008653937094222541;['1061_ar4', '1463_blogger', '1490_planning-relax', '1539_volcanoes-d2', '15_breast-w', '3_kr-vs-kp', '1456_appendicitis', '377_synthetic_control', '1495_qualitative-bankruptcy', '1555_autoUniv-au6-1000', '22_mfeat-zernike', '1559_breast-tissue', '1063_kc2', '455_cars', '6332_cylinder-bands', '1540_volcanoes-d3', '25_colic', '37_diabetes', '481_biomed', '1494_qsar-biodeg', '164_molecular-biology_promoters', '1465_breast-tissue', '1529_volcanoes-a3', '1554_autoUniv-au7-500', '55_hepatitis']
classif_svm_169d_95_average_None_KNN_0_85.csv;0.78827824303032;0.7857808688895644;0.014782982597081872;0.7648249496075583;0.8097859885685972;0.00021853657446562548;0.6351923076923077;0.6294551282051282;0.02774489013019552;0.5974358974358974;0.6770512820512821;0.0007697789283366207;0.6856426282051282;0.6924599358974359;0.02653576186449696;0.637676282051282;0.7188942307692308;0.0007041466577292913;['1061_ar4', '1463_blogger', '1490_planning-relax', '1539_volcanoes-d2', '15_breast-w', '3_kr-vs-kp', '1456_appendicitis', '377_synthetic_control', '1495_qualitative-bankruptcy', '22_mfeat-zernike', '4534_PhishingWebsites', '1063_kc2', '455_cars', '6332_cylinder-bands', '1540_volcanoes-d3', '25_colic', '37_diabetes', '481_biomed', '1494_qsar-biodeg', '164_molecular-biology_promoters', '1529_volcanoes-a3', '1554_autoUniv-au7-500', '55_hepatitis']
classif_svm_169d_95_average_None_KNN_0_9.csv;0.7873896321622724;0.7884071596680292;0.011288097722578685;0.7693598639685597;0.8084923018631459;0.0001274211501944861;0.6416217948717947;0.6344551282051282;0.0300629141146107;0.6032692307692308;0.6953846153846154;0.0009037788050624591;0.6846746794871794;0.6895032051282052;0.02668245172949216;0.6467147435897436;0.7345192307692306;0.0007119532302966793;['1061_ar4', '1463_blogger', '1490_planning-relax', '1539_volcanoes-d2', '15_breast-w', '3_kr-vs-kp', '1456_appendicitis', '377_synthetic_control', '1495_qualitative-bankruptcy', '22_mfeat-zernike', '51_heart-h', '329_hayes-roth', '4534_PhishingWebsites', '1063_kc2', '455_cars', '6332_cylinder-bands', '1540_volcanoes-d3', '25_colic', '37_diabetes', '1494_qsar-biodeg', '164_molecular-biology_promoters', '1529_volcanoes-a3', '1554_autoUniv-au7-500', '48_tae', '55_hepatitis']
classif_svm_169d_95_average_None_KNN_0_95.csv;0.7864550325864695;0.7935193791715531;0.01738670608561346;0.7452938076416338;0.8068023822097048;0.00030229754850750806;0.6478205128205128;0.6460897435897436;0.02844032184488019;0.609102564102564;0.6870512820512821;0.0008088519066403694;0.677448717948718;0.6757532051282051;0.022607884525505856;0.6454326923076923;0.7180288461538462;0.0005111164427186072;['1061_ar4', '1463_blogger', '1490_planning-relax', '1539_volcanoes-d2', '15_breast-w', '3_kr-vs-kp', '59_ionosphere', '1456_appendicitis', '377_synthetic_control', '22_mfeat-zernike', '329_hayes-roth', '4534_PhishingWebsites', '1063_kc2', '455_cars', '6332_cylinder-bands', '1540_volcanoes-d3', '25_colic', '37_diabetes', '1054_mc2', '1494_qsar-biodeg', '1529_volcanoes-a3', '1554_autoUniv-au7-500', '48_tae', '55_hepatitis']
classif_svm_169d_95_average_None_LogisticRegression_0_8.csv;0.8228393906221493;0.822837326147671;0.008425721510703274;0.8067443756754102;0.8345689304309994;7.099278297592785e-05;0.5647628205128206;0.5579487179487179;0.014212509942160638;0.5475000000000001;0.5962820512820513;0.00020199543885601498;0.703346153846154;0.710048076923077;0.016897770268276456;0.6712179487179487;0.7227564102564102;0.00028553464003944776;['1061_ar4', '15_breast-w', '1456_appendicitis', '1552_autoUniv-au7-1100', '1553_autoUniv-au7-700', '377_synthetic_control', '53_heart-statlog', '1495_qualitative-bankruptcy', '22_mfeat-zernike', '51_heart-h', '1066_kc1-binary', '1559_breast-tissue', '187_wine', '61_iris', '1063_kc2', '1167_pc1_req', '1512_heart-long-beach', '292_Australian', '455_cars', '1100_PopularKids', '1496_ringnorm', '37_diabetes', '481_biomed', '1494_qsar-biodeg', '1531_volcanoes-b1', '1535_volcanoes-b5', '1551_autoUniv-au6-400', '164_molecular-biology_promoters', '1465_breast-tissue', '1529_volcanoes-a3', '1533_volcanoes-b3', '29_credit-a', '1048_jEdit_4.2_4.3', '1536_volcanoes-b6', '1549_autoUniv-au6-750', '1510_wdbc', '55_hepatitis']
classif_svm_169d_95_average_None_LogisticRegression_0_85.csv;0.8204891316856834;0.8199722467825916;0.009632142537025299;0.8064110423420768;0.8367463826084517;9.277816985357216e-05;0.5632948717948718;0.5592948717948718;0.01849365529028955;0.5333333333333334;0.5934615384615385;0.00034201528599605473;0.7147628205128205;0.7206410256410256;0.014240995978843199;0.6841666666666666;0.7290064102564102;0.00020280596646942814;['1061_ar4', '1490_planning-relax', '15_breast-w', '1456_appendicitis', '1552_autoUniv-au7-1100', '1553_autoUniv-au7-700', '377_synthetic_control', '53_heart-statlog', '1495_qualitative-bankruptcy', '22_mfeat-zernike', '1066_kc1-binary', '1460_banana', '1559_breast-tissue', '187_wine', '61_iris', '1063_kc2', '1167_pc1_req', '1512_heart-long-beach', '292_Australian', '455_cars', '1100_PopularKids', '1496_ringnorm', '37_diabetes', '481_biomed', '1494_qsar-biodeg', '1531_volcanoes-b1', '1535_volcanoes-b5', '1551_autoUniv-au6-400', '164_molecular-biology_promoters', '1465_breast-tissue', '1529_volcanoes-a3', '1533_volcanoes-b3', '29_credit-a', '1048_jEdit_4.2_4.3', '1536_volcanoes-b6', '1549_autoUniv-au6-750', '1510_wdbc', '55_hepatitis']
classif_svm_169d_95_average_None_LogisticRegression_0_9.csv;0.8200920823471047;0.821551965775354;0.008618666894328518;0.8024427883738229;0.8334130492751184;7.428141903539439e-05;0.5648974358974359;0.5675320512820513;0.011446758094518516;0.5462820512820513;0.5834615384615385;0.00013102827087442515;0.7251025641025641;0.7327403846153846;0.014356275501861126;0.700320512820513;0.7411858974358974;0.00020610264628533794;['1061_ar4', '1490_planning-relax', '15_breast-w', '1456_appendicitis', '1552_autoUniv-au7-1100', '1553_autoUniv-au7-700', '377_synthetic_control', '53_heart-statlog', '1495_qualitative-bankruptcy', '22_mfeat-zernike', '51_heart-h', '1066_kc1-binary', '1460_banana', '1559_breast-tissue', '187_wine', '329_hayes-roth', '61_iris', '1063_kc2', '1167_pc1_req', '1512_heart-long-beach', '292_Australian', '455_cars', '1100_PopularKids', '1496_ringnorm', '37_diabetes', '481_biomed', '1494_qsar-biodeg', '1531_volcanoes-b1', '1535_volcanoes-b5', '1551_autoUniv-au6-400', '164_molecular-biology_promoters', '1465_breast-tissue', '1529_volcanoes-a3', '1533_volcanoes-b3', '29_credit-a', '1048_jEdit_4.2_4.3', '1536_volcanoes-b6', '1549_autoUniv-au6-750', '1510_wdbc', '55_hepatitis']
classif_svm_169d_95_average_None_LogisticRegression_0_95.csv;0.8240496119461638;0.8256352995663341;0.010297894344740873;0.8053528412838757;0.8449474408095098;0.00010604662793544605;0.5697307692307693;0.5742948717948717;0.016659436301477072;0.5375;0.601474358974359;0.0002775368178829721;0.7282147435897436;0.7339583333333333;0.014938786242587085;0.7053205128205128;0.7463461538461538;0.00022316733440170918;['1061_ar4', '1490_planning-relax', '15_breast-w', '1456_appendicitis', '1552_autoUniv-au7-1100', '377_synthetic_control', '53_heart-statlog', '1495_qualitative-bankruptcy', '22_mfeat-zernike', '187_wine', '61_iris', '1063_kc2', '1167_pc1_req', '1512_heart-long-beach', '292_Australian', '455_cars', '1100_PopularKids', '1496_ringnorm', '37_diabetes', '481_biomed', '1494_qsar-biodeg', '1531_volcanoes-b1', '1535_volcanoes-b5', '1551_autoUniv-au6-400', '164_molecular-biology_promoters', '1465_breast-tissue', '1529_volcanoes-a3', '1533_volcanoes-b3', '29_credit-a', '1048_jEdit_4.2_4.3', '1536_volcanoes-b6', '1549_autoUniv-au6-750', '1510_wdbc', '55_hepatitis']
classif_svm_169d_95_average_None_NB_0_8.csv;0.4602649619901942;0.46565709617180207;0.022901138587606888;0.42784154012482184;0.5011628335544744;0.0005244621486087771;0.6120384615384615;0.6158333333333333;0.021696323202323273;0.5642307692307693;0.6389102564102564;0.00047073044049967123;0.6677067307692306;0.6675480769230768;0.022828367240317723;0.6350320512820512;0.6990064102564102;0.0005211343508588113;['1049_pc4', '1064_ar6', '1464_blood-transfusion-service-center', '3_kr-vs-kp', '59_ionosphere', '1067_kc1', '1523_vertebra-column', '23_cmc', '40_sonar', '4550_MiceProtein', '53_heart-statlog', '54_vehicle', '13_breast-cancer', '1495_qualitative-bankruptcy', '310_mammography', '31_credit-g', '338_grub-damage', '448_analcatdata_boxing1', '1498_sa-heart', '329_hayes-roth', '4534_PhishingWebsites', '461_analcatdata_creditscore', '1075_datatrieve', '1442_MegaWatt1', '1446_CostaMadre1', '1451_PieChart1', '1528_volcanoes-a2', '292_Australian', '38_sick', '40474_thyroid-allbp', '1496_ringnorm', '185_baseball', '40475_thyroid-allhyper', '60_waveform-5000', '1054_mc2', '1065_kc3', '1473_fertility', '1475_first-order-theorem-proving', '1511_wholesale-customers', '164_molecular-biology_promoters', '16_mfeat-karhunen', '446_prnn_crabs', '50_tic-tac-toe', '1447_CastMetal1', '1480_ilpd', '1488_parkinsons', '1508_user-knowledge', '1529_volcanoes-a3', '1554_autoUniv-au7-500', '23380_cjs', '452_analcatdata_broadwaymult', '14_mfeat-fourier', '1600_SPECTF', '21_car', '694_diggle_table_a2', '1071_mw1', '1443_PizzaCutter1', '1497_wall-robot-navigation', '1507_twonorm', '1558_bank-marketing', '30_page-blocks', '336_SPECT', '463_backache']
classif_svm_169d_95_average_None_NB_0_85.csv;0.4717645403272338;0.47064272200108115;0.02247869773569222;0.4374003636542336;0.5160819830324475;0.0005052918518926147;0.6154615384615385;0.6169551282051282;0.016326806045909567;0.5742307692307693;0.6372435897435897;0.0002665645956607492;0.6873141025641025;0.6793028846153846;0.02502881126639742;0.652628205128205;0.7311858974358975;0.0006264413934089424;['1049_pc4', '1464_blood-transfusion-service-center', '3_kr-vs-kp', '59_ionosphere', '1067_kc1', '1523_vertebra-column', '23_cmc', '40_sonar', '4550_MiceProtein', '53_heart-statlog', '54_vehicle', '13_breast-cancer', '1495_qualitative-bankruptcy', '22_mfeat-zernike', '294_satellite_image', '310_mammography', '31_credit-g', '338_grub-damage', '448_analcatdata_boxing1', '1498_sa-heart', '329_hayes-roth', '4534_PhishingWebsites', '461_analcatdata_creditscore', '1442_MegaWatt1', '1446_CostaMadre1', '1451_PieChart1', '1528_volcanoes-a2', '292_Australian', '38_sick', '40474_thyroid-allbp', '1496_ringnorm', '185_baseball', '40475_thyroid-allhyper', '60_waveform-5000', '1054_mc2', '1065_kc3', '1473_fertility', '1475_first-order-theorem-proving', '1511_wholesale-customers', '164_molecular-biology_promoters', '446_prnn_crabs', '1447_CastMetal1', '1480_ilpd', '1488_parkinsons', '1508_user-knowledge', '1529_volcanoes-a3', '1554_autoUniv-au7-500', '23380_cjs', '452_analcatdata_broadwaymult', '11_balance-scale', '14_mfeat-fourier', '1600_SPECTF', '21_car', '694_diggle_table_a2', '1071_mw1', '1443_PizzaCutter1', '1497_wall-robot-navigation', '1507_twonorm', '1558_bank-marketing', '30_page-blocks', '336_SPECT', '463_backache']
classif_svm_169d_95_average_None_NB_0_9.csv;0.5142395109190775;0.507776894158473;0.025019290935047213;0.4855228758169935;0.576657329598506;0.0006259649188925356;0.6365897435897436;0.6378846153846154;0.024156901380074692;0.5844230769230769;0.6654487179487181;0.0005835558842866546;0.6892692307692307;0.6880288461538462;0.019824408710474077;0.6598717948717948;0.7199358974358974;0.00039300718071992043;['1464_blood-transfusion-service-center', '3_kr-vs-kp', '59_ionosphere', '1067_kc1', '1523_vertebra-column', '23_cmc', '40_sonar', '4550_MiceProtein', '53_heart-statlog', '54_vehicle', '13_breast-cancer', '1495_qualitative-bankruptcy', '294_satellite_image', '31_credit-g', '338_grub-damage', '448_analcatdata_boxing1', '1498_sa-heart', '329_hayes-roth', '4534_PhishingWebsites', '461_analcatdata_creditscore', '1075_datatrieve', '1442_MegaWatt1', '1446_CostaMadre1', '1451_PieChart1', '1528_volcanoes-a2', '292_Australian', '1496_ringnorm', '1520_robot-failures-lp5', '185_baseball', '60_waveform-5000', '1054_mc2', '1065_kc3', '1473_fertility', '1511_wholesale-customers', '164_molecular-biology_promoters', '446_prnn_crabs', '1447_CastMetal1', '1480_ilpd', '1488_parkinsons', '1508_user-knowledge', '1529_volcanoes-a3', '1554_autoUniv-au7-500', '23380_cjs', '452_analcatdata_broadwaymult', '1115_teachingAssistant', '11_balance-scale', '1600_SPECTF', '21_car', '694_diggle_table_a2', '1071_mw1', '1443_PizzaCutter1', '1497_wall-robot-navigation', '1507_twonorm', '1558_bank-marketing', '336_SPECT', '463_backache']
classif_svm_169d_95_average_None_NB_0_95.csv;0.5283964554537309;0.5284325396825396;0.01678592959463514;0.5051805985552116;0.5677865340713637;0.0002817674323560479;0.6378269230769231;0.6426923076923077;0.016213956385065467;0.5994230769230768;0.6554487179487178;0.00026289238165680526;0.6945432692307693;0.687275641025641;0.020560647931515696;0.6704807692307692;0.7312339743589743;0.0004227402433637406;['1064_ar6', '1464_blood-transfusion-service-center', '3_kr-vs-kp', '59_ionosphere', '1067_kc1', '1523_vertebra-column', '23_cmc', '40_sonar', '4550_MiceProtein', '53_heart-statlog', '54_vehicle', '13_breast-cancer', '1495_qualitative-bankruptcy', '22_mfeat-zernike', '31_credit-g', '338_grub-damage', '448_analcatdata_boxing1', '1498_sa-heart', '182_satimage', '329_hayes-roth', '4534_PhishingWebsites', '461_analcatdata_creditscore', '1075_datatrieve', '1442_MegaWatt1', '1446_CostaMadre1', '1528_volcanoes-a2', '292_Australian', '1496_ringnorm', '1520_robot-failures-lp5', '185_baseball', '60_waveform-5000', '1054_mc2', '1065_kc3', '1473_fertility', '1511_wholesale-customers', '164_molecular-biology_promoters', '446_prnn_crabs', '1447_CastMetal1', '1480_ilpd', '1488_parkinsons', '1508_user-knowledge', '1529_volcanoes-a3', '1554_autoUniv-au7-500', '23380_cjs', '452_analcatdata_broadwaymult', '458_analcatdata_authorship', '1115_teachingAssistant', '11_balance-scale', '1600_SPECTF', '21_car', '694_diggle_table_a2', '1071_mw1', '1443_PizzaCutter1', '1497_wall-robot-navigation', '1507_twonorm', '1558_bank-marketing', '336_SPECT', '463_backache']
classif_svm_169d_95_average_None_RF_0_8.csv;0.843775978006113;0.8475990905646078;0.012275479048472556;0.816623496554531;0.8565726318769796;0.0001506873858694887;0.6279871794871795;0.6350641025641026;0.022412592291569937;0.5862820512820514;0.6546153846153846;0.0005023242932281402;0.7508301282051282;0.7579887820512821;0.03028244394841924;0.6809935897435897;0.7830288461538462;0.0009170264114891531;['1061_ar4', '1490_planning-relax', '1552_autoUniv-au7-1100', '377_synthetic_control', '53_heart-statlog', '1495_qualitative-bankruptcy', '22_mfeat-zernike', '448_analcatdata_boxing1', '1066_kc1-binary', '1063_kc2', '1167_pc1_req', '455_cars', '1100_PopularKids', '37_diabetes', '1494_qsar-biodeg', '446_prnn_crabs', '1529_volcanoes-a3', '29_credit-a', '1510_wdbc', '55_hepatitis']
classif_svm_169d_95_average_None_RF_0_85.csv;0.8443248057290035;0.8420013524983538;0.009342351577584406;0.832568144499179;0.8629531388152077;8.727953299919384e-05;0.6243717948717948;0.6260576923076924;0.01539254069370071;0.602948717948718;0.643974358974359;0.00023693030900723234;0.7499134615384616;0.7555929487179488;0.02560674310744492;0.6953846153846154;0.7831730769230769;0.0006557052925706778;['1061_ar4', '1490_planning-relax', '15_breast-w', '1456_appendicitis', '1552_autoUniv-au7-1100', '377_synthetic_control', '53_heart-statlog', '1495_qualitative-bankruptcy', '22_mfeat-zernike', '448_analcatdata_boxing1', '1066_kc1-binary', '1063_kc2', '1167_pc1_req', '1512_heart-long-beach', '455_cars', '1100_PopularKids', '37_diabetes', '1494_qsar-biodeg', '446_prnn_crabs', '1529_volcanoes-a3', '29_credit-a', '1549_autoUniv-au6-750', '1510_wdbc', '55_hepatitis']
classif_svm_169d_95_average_None_RF_0_9.csv;0.842952226878014;0.8470013735500992;0.00946211299631792;0.8211081559342428;0.8518025767336113;8.95315823550885e-05;0.6228653846153847;0.6204807692307692;0.019245123916022577;0.5881410256410255;0.6587820512820513;0.0003703747945430642;0.748628205128205;0.7547115384615384;0.02793484203299319;0.6832852564102565;0.7842307692307693;0.0007803553994082831;['1061_ar4', '1490_planning-relax', '15_breast-w', '1552_autoUniv-au7-1100', '377_synthetic_control', '53_heart-statlog', '1495_qualitative-bankruptcy', '22_mfeat-zernike', '448_analcatdata_boxing1', '1066_kc1-binary', '1063_kc2', '1167_pc1_req', '1512_heart-long-beach', '455_cars', '1100_PopularKids', '37_diabetes', '1494_qsar-biodeg', '1551_autoUniv-au6-400', '446_prnn_crabs', '1529_volcanoes-a3', '29_credit-a', '451_irish', '1510_wdbc', '55_hepatitis']
classif_svm_169d_95_average_None_RF_0_95.csv;0.8412968035462786;0.8452323340771616;0.011428824517301612;0.8116979776290121;0.8522597772597773;0.0001306180298472744;0.6196794871794871;0.6254807692307692;0.02679757071427782;0.5554487179487179;0.6479487179487179;0.0007181097961867204;0.7494310897435896;0.7622676282051283;0.02714496973820869;0.6923878205128204;0.7755769230769232;0.0007368493820882655;['1061_ar4', '1490_planning-relax', '15_breast-w', '1456_appendicitis', '1552_autoUniv-au7-1100', '377_synthetic_control', '53_heart-statlog', '1495_qualitative-bankruptcy', '22_mfeat-zernike', '448_analcatdata_boxing1', '1066_kc1-binary', '1063_kc2', '1167_pc1_req', '1512_heart-long-beach', '455_cars', '1100_PopularKids', '333_monks-problems-1', '37_diabetes', '1494_qsar-biodeg', '446_prnn_crabs', '1529_volcanoes-a3', '1554_autoUniv-au7-500', '29_credit-a', '1549_autoUniv-au6-750', '1510_wdbc', '55_hepatitis']
classif_svm_169d_95_average_None_SVM_LIN_0_8.csv;0.8200125810332708;0.8210452893211514;0.011570253522471815;0.8024236504236505;0.8338258038258038;0.00013387076657427144;0.57175;0.570448717948718;0.017898304888535433;0.5457692307692308;0.6104487179487179;0.00032034931788297135;0.6813365384615385;0.6882852564102564;0.021457403610582293;0.6434615384615384;0.7075641025641026;0.00046042016970743;['1061_ar4', '15_breast-w', '3_kr-vs-kp', '1456_appendicitis', '1552_autoUniv-au7-1100', '1553_autoUniv-au7-700', '377_synthetic_control', '53_heart-statlog', '1495_qualitative-bankruptcy', '22_mfeat-zernike', '51_heart-h', '1559_breast-tissue', '187_wine', '61_iris', '1063_kc2', '1167_pc1_req', '1512_heart-long-beach', '455_cars', '1100_PopularKids', '37_diabetes', '481_biomed', '1494_qsar-biodeg', '1531_volcanoes-b1', '1535_volcanoes-b5', '1551_autoUniv-au6-400', '1465_breast-tissue', '1529_volcanoes-a3', '1533_volcanoes-b3', '1048_jEdit_4.2_4.3', '1536_volcanoes-b6', '1549_autoUniv-au6-750', '48_tae', '55_hepatitis']
classif_svm_169d_95_average_None_SVM_LIN_0_85.csv;0.8094801530858502;0.8092946542601716;0.00772158129305486;0.794653207584242;0.8200439279749624;5.962281766525476e-05;0.5588461538461539;0.5621153846153846;0.012475485494763175;0.5357692307692308;0.5764102564102564;0.00015563773833004635;0.6968974358974358;0.6926762820512821;0.01917134408238112;0.6638782051282051;0.7276602564102564;0.0003675404339250496;['1061_ar4', '15_breast-w', '3_kr-vs-kp', '1456_appendicitis', '1552_autoUniv-au7-1100', '1553_autoUniv-au7-700', '377_synthetic_control', '53_heart-statlog', '1495_qualitative-bankruptcy', '22_mfeat-zernike', '51_heart-h', '1460_banana', '1559_breast-tissue', '187_wine', '61_iris', '1063_kc2', '1167_pc1_req', '1512_heart-long-beach', '292_Australian', '455_cars', '1100_PopularKids', '37_diabetes', '481_biomed', '1494_qsar-biodeg', '1531_volcanoes-b1', '1535_volcanoes-b5', '1551_autoUniv-au6-400', '1465_breast-tissue', '1529_volcanoes-a3', '1533_volcanoes-b3', '1048_jEdit_4.2_4.3', '1536_volcanoes-b6', '1549_autoUniv-au6-750', '48_tae', '55_hepatitis']
classif_svm_169d_95_average_None_SVM_LIN_0_9.csv;0.8077633222349864;0.8104008954008954;0.012132878586477968;0.785511553746936;0.825605181536216;0.00014720674279421563;0.56025;0.5591987179487179;0.02045593976646212;0.5316025641025641;0.5937820512820513;0.0004184454717291263;0.7160352564102563;0.7156891025641026;0.026433872197598598;0.6649038461538461;0.7593910256410258;0.0006987495993589761;['1061_ar4', '1490_planning-relax', '15_breast-w', '3_kr-vs-kp', '1456_appendicitis', '1552_autoUniv-au7-1100', '377_synthetic_control', '53_heart-statlog', '1495_qualitative-bankruptcy', '22_mfeat-zernike', '1460_banana', '1559_breast-tissue', '187_wine', '61_iris', '1063_kc2', '1167_pc1_req', '1512_heart-long-beach', '292_Australian', '455_cars', '1100_PopularKids', '37_diabetes', '481_biomed', '1494_qsar-biodeg', '1531_volcanoes-b1', '1535_volcanoes-b5', '1551_autoUniv-au6-400', '1465_breast-tissue', '1529_volcanoes-a3', '1048_jEdit_4.2_4.3', '1536_volcanoes-b6', '1549_autoUniv-au6-750', '55_hepatitis']
classif_svm_169d_95_average_None_SVM_LIN_0_95.csv;0.8020233009924164;0.806011130576348;0.013025433366330438;0.7775927968971447;0.8181424501424501;0.00016966191438071428;0.561974358974359;0.5650961538461539;0.018876780452097397;0.5307692307692308;0.5897435897435898;0.0003563328402366864;0.7195160256410256;0.7222435897435897;0.023279675774341188;0.6711538461538461;0.7538141025641025;0.000541943304158448;['1061_ar4', '15_breast-w', '1456_appendicitis', '1552_autoUniv-au7-1100', '377_synthetic_control', '53_heart-statlog', '1495_qualitative-bankruptcy', '22_mfeat-zernike', '61_iris', '1063_kc2', '1167_pc1_req', '1512_heart-long-beach', '292_Australian', '455_cars', '1100_PopularKids', '37_diabetes', '481_biomed', '1494_qsar-biodeg', '1551_autoUniv-au6-400', '1529_volcanoes-a3', '1048_jEdit_4.2_4.3', '1536_volcanoes-b6', '1549_autoUniv-au6-750', '55_hepatitis']
classif_svm_169d_95_average_None_SVM_RBF_0_8.csv;0.8357671115602152;0.8357580733442802;0.00564056549167499;0.8260755336617406;0.8462725779967158;3.1815979065874726e-05;0.5064743589743589;0.5049038461538461;0.014019071024848154;0.4881410256410256;0.5361538461538461;0.00019653435239973708;0.7441602564102563;0.7526602564102565;0.026160533647272166;0.6905128205128205;0.7811858974358975;0.0006843735207100592;['1061_ar4', '1463_blogger', '1490_planning-relax', '15_breast-w', '1456_appendicitis', '1552_autoUniv-au7-1100', '1553_autoUniv-au7-700', '377_synthetic_control', '22_mfeat-zernike', '444_analcatdata_boxing2', '464_prnn_synth', '51_heart-h', '1066_kc1-binary', '1559_breast-tissue', '187_wine', '466_schizo', '61_iris', '1063_kc2', '1167_pc1_req', '1512_heart-long-beach', '455_cars', '1100_PopularKids', '333_monks-problems-1', '37_diabetes', '481_biomed', '1494_qsar-biodeg', '1531_volcanoes-b1', '1535_volcanoes-b5', '1551_autoUniv-au6-400', '164_molecular-biology_promoters', '1465_breast-tissue', '1529_volcanoes-a3', '1533_volcanoes-b3', '29_credit-a', '451_irish', '1048_jEdit_4.2_4.3', '1536_volcanoes-b6', '1549_autoUniv-au6-750', '1073_jEdit_4.0_4.2', '1510_wdbc', '48_tae', '55_hepatitis']
classif_svm_169d_95_average_None_SVM_RBF_0_85.csv;0.8355946977671117;0.8368992884510126;0.005340259721885991;0.8260755336617406;0.8462725779967158;2.8518373897197844e-05;0.5048910256410256;0.5009935897435898;0.012774116367911068;0.4881410256410256;0.5361538461538461;0.00016317804898093345;0.7442371794871795;0.7551282051282051;0.02459776178728696;0.7023397435897436;0.7715705128205127;0.0006050498849441146;['1061_ar4', '1463_blogger', '1490_planning-relax', '15_breast-w', '1456_appendicitis', '1552_autoUniv-au7-1100', '1553_autoUniv-au7-700', '377_synthetic_control', '22_mfeat-zernike', '444_analcatdata_boxing2', '464_prnn_synth', '51_heart-h', '1066_kc1-binary', '1559_breast-tissue', '187_wine', '466_schizo', '61_iris', '1063_kc2', '1167_pc1_req', '1512_heart-long-beach', '455_cars', '1100_PopularKids', '333_monks-problems-1', '37_diabetes', '481_biomed', '1494_qsar-biodeg', '1531_volcanoes-b1', '1535_volcanoes-b5', '1551_autoUniv-au6-400', '164_molecular-biology_promoters', '1465_breast-tissue', '1529_volcanoes-a3', '1533_volcanoes-b3', '29_credit-a', '451_irish', '1048_jEdit_4.2_4.3', '1536_volcanoes-b6', '1549_autoUniv-au6-750', '1073_jEdit_4.0_4.2', '1510_wdbc', '48_tae', '55_hepatitis']
classif_svm_169d_95_average_None_SVM_RBF_0_9.csv;0.8356772486772488;0.8377193942711185;0.004370354546818646;0.8260755336617406;0.8413464696223316;1.9099998864898408e-05;0.4990448717948718;0.5;0.006487068636936777;0.4881410256410256;0.5125;4.208205950032878e-05;0.7415192307692308;0.7521314102564103;0.02482370118851959;0.6933333333333334;0.7712500000000001;0.0006162161406969089;['1061_ar4', '1463_blogger', '1490_planning-relax', '15_breast-w', '1456_appendicitis', '1552_autoUniv-au7-1100', '1553_autoUniv-au7-700', '377_synthetic_control', '1455_acute-inflammations', '22_mfeat-zernike', '444_analcatdata_boxing2', '464_prnn_synth', '51_heart-h', '1066_kc1-binary', '1559_breast-tissue', '187_wine', '466_schizo', '61_iris', '1063_kc2', '1167_pc1_req', '1512_heart-long-beach', '455_cars', '1100_PopularKids', '333_monks-problems-1', '37_diabetes', '481_biomed', '56_vote', '1494_qsar-biodeg', '1531_volcanoes-b1', '1535_volcanoes-b5', '1551_autoUniv-au6-400', '164_molecular-biology_promoters', '1465_breast-tissue', '1529_volcanoes-a3', '1533_volcanoes-b3', '29_credit-a', '451_irish', '1048_jEdit_4.2_4.3', '1536_volcanoes-b6', '1549_autoUniv-au6-750', '1556_acute-inflammations', '335_monks-problems-3', '1073_jEdit_4.0_4.2', '1510_wdbc', '48_tae', '55_hepatitis']
classif_svm_169d_95_average_None_SVM_RBF_0_95.csv;0.8353597883597883;0.8364039408866996;0.0051595792436626466;0.8215781791643861;0.8413464696223316;2.662125797163441e-05;0.49804487179487184;0.4980769230769231;0.0066268690068283466;0.4839743589743589;0.5125;4.391539283366212e-05;0.7431410256410256;0.7519551282051282;0.022506820136632393;0.7010897435897435;0.7666666666666666;0.0005065569526627214;['1061_ar4', '1463_blogger', '1490_planning-relax', '15_breast-w', '1456_appendicitis', '1552_autoUniv-au7-1100', '1553_autoUniv-au7-700', '377_synthetic_control', '1455_acute-inflammations', '22_mfeat-zernike', '444_analcatdata_boxing2', '464_prnn_synth', '51_heart-h', '1066_kc1-binary', '1559_breast-tissue', '187_wine', '466_schizo', '61_iris', '1063_kc2', '1167_pc1_req', '1512_heart-long-beach', '455_cars', '1100_PopularKids', '333_monks-problems-1', '37_diabetes', '481_biomed', '56_vote', '1494_qsar-biodeg', '1531_volcanoes-b1', '1535_volcanoes-b5', '1551_autoUniv-au6-400', '164_molecular-biology_promoters', '1465_breast-tissue', '1529_volcanoes-a3', '1533_volcanoes-b3', '29_credit-a', '451_irish', '1048_jEdit_4.2_4.3', '1536_volcanoes-b6', '1549_autoUniv-au6-750', '1556_acute-inflammations', '335_monks-problems-3', '1073_jEdit_4.0_4.2', '1510_wdbc', '48_tae', '55_hepatitis']
classif_svm_169d_95_average_None_XGBoost_0_8.csv;0.8302244276629583;0.8295247256768996;0.020403944299495408;0.8000433543911804;0.8633758029410202;0.0004163209429769112;0.6470064102564104;0.6388782051282051;0.032072852357046384;0.604423076923077;0.7026282051282051;0.001028667858316896;0.7638141025641025;0.7723397435897436;0.027114016907980616;0.7048397435897436;0.7953525641025642;0.0007351699128862587;['1061_ar4', '1490_planning-relax', '1456_appendicitis', '1552_autoUniv-au7-1100', '377_synthetic_control', '53_heart-statlog', '1495_qualitative-bankruptcy', '22_mfeat-zernike', '444_analcatdata_boxing2', '448_analcatdata_boxing1', '1066_kc1-binary', '1167_pc1_req', '455_cars', '1100_PopularKids', '37_diabetes', '56_vote', '1494_qsar-biodeg', '1511_wholesale-customers', '164_molecular-biology_promoters', '446_prnn_crabs', '1529_volcanoes-a3', '29_credit-a', '1510_wdbc', '55_hepatitis']
classif_svm_169d_95_average_None_XGBoost_0_85.csv;0.8389281389386337;0.8382570473005255;0.012827939797208381;0.8123337049424005;0.8544869374614501;0.0001645560394408026;0.6670064102564103;0.6727884615384616;0.02028863976913653;0.6241025641025642;0.6942948717948718;0.0004116289036817884;0.7614839743589744;0.7654006410256411;0.023142117889202896;0.7293910256410256;0.794326923076923;0.0005355576203977646;['1061_ar4', '1490_planning-relax', '1552_autoUniv-au7-1100', '377_synthetic_control', '53_heart-statlog', '1495_qualitative-bankruptcy', '22_mfeat-zernike', '448_analcatdata_boxing1', '1066_kc1-binary', '1167_pc1_req', '455_cars', '1100_PopularKids', '37_diabetes', '56_vote', '1494_qsar-biodeg', '164_molecular-biology_promoters', '446_prnn_crabs', '1529_volcanoes-a3', '1510_wdbc', '55_hepatitis']
classif_svm_169d_95_average_None_XGBoost_0_9.csv;0.8352077782287678;0.8332239226152269;0.012874586759778279;0.8116112969156448;0.8612627276105538;0.00016575498423505815;0.6600897435897436;0.657371794871795;0.03131320957706338;0.6029487179487181;0.7061538461538462;0.0009805170940170936;0.7558108974358975;0.7545192307692308;0.0242266651744183;0.7176923076923077;0.7998076923076923;0.0005869313054733725;['1061_ar4', '1490_planning-relax', '15_breast-w', '1552_autoUniv-au7-1100', '377_synthetic_control', '53_heart-statlog', '1495_qualitative-bankruptcy', '22_mfeat-zernike', '444_analcatdata_boxing2', '448_analcatdata_boxing1', '1167_pc1_req', '455_cars', '1100_PopularKids', '37_diabetes', '56_vote', '1494_qsar-biodeg', '164_molecular-biology_promoters', '446_prnn_crabs', '1529_volcanoes-a3', '1510_wdbc']
classif_svm_169d_95_average_None_XGBoost_0_95.csv;0.8312999132191037;0.834133295490117;0.008850920594433013;0.8111155704199184;0.8405518925518927;7.833879536895845e-05;0.6508012820512821;0.6576923076923077;0.0211396465551343;0.6087820512820514;0.6812820512820513;0.0004468846564760016;0.7579839743589744;0.7651442307692309;0.023004339421771793;0.725448717948718;0.7959294871794873;0.0005291996322320838;['1061_ar4', '15_breast-w', '1552_autoUniv-au7-1100', '377_synthetic_control', '53_heart-statlog', '1495_qualitative-bankruptcy', '22_mfeat-zernike', '448_analcatdata_boxing1', '1066_kc1-binary', '1167_pc1_req', '455_cars', '1100_PopularKids', '37_diabetes', '56_vote', '1494_qsar-biodeg', '164_molecular-biology_promoters', '446_prnn_crabs', '1529_volcanoes-a3', '1510_wdbc', '55_hepatitis']
classif_svm_ela_features_flacco_imputer_mean_DT_0_8.csv;0.7493955099986505;0.747545942128164;0.020052210580609398;0.7243303604607954;0.7837592037592038;0.00040209114916910354;0.5921282051282051;0.5901602564102564;0.031528451090077084;0.5208974358974359;0.6523717948717949;0.0009940432281393828;0.5921282051282051;0.5901602564102564;0.031528451090077084;0.5208974358974359;0.6523717948717949;0.0009940432281393828;['1490_planning-relax', '53_heart-statlog', '22_mfeat-zernike', '1167_pc1_req', '1529_volcanoes-a3', '1115_teachingAssistant']
classif_svm_ela_features_flacco_imputer_mean_DT_0_85.csv;0.7426293612265206;0.7417763625679668;0.028347751010935673;0.6982165515643776;0.7950887543241367;0.0008035949873780046;0.5988525641025642;0.5897756410256411;0.04409928850760584;0.5460897435897436;0.6945512820512821;0.0019447472468770567;0.5988525641025642;0.5897756410256411;0.04409928850760584;0.5460897435897436;0.6945512820512821;0.0019447472468770567;['1490_planning-relax', '1552_autoUniv-au7-1100', '22_mfeat-zernike', '1167_pc1_req', '455_cars', '1529_volcanoes-a3']
classif_svm_ela_features_flacco_imputer_mean_DT_0_9.csv;0.7444867512096345;0.7498573141834012;0.03518321720565208;0.6741211445559272;0.7864113342374212;0.0012378587729400929;0.5870448717948719;0.5914423076923077;0.03505915037921335;0.5312179487179487;0.6376923076923078;0.0012291440253122958;0.5870448717948719;0.5914423076923077;0.035059150379213366;0.5312179487179487;0.6376923076923078;0.0012291440253122967;['1490_planning-relax', '1552_autoUniv-au7-1100', '22_mfeat-zernike', '1167_pc1_req', '455_cars', '1100_PopularKids', '56_vote', '1529_volcanoes-a3']
classif_svm_ela_features_flacco_imputer_mean_DT_0_95.csv;0.7461269992020247;0.7512003532310878;0.032409928231036125;0.6840066129310981;0.79430343569474;0.0010504034479409123;0.5972948717948718;0.5910576923076922;0.03781961972000702;0.5467307692307692;0.6485897435897436;0.0014303236357659439;0.5972948717948718;0.5910576923076923;0.03781961972000701;0.5467307692307692;0.6485897435897436;0.0014303236357659432;['22_mfeat-zernike', '455_cars', '56_vote', '1529_volcanoes-a3']
classif_svm_ela_features_flacco_imputer_mean_KNN_0_8.csv;0.7849125800125799;0.7785406654537089;0.02282116423510355;0.7601446009706879;0.843078958078958;0.0005208055370455693;0.5910641025641026;0.5925;0.03139223973084543;0.5491025641025641;0.6459615384615385;0.0009854727153188701;0.6265592948717948;0.634511217948718;0.031304495588558454;0.5595192307692308;0.6801442307692308;0.0009799714440540757;['1061_ar4', '1462_banknote-authentication', '1463_blogger', '1490_planning-relax', '1539_volcanoes-d2', '15_breast-w', '1456_appendicitis', '1552_autoUniv-au7-1100', '377_synthetic_control', '22_mfeat-zernike', '51_heart-h', '187_wine', '1063_kc2', '455_cars', '1100_PopularKids', '1540_volcanoes-d3', '481_biomed', '1494_qsar-biodeg', '164_molecular-biology_promoters', '1465_breast-tissue', '1529_volcanoes-a3', '1554_autoUniv-au7-500', '55_hepatitis']
classif_svm_ela_features_flacco_imputer_mean_KNN_0_85.csv;0.7753408406957291;0.7738971037014515;0.019197710817309446;0.7479654119490781;0.8164794287837767;0.00036855210062504006;0.5977115384615385;0.5944871794871794;0.025177934341641936;0.5486538461538462;0.6392948717948719;0.0006339283777120323;0.6315705128205128;0.6332852564102565;0.016429268021288097;0.593701923076923;0.6604807692307693;0.0002699208477153197;['1061_ar4', '1462_banknote-authentication', '1463_blogger', '1490_planning-relax', '1539_volcanoes-d2', '15_breast-w', '1456_appendicitis', '377_synthetic_control', '22_mfeat-zernike', '51_heart-h', '1460_banana', '1559_breast-tissue', '187_wine', '61_iris', '1063_kc2', '455_cars', '1100_PopularKids', '1540_volcanoes-d3', '481_biomed', '1494_qsar-biodeg', '164_molecular-biology_promoters', '446_prnn_crabs', '1554_autoUniv-au7-500', '55_hepatitis']
classif_svm_ela_features_flacco_imputer_mean_KNN_0_9.csv;0.761173101724021;0.7581752705722957;0.01859243435871569;0.7354088504088504;0.7969052847313717;0.00034567861538315175;0.6017948717948717;0.597275641025641;0.03154918256384899;0.5537820512820514;0.6657692307692308;0.0009953509204470733;0.6589967948717949;0.6569711538461538;0.022397065983691792;0.6271634615384615;0.6946153846153845;0.0005016285646778439;['1061_ar4', '1462_banknote-authentication', '1463_blogger', '1490_planning-relax', '1539_volcanoes-d2', '1456_appendicitis', '377_synthetic_control', '1555_autoUniv-au6-1000', '22_mfeat-zernike', '338_grub-damage', '51_heart-h', '1460_banana', '187_wine', '61_iris', '1063_kc2', '292_Australian', '455_cars', '1540_volcanoes-d3', '481_biomed', '1494_qsar-biodeg', '164_molecular-biology_promoters', '446_prnn_crabs', '1488_parkinsons', '1529_volcanoes-a3', '1554_autoUniv-au7-500', '55_hepatitis']
classif_svm_ela_features_flacco_imputer_mean_KNN_0_95.csv;0.7558990569095516;0.7535178372352285;0.010668167663712086;0.7425930880713489;0.7761737537824495;0.00011380980130107217;0.5640512820512821;0.5582051282051281;0.022760252474482098;0.5407692307692307;0.6232692307692307;0.0005180290927021685;0.6572323717948717;0.6568028846153846;0.02359209076124218;0.6188301282051281;0.6979647435897436;0.0005565867464866886;['1061_ar4', '1462_banknote-authentication', '1463_blogger', '1490_planning-relax', '1539_volcanoes-d2', '15_breast-w', '377_synthetic_control', '1555_autoUniv-au6-1000', '22_mfeat-zernike', '31_credit-g', '1066_kc1-binary', '1498_sa-heart', '1559_breast-tissue', '187_wine', '61_iris', '1063_kc2', '1479_hill-valley', '455_cars', '1100_PopularKids', '1540_volcanoes-d3', '481_biomed', '1054_mc2', '1494_qsar-biodeg', '164_molecular-biology_promoters', '1529_volcanoes-a3', '1554_autoUniv-au7-500', '48_tae']
classif_svm_ela_features_flacco_imputer_mean_LogisticRegression_0_8.csv;0.8259835726825232;0.8289490480644902;0.011141264424467555;0.8062352181662525;0.8395148274458618;0.00012412777297590634;0.5604807692307692;0.5617948717948718;0.01570058149779288;0.5353205128205129;0.5803205128205129;0.0002465082593688362;0.6878173076923076;0.6878365384615384;0.017466575163592624;0.6613461538461538;0.7178205128205128;0.00030508124794543064;['1061_ar4', '1463_blogger', '15_breast-w', '1456_appendicitis', '1552_autoUniv-au7-1100', '1553_autoUniv-au7-700', '377_synthetic_control', '22_mfeat-zernike', '1559_breast-tissue', '187_wine', '61_iris', '1063_kc2', '1167_pc1_req', '1512_heart-long-beach', '455_cars', '1100_PopularKids', '37_diabetes', '481_biomed', '1494_qsar-biodeg', '1531_volcanoes-b1', '1535_volcanoes-b5', '1551_autoUniv-au6-400', '164_molecular-biology_promoters', '1465_breast-tissue', '1529_volcanoes-a3', '1533_volcanoes-b3', '1048_jEdit_4.2_4.3', '1115_teachingAssistant', '1536_volcanoes-b6', '1549_autoUniv-au6-750', '1510_wdbc', '48_tae', '55_hepatitis']
classif_svm_ela_features_flacco_imputer_mean_LogisticRegression_0_85.csv;0.8217164061991648;0.8209727092830541;0.010811533546581268;0.8019397639397638;0.8381196581196579;0.00011688925762885212;0.5602307692307692;0.558301282051282;0.015583521869146041;0.5347435897435897;0.5866025641025641;0.0002428461538461529;0.7016506410256411;0.7059134615384615;0.01679724030323833;0.6625320512820513;0.7245833333333334;0.000282147281804734;['1061_ar4', '1463_blogger', '15_breast-w', '1456_appendicitis', '1552_autoUniv-au7-1100', '1553_autoUniv-au7-700', '377_synthetic_control', '22_mfeat-zernike', '1559_breast-tissue', '187_wine', '61_iris', '1063_kc2', '1167_pc1_req', '1512_heart-long-beach', '455_cars', '1100_PopularKids', '37_diabetes', '481_biomed', '1494_qsar-biodeg', '1531_volcanoes-b1', '1535_volcanoes-b5', '1551_autoUniv-au6-400', '164_molecular-biology_promoters', '1465_breast-tissue', '1529_volcanoes-a3', '1533_volcanoes-b3', '451_irish', '1048_jEdit_4.2_4.3', '1115_teachingAssistant', '1536_volcanoes-b6', '1549_autoUniv-au6-750', '1510_wdbc', '48_tae', '55_hepatitis']
classif_svm_ela_features_flacco_imputer_mean_LogisticRegression_0_9.csv;0.8168836786069169;0.8184011263321607;0.009497168898773911;0.7979738457999327;0.8281223808120359;9.019621709183847e-05;0.5683525641025642;0.5703525641025641;0.01423409091517473;0.5424358974358974;0.5866025641025641;0.0002026093441814598;0.7398237179487179;0.7439583333333335;0.015596176570535806;0.7118589743589744;0.7645512820512821;0.00024324072361933;['1061_ar4', '1463_blogger', '15_breast-w', '1456_appendicitis', '1552_autoUniv-au7-1100', '1553_autoUniv-au7-700', '377_synthetic_control', '40_sonar', '1495_qualitative-bankruptcy', '22_mfeat-zernike', '1559_breast-tissue', '187_wine', '329_hayes-roth', '61_iris', '1063_kc2', '1167_pc1_req', '1512_heart-long-beach', '292_Australian', '455_cars', '1100_PopularKids', '1496_ringnorm', '37_diabetes', '481_biomed', '1494_qsar-biodeg', '1531_volcanoes-b1', '1535_volcanoes-b5', '1551_autoUniv-au6-400', '164_molecular-biology_promoters', '446_prnn_crabs', '1465_breast-tissue', '1529_volcanoes-a3', '1533_volcanoes-b3', '1048_jEdit_4.2_4.3', '1536_volcanoes-b6', '1549_autoUniv-au6-750', '1510_wdbc', '55_hepatitis']
classif_svm_ela_features_flacco_imputer_mean_LogisticRegression_0_95.csv;0.8105771539083383;0.8142390175486127;0.013830184683637035;0.775665658013484;0.8277354216664561;0.00019127400838350842;0.5578525641025641;0.5619551282051283;0.016638172140873774;0.5185897435897436;0.5778205128205128;0.00027682877218934823;0.7402532051282051;0.7449839743589743;0.02130803581482806;0.6957051282051283;0.7643269230769232;0.0004540323902859953;['1061_ar4', '1463_blogger', '15_breast-w', '59_ionosphere', '1456_appendicitis', '1552_autoUniv-au7-1100', '377_synthetic_control', '40_sonar', '22_mfeat-zernike', '187_wine', '329_hayes-roth', '61_iris', '1063_kc2', '1167_pc1_req', '1512_heart-long-beach', '292_Australian', '455_cars', '1100_PopularKids', '1496_ringnorm', '37_diabetes', '481_biomed', '1494_qsar-biodeg', '1531_volcanoes-b1', '1535_volcanoes-b5', '1551_autoUniv-au6-400', '164_molecular-biology_promoters', '1529_volcanoes-a3', '1533_volcanoes-b3', '1048_jEdit_4.2_4.3', '1115_teachingAssistant', '1536_volcanoes-b6', '1549_autoUniv-au6-750', '1510_wdbc', '48_tae', '55_hepatitis']
classif_svm_ela_features_flacco_imputer_mean_NB_0_8.csv;0.37709054877011533;0.38176630301243303;0.024394776194176186;0.34134453781512597;0.42131365366659485;0.0005951051055639451;0.5455961538461539;0.5442628205128206;0.016719739217080483;0.5184615384615384;0.576602564102564;0.0002795496794871791;0.5678028846153846;0.5630448717948717;0.013099344564213833;0.550849358974359;0.5954807692307692;0.0001715928280119985;['1049_pc4', '1068_pc1', '1464_blood-transfusion-service-center', '1487_ozone-level-8hr', '1490_planning-relax', '3_kr-vs-kp', '59_ionosphere', '1056_mc1', '1067_kc1', '1523_vertebra-column', '23_cmc', '377_synthetic_control', '40_sonar', '44_spambase', '4550_MiceProtein', '53_heart-statlog', '1050_pc3', '13_breast-cancer', '1495_qualitative-bankruptcy', '310_mammography', '31_credit-g', '338_grub-damage', '448_analcatdata_boxing1', '1037_ada_prior', '1498_sa-heart', '307_vowel', '311_oil_spill', '329_hayes-roth', '4534_PhishingWebsites', '461_analcatdata_creditscore', '1075_datatrieve', '1442_MegaWatt1', '1446_CostaMadre1', '1451_PieChart1', '1528_volcanoes-a2', '292_Australian', '38_sick', '40474_thyroid-allbp', '1496_ringnorm', '185_baseball', '188_eucalyptus', '40475_thyroid-allhyper', '60_waveform-5000', '1054_mc2', '1065_kc3', '1473_fertility', '1475_first-order-theorem-proving', '1511_wholesale-customers', '164_molecular-biology_promoters', '446_prnn_crabs', '1447_CastMetal1', '1466_cardiotocography', '1480_ilpd', '1488_parkinsons', '1508_user-knowledge', '1529_volcanoes-a3', '1554_autoUniv-au7-500', '23380_cjs', '452_analcatdata_broadwaymult', '1115_teachingAssistant', '1452_PieChart2', '1600_SPECTF', '21_car', '694_diggle_table_a2', '1443_PizzaCutter1', '1497_wall-robot-navigation', '1507_twonorm', '1558_bank-marketing', '463_backache']
classif_svm_ela_features_flacco_imputer_mean_NB_0_85.csv;0.403275530455097;0.3897074794830213;0.03210756997904073;0.362469654528478;0.4578964568283454;0.0010308960499589978;0.5581346153846154;0.5559294871794873;0.02159277435484496;0.5246153846153845;0.5994230769230768;0.0004662479043392502;0.6070945512820513;0.6059935897435897;0.023332959160232442;0.57375;0.6498076923076922;0.000544426983173075;['1049_pc4', '1464_blood-transfusion-service-center', '1487_ozone-level-8hr', '1490_planning-relax', '3_kr-vs-kp', '59_ionosphere', '1067_kc1', '1523_vertebra-column', '23_cmc', '377_synthetic_control', '40_sonar', '4550_MiceProtein', '53_heart-statlog', '13_breast-cancer', '1495_qualitative-bankruptcy', '310_mammography', '31_credit-g', '338_grub-damage', '448_analcatdata_boxing1', '1037_ada_prior', '1498_sa-heart', '307_vowel', '311_oil_spill', '329_hayes-roth', '4534_PhishingWebsites', '461_analcatdata_creditscore', '1442_MegaWatt1', '1446_CostaMadre1', '1528_volcanoes-a2', '292_Australian', '38_sick', '40474_thyroid-allbp', '1496_ringnorm', '185_baseball', '188_eucalyptus', '40475_thyroid-allhyper', '60_waveform-5000', '1054_mc2', '1065_kc3', '1473_fertility', '1475_first-order-theorem-proving', '1511_wholesale-customers', '164_molecular-biology_promoters', '446_prnn_crabs', '50_tic-tac-toe', '1447_CastMetal1', '1480_ilpd', '1488_parkinsons', '1508_user-knowledge', '1529_volcanoes-a3', '1554_autoUniv-au7-500', '23380_cjs', '452_analcatdata_broadwaymult', '1115_teachingAssistant', '1452_PieChart2', '1600_SPECTF', '21_car', '694_diggle_table_a2', '1497_wall-robot-navigation', '1507_twonorm', '1558_bank-marketing', '463_backache']
classif_svm_ela_features_flacco_imputer_mean_NB_0_9.csv;0.5351493695390922;0.5327062754926533;0.0280282305313667;0.49275836650449645;0.6089169000933705;0.0007855817067194364;0.6154935897435898;0.6179807692307693;0.02274983744008505;0.5776282051282052;0.6696153846153846;0.0005175551035502956;0.6600528846153846;0.6591666666666667;0.01656105600121101;0.6257692307692307;0.68875;0.0002742685758752472;['1464_blood-transfusion-service-center', '1490_planning-relax', '3_kr-vs-kp', '59_ionosphere', '1067_kc1', '1523_vertebra-column', '23_cmc', '377_synthetic_control', '40_sonar', '4550_MiceProtein', '53_heart-statlog', '54_vehicle', '1495_qualitative-bankruptcy', '294_satellite_image', '31_credit-g', '338_grub-damage', '448_analcatdata_boxing1', '1498_sa-heart', '307_vowel', '329_hayes-roth', '461_analcatdata_creditscore', '1075_datatrieve', '1442_MegaWatt1', '1446_CostaMadre1', '1528_volcanoes-a2', '292_Australian', '1496_ringnorm', '1520_robot-failures-lp5', '185_baseball', '60_waveform-5000', '1054_mc2', '1065_kc3', '1473_fertility', '1511_wholesale-customers', '164_molecular-biology_promoters', '446_prnn_crabs', '50_tic-tac-toe', '1447_CastMetal1', '1480_ilpd', '1488_parkinsons', '1508_user-knowledge', '1529_volcanoes-a3', '1554_autoUniv-au7-500', '452_analcatdata_broadwaymult', '1115_teachingAssistant', '11_balance-scale', '1600_SPECTF', '21_car', '335_monks-problems-3', '694_diggle_table_a2', '1497_wall-robot-navigation', '1507_twonorm', '1558_bank-marketing', '463_backache']
classif_svm_ela_features_flacco_imputer_mean_NB_0_95.csv;0.543752692103816;0.5433547236591052;0.020664374236287128;0.5155675954592362;0.5800793650793651;0.0004270163625773272;0.6219615384615385;0.6260576923076924;0.014897557261520753;0.5921153846153846;0.6412820512820513;0.00022193721236028974;0.6650608974358974;0.66625;0.013218326815080235;0.6389423076923078;0.6846153846153846;0.0001747241637902692;['1064_ar6', '1464_blood-transfusion-service-center', '1490_planning-relax', '3_kr-vs-kp', '59_ionosphere', '1067_kc1', '1523_vertebra-column', '23_cmc', '377_synthetic_control', '40_sonar', '4550_MiceProtein', '53_heart-statlog', '54_vehicle', '1495_qualitative-bankruptcy', '294_satellite_image', '31_credit-g', '338_grub-damage', '448_analcatdata_boxing1', '1498_sa-heart', '311_oil_spill', '329_hayes-roth', '450_analcatdata_lawsuit', '461_analcatdata_creditscore', '1442_MegaWatt1', '1446_CostaMadre1', '1528_volcanoes-a2', '292_Australian', '38_sick', '1496_ringnorm', '1520_robot-failures-lp5', '185_baseball', '60_waveform-5000', '1054_mc2', '1065_kc3', '1473_fertility', '1511_wholesale-customers', '164_molecular-biology_promoters', '446_prnn_crabs', '50_tic-tac-toe', '1447_CastMetal1', '1480_ilpd', '1488_parkinsons', '1508_user-knowledge', '1529_volcanoes-a3', '1554_autoUniv-au7-500', '452_analcatdata_broadwaymult', '458_analcatdata_authorship', '11_balance-scale', '1600_SPECTF', '21_car', '694_diggle_table_a2', '1443_PizzaCutter1', '1497_wall-robot-navigation', '1507_twonorm', '1558_bank-marketing', '463_backache']
classif_svm_ela_features_flacco_imputer_mean_RF_0_8.csv;0.8395114822930416;0.83858157551261;0.007649032538710026;0.8223394102704447;0.851592564523599;5.8507698778244755e-05;0.6018397435897436;0.6073076923076923;0.0194837642503255;0.5601282051282052;0.6351282051282051;0.00037961706936226204;0.7554182692307692;0.7608173076923077;0.02590568089786266;0.6903685897435897;0.7916987179487178;0.0006711043027818863;['1061_ar4', '1463_blogger', '1490_planning-relax', '15_breast-w', '1456_appendicitis', '1552_autoUniv-au7-1100', '377_synthetic_control', '22_mfeat-zernike', '1066_kc1-binary', '187_wine', '1063_kc2', '1167_pc1_req', '455_cars', '1100_PopularKids', '333_monks-problems-1', '37_diabetes', '1494_qsar-biodeg', '1551_autoUniv-au6-400', '1529_volcanoes-a3', '29_credit-a', '451_irish', '1549_autoUniv-au6-750', '1510_wdbc', '55_hepatitis']
classif_svm_ela_features_flacco_imputer_mean_RF_0_85.csv;0.838706329252956;0.8389910813823858;0.007156963092165773;0.8301888201198546;0.8493096992407339;5.122212070262306e-05;0.6033525641025641;0.602051282051282;0.017584001688597934;0.5721153846153846;0.6298076923076923;0.000309197115384615;0.7511105769230769;0.7634535256410258;0.025971409220795796;0.6976282051282051;0.7797756410256411;0.0006745140969140369;['1061_ar4', '1490_planning-relax', '15_breast-w', '1456_appendicitis', '1552_autoUniv-au7-1100', '377_synthetic_control', '1495_qualitative-bankruptcy', '22_mfeat-zernike', '1066_kc1-binary', '187_wine', '1063_kc2', '1167_pc1_req', '455_cars', '1100_PopularKids', '333_monks-problems-1', '37_diabetes', '1494_qsar-biodeg', '164_molecular-biology_promoters', '446_prnn_crabs', '1529_volcanoes-a3', '29_credit-a', '451_irish', '1510_wdbc', '48_tae', '55_hepatitis']
classif_svm_ela_features_flacco_imputer_mean_RF_0_9.csv;0.8355042162069148;0.8356887850336125;0.0048169823045551615;0.8281135073488896;0.8431005010315354;2.3203318522397553e-05;0.5974871794871794;0.6001282051282051;0.011440854967753166;0.5753205128205128;0.6134615384615385;0.0001308931623931623;0.7553253205128204;0.767636217948718;0.027346512833558566;0.6991666666666666;0.7829647435897436;0.0007478317641559833;['1061_ar4', '1463_blogger', '1490_planning-relax', '15_breast-w', '1456_appendicitis', '1552_autoUniv-au7-1100', '377_synthetic_control', '22_mfeat-zernike', '448_analcatdata_boxing1', '1066_kc1-binary', '187_wine', '1063_kc2', '1167_pc1_req', '455_cars', '1100_PopularKids', '333_monks-problems-1', '37_diabetes', '56_vote', '1494_qsar-biodeg', '1551_autoUniv-au6-400', '446_prnn_crabs', '1529_volcanoes-a3', '29_credit-a', '451_irish', '1510_wdbc', '55_hepatitis']
classif_svm_ela_features_flacco_imputer_mean_RF_0_95.csv;0.8312185938721172;0.8352498842154015;0.011899808618149094;0.8097721224857656;0.8472247471557817;0.00014160544514857544;0.6012756410256411;0.5982051282051282;0.02013478681385647;0.5646153846153845;0.6376282051282051;0.00040540964003944833;0.7576233974358975;0.7634455128205129;0.027449216499936493;0.70625;0.791826923076923;0.0007534594864603858;['1061_ar4', '1463_blogger', '1490_planning-relax', '15_breast-w', '1552_autoUniv-au7-1100', '377_synthetic_control', '1495_qualitative-bankruptcy', '22_mfeat-zernike', '448_analcatdata_boxing1', '1066_kc1-binary', '187_wine', '1063_kc2', '1167_pc1_req', '455_cars', '1100_PopularKids', '333_monks-problems-1', '37_diabetes', '56_vote', '1494_qsar-biodeg', '1551_autoUniv-au6-400', '1529_volcanoes-a3', '1554_autoUniv-au7-500', '29_credit-a', '1510_wdbc', '55_hepatitis']
classif_svm_ela_features_flacco_imputer_mean_SVM_LIN_0_8.csv;0.8068175866279315;0.8061898516553689;0.01463291988585387;0.7835668673599707;0.8406803924045304;0.00021412234438581765;0.5436794871794872;0.5448397435897436;0.022840584661788038;0.5007692307692307;0.5831410256410255;0.000521692307692307;0.672048076923077;0.6675160256410257;0.022816490075071277;0.6443589743589744;0.7179166666666668;0.0005205922193458262;['1061_ar4', '15_breast-w', '1456_appendicitis', '1552_autoUniv-au7-1100', '1553_autoUniv-au7-700', '377_synthetic_control', '1495_qualitative-bankruptcy', '22_mfeat-zernike', '448_analcatdata_boxing1', '1559_breast-tissue', '187_wine', '461_analcatdata_creditscore', '61_iris', '1063_kc2', '1167_pc1_req', '1512_heart-long-beach', '455_cars', '1100_PopularKids', '37_diabetes', '481_biomed', '1494_qsar-biodeg', '1531_volcanoes-b1', '1551_autoUniv-au6-400', '164_molecular-biology_promoters', '1465_breast-tissue', '1529_volcanoes-a3', '1533_volcanoes-b3', '1048_jEdit_4.2_4.3', '1536_volcanoes-b6', '1549_autoUniv-au6-750', '1510_wdbc', '48_tae', '55_hepatitis']
classif_svm_ela_features_flacco_imputer_mean_SVM_LIN_0_85.csv;0.7995332502136099;0.7998333052643398;0.013937632769648755;0.7767395197395197;0.822089187951257;0.0001942576072215868;0.5614358974358974;0.5590064102564103;0.01778589609590291;0.5352564102564102;0.5846153846153846;0.00031633809993425433;0.677746794871795;0.6763621794871795;0.022305187239613427;0.6460256410256411;0.7223397435897436;0.0004975213777942137;['1061_ar4', '15_breast-w', '1456_appendicitis', '1552_autoUniv-au7-1100', '1553_autoUniv-au7-700', '377_synthetic_control', '1495_qualitative-bankruptcy', '22_mfeat-zernike', '448_analcatdata_boxing1', '187_wine', '61_iris', '1063_kc2', '1167_pc1_req', '1512_heart-long-beach', '455_cars', '1100_PopularKids', '37_diabetes', '481_biomed', '1494_qsar-biodeg', '1551_autoUniv-au6-400', '1465_breast-tissue', '1529_volcanoes-a3', '1048_jEdit_4.2_4.3', '1491_one-hundred-plants-margin', '1549_autoUniv-au6-750', '1510_wdbc', '55_hepatitis']
classif_svm_ela_features_flacco_imputer_mean_SVM_LIN_0_9.csv;0.8028388783685635;0.8040964325529543;0.013388724577288427;0.7723901283901283;0.821469632705015;0.00017925794580648716;0.5996282051282052;0.6114423076923077;0.02215586781492613;0.5448076923076923;0.6162820512820513;0.0004908824786324796;0.7294935897435898;0.7324679487179486;0.027073134933148814;0.6887179487179487;0.7794871794871796;0.0007329546351084826;['1061_ar4', '1463_blogger', '15_breast-w', '1121_badges2', '1456_appendicitis', '1552_autoUniv-au7-1100', '1553_autoUniv-au7-700', '377_synthetic_control', '40_sonar', '22_mfeat-zernike', '1559_breast-tissue', '187_wine', '329_hayes-roth', '61_iris', '1063_kc2', '1167_pc1_req', '1512_heart-long-beach', '292_Australian', '455_cars', '1100_PopularKids', '1496_ringnorm', '37_diabetes', '1494_qsar-biodeg', '1551_autoUniv-au6-400', '446_prnn_crabs', '1465_breast-tissue', '1529_volcanoes-a3', '1048_jEdit_4.2_4.3', '1491_one-hundred-plants-margin', '1549_autoUniv-au6-750', '1510_wdbc', '55_hepatitis']
classif_svm_ela_features_flacco_imputer_mean_SVM_LIN_0_95.csv;0.7919248106327565;0.7984535702234353;0.015401145260901626;0.7588514126774996;0.809472481707864;0.0002371952753473926;0.5904615384615385;0.5928205128205128;0.02134149098221239;0.5423076923076924;0.6202564102564103;0.00045545923734385265;0.7260320512820513;0.7316185897435897;0.03103226513308272;0.6707051282051282;0.7655448717948719;0.0009630014792899414;['1061_ar4', '15_breast-w', '59_ionosphere', '1456_appendicitis', '1552_autoUniv-au7-1100', '23_cmc', '377_synthetic_control', '40_sonar', '53_heart-statlog', '1495_qualitative-bankruptcy', '22_mfeat-zernike', '187_wine', '329_hayes-roth', '61_iris', '1063_kc2', '1167_pc1_req', '1512_heart-long-beach', '292_Australian', '455_cars', '1100_PopularKids', '1496_ringnorm', '37_diabetes', '1494_qsar-biodeg', '1551_autoUniv-au6-400', '446_prnn_crabs', '1529_volcanoes-a3', '1048_jEdit_4.2_4.3', '1491_one-hundred-plants-margin', '1549_autoUniv-au6-750', '1510_wdbc', '55_hepatitis']
classif_svm_ela_features_flacco_imputer_mean_SVM_RBF_0_8.csv;0.8379392446633828;0.8383579638752053;0.0012561576354680136;0.8341707717569786;0.8383579638752053;1.5779320051445912e-06;0.4995833333333334;0.5;0.0012500000000000122;0.4958333333333333;0.5;1.5625000000000306e-06;0.6876442307692308;0.6879487179487179;0.019159940344906614;0.6583333333333334;0.7174358974358974;0.00036710331402038015;['1061_ar4', '1463_blogger', '1490_planning-relax', '15_breast-w', '1456_appendicitis', '1552_autoUniv-au7-1100', '1553_autoUniv-au7-700', '377_synthetic_control', '1455_acute-inflammations', '22_mfeat-zernike', '444_analcatdata_boxing2', '464_prnn_synth', '51_heart-h', '1066_kc1-binary', '1559_breast-tissue', '187_wine', '466_schizo', '61_iris', '1063_kc2', '1167_pc1_req', '1512_heart-long-beach', '455_cars', '49_heart-c', '1100_PopularKids', '333_monks-problems-1', '37_diabetes', '481_biomed', '56_vote', '1494_qsar-biodeg', '1531_volcanoes-b1', '1535_volcanoes-b5', '1551_autoUniv-au6-400', '164_molecular-biology_promoters', '1465_breast-tissue', '1529_volcanoes-a3', '1533_volcanoes-b3', '29_credit-a', '451_irish', '1048_jEdit_4.2_4.3', '1536_volcanoes-b6', '1549_autoUniv-au6-750', '1556_acute-inflammations', '335_monks-problems-3', '1073_jEdit_4.0_4.2', '1510_wdbc', '48_tae', '55_hepatitis']
classif_svm_ela_features_flacco_imputer_mean_SVM_RBF_0_85.csv;0.8375484400656816;0.8383579638752053;0.002428571428571413;0.8302627257799673;0.8383579638752053;5.897959183673395e-06;0.49919871794871795;0.5;0.0024038461538461622;0.49198717948717946;0.5;5.778476331360986e-06;0.682488782051282;0.6895432692307693;0.01952255409637592;0.6401602564102564;0.7102564102564102;0.00038113011844592416;['1061_ar4', '1463_blogger', '1490_planning-relax', '15_breast-w', '1456_appendicitis', '1552_autoUniv-au7-1100', '1553_autoUniv-au7-700', '377_synthetic_control', '1455_acute-inflammations', '22_mfeat-zernike', '444_analcatdata_boxing2', '464_prnn_synth', '51_heart-h', '1066_kc1-binary', '1559_breast-tissue', '187_wine', '466_schizo', '61_iris', '1063_kc2', '1167_pc1_req', '1512_heart-long-beach', '455_cars', '49_heart-c', '1100_PopularKids', '333_monks-problems-1', '37_diabetes', '481_biomed', '56_vote', '1494_qsar-biodeg', '1531_volcanoes-b1', '1535_volcanoes-b5', '1551_autoUniv-au6-400', '164_molecular-biology_promoters', '1465_breast-tissue', '1529_volcanoes-a3', '1533_volcanoes-b3', '29_credit-a', '451_irish', '1048_jEdit_4.2_4.3', '1536_volcanoes-b6', '1549_autoUniv-au6-750', '1556_acute-inflammations', '335_monks-problems-3', '1073_jEdit_4.0_4.2', '1510_wdbc', '48_tae', '55_hepatitis']
classif_svm_ela_features_flacco_imputer_mean_SVM_RBF_0_9.csv;0.8379392446633828;0.8383579638752053;0.0012561576354680136;0.8341707717569786;0.8383579638752053;1.5779320051445912e-06;0.4995833333333334;0.5;0.0012500000000000122;0.4958333333333333;0.5;1.5625000000000306e-06;0.7221538461538461;0.7279326923076923;0.022731594450434853;0.684423076923077;0.7569551282051283;0.0005167253862590407;['1061_ar4', '1463_blogger', '1490_planning-relax', '15_breast-w', '1456_appendicitis', '1552_autoUniv-au7-1100', '1553_autoUniv-au7-700', '377_synthetic_control', '1455_acute-inflammations', '22_mfeat-zernike', '444_analcatdata_boxing2', '464_prnn_synth', '51_heart-h', '1066_kc1-binary', '1559_breast-tissue', '187_wine', '466_schizo', '61_iris', '1063_kc2', '1167_pc1_req', '1512_heart-long-beach', '455_cars', '49_heart-c', '1100_PopularKids', '333_monks-problems-1', '37_diabetes', '481_biomed', '56_vote', '1494_qsar-biodeg', '1531_volcanoes-b1', '1535_volcanoes-b5', '1551_autoUniv-au6-400', '164_molecular-biology_promoters', '1465_breast-tissue', '1529_volcanoes-a3', '1533_volcanoes-b3', '29_credit-a', '451_irish', '1048_jEdit_4.2_4.3', '1536_volcanoes-b6', '1549_autoUniv-au6-750', '1556_acute-inflammations', '335_monks-problems-3', '1073_jEdit_4.0_4.2', '1510_wdbc', '48_tae', '55_hepatitis']
classif_svm_ela_features_flacco_imputer_mean_SVM_RBF_0_95.csv;0.8367389162561578;0.8383579638752053;0.002685612203661045;0.8302627257799673;0.8383579638752053;7.2125129084531345e-06;0.49839743589743596;0.5;0.0026585181222215123;0.49198717948717946;0.5;7.067718606180195e-06;0.724698717948718;0.7353685897435898;0.022599041459427933;0.673846153846154;0.7465384615384616;0.0005107166748849426;['1061_ar4', '1463_blogger', '1490_planning-relax', '15_breast-w', '1456_appendicitis', '1552_autoUniv-au7-1100', '1553_autoUniv-au7-700', '377_synthetic_control', '1455_acute-inflammations', '22_mfeat-zernike', '444_analcatdata_boxing2', '464_prnn_synth', '51_heart-h', '1066_kc1-binary', '1559_breast-tissue', '187_wine', '466_schizo', '61_iris', '1063_kc2', '1167_pc1_req', '1512_heart-long-beach', '455_cars', '49_heart-c', '1100_PopularKids', '333_monks-problems-1', '37_diabetes', '481_biomed', '56_vote', '1494_qsar-biodeg', '1531_volcanoes-b1', '1535_volcanoes-b5', '1551_autoUniv-au6-400', '164_molecular-biology_promoters', '1465_breast-tissue', '1529_volcanoes-a3', '1533_volcanoes-b3', '29_credit-a', '451_irish', '1048_jEdit_4.2_4.3', '1536_volcanoes-b6', '1549_autoUniv-au6-750', '1556_acute-inflammations', '335_monks-problems-3', '1073_jEdit_4.0_4.2', '1510_wdbc', '48_tae', '55_hepatitis']
classif_svm_ela_features_flacco_imputer_mean_XGBoost_0_8.csv;0.8243258202511576;0.8257012617012618;0.010509852572992851;0.7984712002972871;0.8357709118578684;0.00011045700110604444;0.6366282051282051;0.6371153846153845;0.014865499330612956;0.611923076923077;0.6611538461538461;0.00022098307034845423;0.7489743589743589;0.7491826923076923;0.01899267134344264;0.7105128205128205;0.7758012820512821;0.00036072156476002736;['1463_blogger', '1490_planning-relax', '59_ionosphere', '1552_autoUniv-au7-1100', '377_synthetic_control', '53_heart-statlog', '1495_qualitative-bankruptcy', '22_mfeat-zernike', '1167_pc1_req', '455_cars', '1100_PopularKids', '333_monks-problems-1', '37_diabetes', '56_vote', '164_molecular-biology_promoters', '446_prnn_crabs', '1529_volcanoes-a3', '29_credit-a', '1510_wdbc']
classif_svm_ela_features_flacco_imputer_mean_XGBoost_0_85.csv;0.8312756906705931;0.8314819238732282;0.00670118162536667;0.8179298897559766;0.840509518744901;4.490583517615189e-05;0.6494166666666668;0.6495512820512821;0.00736735931217651;0.634102564102564;0.6619230769230768;5.427798323471393e-05;0.7724807692307694;0.7843269230769231;0.025600605962379574;0.7243269230769231;0.8081089743589743;0.0006553910256410246;['1061_ar4', '1490_planning-relax', '1552_autoUniv-au7-1100', '377_synthetic_control', '53_heart-statlog', '22_mfeat-zernike', '448_analcatdata_boxing1', '1167_pc1_req', '292_Australian', '455_cars', '1100_PopularKids', '333_monks-problems-1', '37_diabetes', '56_vote', '446_prnn_crabs', '1529_volcanoes-a3', '29_credit-a', '1549_autoUniv-au6-750', '1510_wdbc', '48_tae']
classif_svm_ela_features_flacco_imputer_mean_XGBoost_0_9.csv;0.8316621921806329;0.8337212755038843;0.010217646834141376;0.8116836545097416;0.8481525793879617;0.00010440030682723929;0.6452692307692308;0.6533974358974359;0.02015305097276461;0.6035897435897436;0.6666025641025641;0.0004061454635108486;0.7845384615384615;0.7897916666666667;0.020493461417754665;0.7465384615384616;0.8210576923076923;0.000419981960880999;['1490_planning-relax', '1552_autoUniv-au7-1100', '53_heart-statlog', '22_mfeat-zernike', '448_analcatdata_boxing1', '187_wine', '1167_pc1_req', '292_Australian', '455_cars', '1100_PopularKids', '333_monks-problems-1', '56_vote', '1494_qsar-biodeg', '164_molecular-biology_promoters', '446_prnn_crabs', '1529_volcanoes-a3', '29_credit-a', '451_irish', '1549_autoUniv-au6-750', '1510_wdbc']
classif_svm_ela_features_flacco_imputer_mean_XGBoost_0_95.csv;0.8336391035861801;0.835458070110244;0.008119264636845303;0.8201282051282052;0.8439436569871352;6.592245824312668e-05;0.6455576923076923;0.6434615384615385;0.0219053018733905;0.6171153846153847;0.6898076923076923;0.0004798422501643653;0.7845512820512821;0.7928205128205128;0.019774025408799557;0.754423076923077;0.8110576923076922;0.00039101208086785055;['1061_ar4', '1490_planning-relax', '15_breast-w', '1552_autoUniv-au7-1100', '377_synthetic_control', '53_heart-statlog', '22_mfeat-zernike', '448_analcatdata_boxing1', '187_wine', '1167_pc1_req', '292_Australian', '455_cars', '1100_PopularKids', '56_vote', '1494_qsar-biodeg', '446_prnn_crabs', '1529_volcanoes-a3', '1554_autoUniv-au7-500', '1549_autoUniv-au6-750']
classif_svm_ela_features_flacco_knn_imputer_DT_0_8.csv;0.7470046584103477;0.7403591012343873;0.0275473315925532;0.7103962607440868;0.8018982781336605;0.0007588554778700796;0.5834102564102565;0.5819871794871795;0.0348900051434306;0.535897435897436;0.6553846153846155;0.0012173124589086137;0.5834102564102565;0.5819871794871794;0.03489000514343059;0.535897435897436;0.6553846153846155;0.0012173124589086128;['1490_planning-relax', '22_mfeat-zernike', '455_cars', '164_molecular-biology_promoters', '1529_volcanoes-a3', '29_credit-a', '475_analcatdata_germangss']
classif_svm_ela_features_flacco_knn_imputer_DT_0_85.csv;0.7415972888198801;0.7337871750674954;0.02535407972453202;0.715727151736305;0.7996804235245014;0.0006428293586779256;0.5859679487179489;0.5914102564102566;0.04203736920015591;0.5239102564102565;0.6533974358974359;0.0017671404092702166;0.5859679487179489;0.5914102564102566;0.042037369200155925;0.5239102564102565;0.6533974358974359;0.0017671404092702181;['1490_planning-relax', '40496_LED-display-domain-7digit', '1552_autoUniv-au7-1100', '1555_autoUniv-au6-1000', '22_mfeat-zernike', '455_cars', '1529_volcanoes-a3', '29_credit-a']
classif_svm_ela_features_flacco_knn_imputer_DT_0_9.csv;0.7459324568642647;0.7522765197765198;0.02390192116140067;0.6970992534036013;0.7789645732689211;0.0005713018352058131;0.5816730769230769;0.579551282051282;0.030914380527606474;0.5399358974358974;0.637051282051282;0.0009556989234056543;0.5816730769230769;0.579551282051282;0.030914380527606467;0.5399358974358974;0.6370512820512821;0.000955698923405654;['1490_planning-relax', '1552_autoUniv-au7-1100', '22_mfeat-zernike', '455_cars', '164_molecular-biology_promoters', '1529_volcanoes-a3', '29_credit-a']
classif_svm_ela_features_flacco_knn_imputer_DT_0_95.csv;0.7361825532247928;0.7381604973958797;0.021636576959733363;0.6960439636641009;0.7638121390432603;0.00046814146253446466;0.585397435897436;0.591025641025641;0.03576148477841589;0.5294230769230769;0.6382051282051282;0.0012788837935568714;0.585397435897436;0.591025641025641;0.03576148477841589;0.5294230769230769;0.6382051282051282;0.0012788837935568714;['1462_banknote-authentication', '22_mfeat-zernike', '455_cars', '1054_mc2', '1529_volcanoes-a3', '29_credit-a', '452_analcatdata_broadwaymult']
classif_svm_ela_features_flacco_knn_imputer_KNN_0_8.csv;0.7875507889744771;0.7902877983530158;0.01816759661762026;0.7549924889924889;0.8188020995607201;0.00033006156686056715;0.6031794871794872;0.604647435897436;0.022174617814376765;0.5696153846153845;0.6407692307692308;0.0004917136752136753;0.6433814102564103;0.6539823717948717;0.02422127493412728;0.5852724358974359;0.6650160256410256;0.0005866701594345825;['1061_ar4', '1462_banknote-authentication', '1463_blogger', '1490_planning-relax', '1539_volcanoes-d2', '15_breast-w', '1456_appendicitis', '1552_autoUniv-au7-1100', '377_synthetic_control', '22_mfeat-zernike', '51_heart-h', '187_wine', '61_iris', '1063_kc2', '455_cars', '1100_PopularKids', '1540_volcanoes-d3', '481_biomed', '56_vote', '164_molecular-biology_promoters', '1465_breast-tissue', '1554_autoUniv-au7-500', '55_hepatitis']
classif_svm_ela_features_flacco_knn_imputer_KNN_0_85.csv;0.7793154545826211;0.7804366688062341;0.021474526852571167;0.7562190128711869;0.8287621958251643;0.0004611553035418001;0.6078461538461538;0.5974358974358974;0.02453115932396548;0.5811538461538462;0.6573076923076925;0.0006017777777777784;0.6448557692307693;0.6481810897435898;0.017158283472784034;0.604102564102564;0.674775641025641;0.0002944066917324137;['1061_ar4', '1462_banknote-authentication', '1463_blogger', '1490_planning-relax', '1539_volcanoes-d2', '15_breast-w', '1456_appendicitis', '377_synthetic_control', '22_mfeat-zernike', '1460_banana', '187_wine', '61_iris', '1063_kc2', '455_cars', '1100_PopularKids', '1540_volcanoes-d3', '481_biomed', '1494_qsar-biodeg', '164_molecular-biology_promoters', '1554_autoUniv-au7-500', '55_hepatitis']
classif_svm_ela_features_flacco_knn_imputer_KNN_0_9.csv;0.7589389986290482;0.7591876140509061;0.018784409926994015;0.7300509554857382;0.7967177991091035;0.00035285405630535127;0.5980256410256409;0.6007371794871794;0.031104157377754897;0.5399358974358974;0.6435897435897435;0.0009674686061801445;0.6565448717948719;0.6606730769230769;0.02356103477944828;0.6057692307692306;0.6890064102564103;0.0005551223598783714;['1061_ar4', '1463_blogger', '1490_planning-relax', '1539_volcanoes-d2', '1456_appendicitis', '377_synthetic_control', '1555_autoUniv-au6-1000', '22_mfeat-zernike', '51_heart-h', '1460_banana', '187_wine', '61_iris', '1063_kc2', '292_Australian', '455_cars', '1540_volcanoes-d3', '481_biomed', '164_molecular-biology_promoters', '1529_volcanoes-a3', '1554_autoUniv-au7-500', '55_hepatitis']
classif_svm_ela_features_flacco_knn_imputer_KNN_0_95.csv;0.7611546391907947;0.7632558461540155;0.013691509852387984;0.7347781493868452;0.7801407159668029;0.00018745744203803725;0.5798205128205128;0.5757371794871795;0.021502656441857188;0.546602564102564;0.6194230769230769;0.00046236423405654237;0.6545689102564103;0.6556009615384615;0.019860924769416383;0.619775641025641;0.6837179487179487;0.0003944563326964172;['1061_ar4', '1463_blogger', '1490_planning-relax', '1539_volcanoes-d2', '1552_autoUniv-au7-1100', '377_synthetic_control', '1495_qualitative-bankruptcy', '1555_autoUniv-au6-1000', '22_mfeat-zernike', '31_credit-g', '1066_kc1-binary', '1460_banana', '1498_sa-heart', '1559_breast-tissue', '187_wine', '61_iris', '1063_kc2', '292_Australian', '455_cars', '1100_PopularKids', '1540_volcanoes-d3', '481_biomed', '164_molecular-biology_promoters', '1529_volcanoes-a3', '1554_autoUniv-au7-500', '55_hepatitis']
classif_svm_ela_features_flacco_knn_imputer_LogisticRegression_0_8.csv;0.8296953572608745;0.833410704876222;0.01153736993707008;0.8063557183557183;0.8445160203780894;0.00013311090506480848;0.5684679487179486;0.5739743589743589;0.01833553980805029;0.5389102564102564;0.5916666666666666;0.0003361920200525969;0.6893782051282051;0.6919230769230769;0.01835986962435395;0.6555448717948718;0.7204166666666667;0.00033708481262327485;['1061_ar4', '1463_blogger', '15_breast-w', '1456_appendicitis', '1552_autoUniv-au7-1100', '1553_autoUniv-au7-700', '377_synthetic_control', '22_mfeat-zernike', '1559_breast-tissue', '187_wine', '61_iris', '1063_kc2', '1167_pc1_req', '1512_heart-long-beach', '455_cars', '1100_PopularKids', '37_diabetes', '481_biomed', '1494_qsar-biodeg', '1531_volcanoes-b1', '1535_volcanoes-b5', '1551_autoUniv-au6-400', '164_molecular-biology_promoters', '1465_breast-tissue', '1529_volcanoes-a3', '1533_volcanoes-b3', '1048_jEdit_4.2_4.3', '1115_teachingAssistant', '1536_volcanoes-b6', '1549_autoUniv-au6-750', '1510_wdbc', '48_tae', '55_hepatitis']
classif_svm_ela_features_flacco_knn_imputer_LogisticRegression_0_85.csv;0.826046270204891;0.827748866714384;0.011626673190415271;0.8019397639397638;0.8396930655551345;0.00013517952947672123;0.5667371794871794;0.5725641025641026;0.01774178908345085;0.5347435897435897;0.5946153846153845;0.00031477107988165585;0.7037307692307693;0.7082692307692309;0.015687288402485247;0.6723717948717949;0.7218269230769232;0.0002460910174227481;['1061_ar4', '1463_blogger', '15_breast-w', '1456_appendicitis', '1552_autoUniv-au7-1100', '1553_autoUniv-au7-700', '377_synthetic_control', '22_mfeat-zernike', '1559_breast-tissue', '187_wine', '61_iris', '1063_kc2', '1167_pc1_req', '1512_heart-long-beach', '455_cars', '1100_PopularKids', '37_diabetes', '481_biomed', '1494_qsar-biodeg', '1531_volcanoes-b1', '1535_volcanoes-b5', '1551_autoUniv-au6-400', '164_molecular-biology_promoters', '1465_breast-tissue', '1529_volcanoes-a3', '1533_volcanoes-b3', '1048_jEdit_4.2_4.3', '1115_teachingAssistant', '1536_volcanoes-b6', '1549_autoUniv-au6-750', '1510_wdbc', '55_hepatitis']
classif_svm_ela_features_flacco_knn_imputer_LogisticRegression_0_9.csv;0.8209642538260228;0.8219293988259506;0.010101977709226105;0.8084581762842632;0.8329274276170828;0.00010204995363770111;0.5763461538461538;0.574198717948718;0.009536427960780249;0.5594871794871794;0.5906410256410257;9.094345825115134e-05;0.746948717948718;0.7497916666666666;0.015521081451625953;0.718397435897436;0.7697115384615384;0.0002409039694280072;['1061_ar4', '1463_blogger', '15_breast-w', '1456_appendicitis', '1552_autoUniv-au7-1100', '1553_autoUniv-au7-700', '377_synthetic_control', '22_mfeat-zernike', '1559_breast-tissue', '187_wine', '329_hayes-roth', '61_iris', '1063_kc2', '1167_pc1_req', '1512_heart-long-beach', '292_Australian', '455_cars', '1100_PopularKids', '1496_ringnorm', '37_diabetes', '481_biomed', '1494_qsar-biodeg', '1531_volcanoes-b1', '1535_volcanoes-b5', '1551_autoUniv-au6-400', '164_molecular-biology_promoters', '1465_breast-tissue', '1529_volcanoes-a3', '1533_volcanoes-b3', '1048_jEdit_4.2_4.3', '1491_one-hundred-plants-margin', '1536_volcanoes-b6', '1549_autoUniv-au6-750', '1510_wdbc', '55_hepatitis']
classif_svm_ela_features_flacco_knn_imputer_LogisticRegression_0_95.csv;0.8161185352323284;0.819271265133334;0.01131236482421368;0.7886955636955636;0.8307354216664562;0.000127969597916107;0.5630064102564103;0.563974358974359;0.01355621317020752;0.5391025641025642;0.5867948717948719;0.00018377091551610781;0.7486826923076924;0.7490064102564102;0.02030128534040923;0.7150641025641026;0.7816666666666666;0.00041214218647271476;['1061_ar4', '1463_blogger', '15_breast-w', '1456_appendicitis', '1552_autoUniv-au7-1100', '377_synthetic_control', '22_mfeat-zernike', '187_wine', '329_hayes-roth', '61_iris', '1063_kc2', '1167_pc1_req', '1512_heart-long-beach', '292_Australian', '455_cars', '1100_PopularKids', '1496_ringnorm', '37_diabetes', '481_biomed', '1494_qsar-biodeg', '1531_volcanoes-b1', '1535_volcanoes-b5', '1551_autoUniv-au6-400', '164_molecular-biology_promoters', '1529_volcanoes-a3', '1533_volcanoes-b3', '1048_jEdit_4.2_4.3', '1115_teachingAssistant', '1536_volcanoes-b6', '1549_autoUniv-au6-750', '1510_wdbc', '48_tae', '55_hepatitis']
classif_svm_ela_features_flacco_knn_imputer_NB_0_8.csv;0.37501878006754163;0.3711862376529559;0.026008782638183667;0.3392688357394239;0.4139783281733746;0.0006764567743202841;0.5422499999999999;0.5416025641025641;0.011932221816933127;0.5223076923076923;0.5602564102564103;0.0001423779174884949;0.5661041666666666;0.563798076923077;0.011504621070987736;0.5493429487179488;0.5843589743589743;0.000132356305987015;['1049_pc4', '1068_pc1', '1464_blood-transfusion-service-center', '1487_ozone-level-8hr', '1490_planning-relax', '3_kr-vs-kp', '59_ionosphere', '1056_mc1', '1067_kc1', '1523_vertebra-column', '23_cmc', '377_synthetic_control', '40_sonar', '44_spambase', '53_heart-statlog', '1050_pc3', '13_breast-cancer', '1495_qualitative-bankruptcy', '310_mammography', '31_credit-g', '338_grub-damage', '448_analcatdata_boxing1', '1037_ada_prior', '1498_sa-heart', '307_vowel', '311_oil_spill', '329_hayes-roth', '4534_PhishingWebsites', '461_analcatdata_creditscore', '1075_datatrieve', '1442_MegaWatt1', '1446_CostaMadre1', '1451_PieChart1', '1528_volcanoes-a2', '292_Australian', '38_sick', '40474_thyroid-allbp', '1496_ringnorm', '185_baseball', '188_eucalyptus', '40475_thyroid-allhyper', '60_waveform-5000', '1054_mc2', '1065_kc3', '1473_fertility', '1475_first-order-theorem-proving', '1511_wholesale-customers', '164_molecular-biology_promoters', '446_prnn_crabs', '1447_CastMetal1', '1466_cardiotocography', '1480_ilpd', '1488_parkinsons', '1508_user-knowledge', '1529_volcanoes-a3', '1554_autoUniv-au7-500', '23380_cjs', '452_analcatdata_broadwaymult', '1115_teachingAssistant', '1452_PieChart2', '1600_SPECTF', '21_car', '694_diggle_table_a2', '1443_PizzaCutter1', '1497_wall-robot-navigation', '1507_twonorm', '1558_bank-marketing', '463_backache']
classif_svm_ela_features_flacco_knn_imputer_NB_0_85.csv;0.41235746125219813;0.4091433239962652;0.033698161529856614;0.3708823529411765;0.4599159663865546;0.001135566090492308;0.5645064102564104;0.5636858974358976;0.020592314915917495;0.5287820512820512;0.5916666666666667;0.0004240434335963181;0.6084983974358974;0.6056570512820512;0.024397428792004152;0.5711217948717948;0.6517307692307692;0.0005952345316609131;['1049_pc4', '1464_blood-transfusion-service-center', '1487_ozone-level-8hr', '3_kr-vs-kp', '59_ionosphere', '1067_kc1', '1523_vertebra-column', '23_cmc', '377_synthetic_control', '40_sonar', '53_heart-statlog', '13_breast-cancer', '1495_qualitative-bankruptcy', '310_mammography', '31_credit-g', '338_grub-damage', '448_analcatdata_boxing1', '1037_ada_prior', '1498_sa-heart', '307_vowel', '311_oil_spill', '329_hayes-roth', '4534_PhishingWebsites', '461_analcatdata_creditscore', '1442_MegaWatt1', '1446_CostaMadre1', '1528_volcanoes-a2', '292_Australian', '38_sick', '40474_thyroid-allbp', '1496_ringnorm', '185_baseball', '188_eucalyptus', '40475_thyroid-allhyper', '60_waveform-5000', '1054_mc2', '1065_kc3', '1473_fertility', '1475_first-order-theorem-proving', '1511_wholesale-customers', '164_molecular-biology_promoters', '446_prnn_crabs', '50_tic-tac-toe', '1447_CastMetal1', '1480_ilpd', '1488_parkinsons', '1508_user-knowledge', '1529_volcanoes-a3', '1554_autoUniv-au7-500', '23380_cjs', '452_analcatdata_broadwaymult', '1115_teachingAssistant', '1600_SPECTF', '21_car', '694_diggle_table_a2', '1443_PizzaCutter1', '1497_wall-robot-navigation', '1507_twonorm', '1558_bank-marketing', '463_backache']
classif_svm_ela_features_flacco_knn_imputer_NB_0_9.csv;0.5359573922697155;0.5305271701982228;0.026163536911316423;0.5081672318050027;0.5989169000933706;0.0006845306637098168;0.6146794871794873;0.6156730769230769;0.020178485297515234;0.5898076923076923;0.665448717948718;0.0004071712689020385;0.6679246794871795;0.6665384615384615;0.015137473478896487;0.639775641025641;0.6921153846153847;0.0002291431033242945;['1464_blood-transfusion-service-center', '1490_planning-relax', '3_kr-vs-kp', '59_ionosphere', '1067_kc1', '1523_vertebra-column', '23_cmc', '377_synthetic_control', '40_sonar', '4550_MiceProtein', '53_heart-statlog', '54_vehicle', '1495_qualitative-bankruptcy', '310_mammography', '31_credit-g', '338_grub-damage', '448_analcatdata_boxing1', '1498_sa-heart', '307_vowel', '311_oil_spill', '329_hayes-roth', '461_analcatdata_creditscore', '1075_datatrieve', '1442_MegaWatt1', '1446_CostaMadre1', '1528_volcanoes-a2', '292_Australian', '1496_ringnorm', '1520_robot-failures-lp5', '185_baseball', '60_waveform-5000', '1054_mc2', '1065_kc3', '1473_fertility', '1511_wholesale-customers', '164_molecular-biology_promoters', '446_prnn_crabs', '50_tic-tac-toe', '1447_CastMetal1', '1480_ilpd', '1488_parkinsons', '1508_user-knowledge', '1529_volcanoes-a3', '1554_autoUniv-au7-500', '452_analcatdata_broadwaymult', '1115_teachingAssistant', '11_balance-scale', '1600_SPECTF', '21_car', '335_monks-problems-3', '694_diggle_table_a2', '1497_wall-robot-navigation', '1507_twonorm', '1558_bank-marketing', '463_backache']
classif_svm_ela_features_flacco_knn_imputer_NB_0_95.csv;0.552987565062777;0.5553303546298902;0.02320830562079745;0.5146611627106983;0.5906349206349206;0.0005386254497883386;0.6250641025641025;0.6260576923076924;0.017273351496636797;0.5837820512820513;0.6460256410256411;0.00029836867192636473;0.6709935897435897;0.676073717948718;0.015492258305033329;0.6425961538461539;0.6914423076923076;0.00024001006738987412;['1064_ar6', '1464_blood-transfusion-service-center', '1490_planning-relax', '3_kr-vs-kp', '59_ionosphere', '1067_kc1', '1523_vertebra-column', '23_cmc', '377_synthetic_control', '40_sonar', '4550_MiceProtein', '53_heart-statlog', '54_vehicle', '1495_qualitative-bankruptcy', '31_credit-g', '338_grub-damage', '448_analcatdata_boxing1', '1498_sa-heart', '311_oil_spill', '329_hayes-roth', '450_analcatdata_lawsuit', '461_analcatdata_creditscore', '1442_MegaWatt1', '1446_CostaMadre1', '1528_volcanoes-a2', '292_Australian', '38_sick', '40474_thyroid-allbp', '1496_ringnorm', '1520_robot-failures-lp5', '185_baseball', '60_waveform-5000', '1054_mc2', '1065_kc3', '1473_fertility', '1511_wholesale-customers', '164_molecular-biology_promoters', '446_prnn_crabs', '50_tic-tac-toe', '1447_CastMetal1', '1480_ilpd', '1488_parkinsons', '1508_user-knowledge', '1529_volcanoes-a3', '1554_autoUniv-au7-500', '452_analcatdata_broadwaymult', '458_analcatdata_authorship', '11_balance-scale', '1600_SPECTF', '21_car', '335_monks-problems-3', '694_diggle_table_a2', '1443_PizzaCutter1', '1497_wall-robot-navigation', '1507_twonorm', '1558_bank-marketing', '463_backache']
classif_svm_ela_features_flacco_knn_imputer_RF_0_8.csv;0.8309487792123473;0.8297277167277168;0.005261312804583851;0.8221802029388237;0.8427405784287343;2.768141242767799e-05;0.5861666666666666;0.5787179487179487;0.017682289991844586;0.5642948717948718;0.6298076923076923;0.0003126633793556872;0.7376923076923078;0.7527403846153846;0.028481219914542135;0.6683012820512821;0.7661217948717949;0.0008111798878205114;['1061_ar4', '1463_blogger', '1490_planning-relax', '15_breast-w', '1456_appendicitis', '1552_autoUniv-au7-1100', '377_synthetic_control', '22_mfeat-zernike', '448_analcatdata_boxing1', '1066_kc1-binary', '187_wine', '1063_kc2', '1167_pc1_req', '455_cars', '1100_PopularKids', '37_diabetes', '1494_qsar-biodeg', '446_prnn_crabs', '1529_volcanoes-a3', '29_credit-a', '451_irish', '1549_autoUniv-au6-750', '48_tae', '55_hepatitis']
classif_svm_ela_features_flacco_knn_imputer_RF_0_85.csv;0.840623240760572;0.8394598823909167;0.007950963024167814;0.8276267806267805;0.8519755519065864;6.321781301168379e-05;0.5999551282051281;0.6007371794871795;0.019514152427671908;0.5701282051282052;0.6239743589743589;0.00038080214497041346;0.7457724358974358;0.747459935897436;0.025021643532202226;0.6975961538461537;0.7904807692307692;0.0006260826450525975;['1061_ar4', '1490_planning-relax', '15_breast-w', '1456_appendicitis', '1552_autoUniv-au7-1100', '1553_autoUniv-au7-700', '377_synthetic_control', '22_mfeat-zernike', '448_analcatdata_boxing1', '1066_kc1-binary', '187_wine', '1063_kc2', '1167_pc1_req', '455_cars', '1100_PopularKids', '333_monks-problems-1', '37_diabetes', '1494_qsar-biodeg', '1551_autoUniv-au6-400', '446_prnn_crabs', '1529_volcanoes-a3', '29_credit-a', '1549_autoUniv-au6-750', '335_monks-problems-3', '1510_wdbc', '48_tae', '55_hepatitis']
classif_svm_ela_features_flacco_knn_imputer_RF_0_9.csv;0.8298576884939702;0.8292474141439659;0.011801578036230356;0.8054874882461089;0.8452169031479377;0.00013927724414523472;0.5930641025641025;0.5946474358974358;0.02733137891699341;0.531474358974359;0.6387820512820512;0.000747004273504272;0.7498621794871794;0.7559535256410257;0.02599465105013485;0.6920512820512821;0.7846634615384616;0.000675721883218277;['1061_ar4', '1463_blogger', '1490_planning-relax', '1456_appendicitis', '1552_autoUniv-au7-1100', '377_synthetic_control', '22_mfeat-zernike', '448_analcatdata_boxing1', '1066_kc1-binary', '187_wine', '1063_kc2', '1167_pc1_req', '292_Australian', '455_cars', '1100_PopularKids', '333_monks-problems-1', '37_diabetes', '56_vote', '1494_qsar-biodeg', '1529_volcanoes-a3', '29_credit-a', '451_irish', '1549_autoUniv-au6-750', '1510_wdbc', '55_hepatitis']
classif_svm_ela_features_flacco_knn_imputer_RF_0_95.csv;0.8349822522804533;0.8351155161125177;0.008936116473139423;0.823518472753855;0.8490288689599035;7.985417762151374e-05;0.5961153846153845;0.5907051282051281;0.017519740908444225;0.5701282051282051;0.6278205128205128;0.00030694132149901407;0.7511314102564103;0.7616666666666667;0.022190808998929185;0.7019551282051282;0.7678205128205129;0.0004924320040269565;['1061_ar4', '1463_blogger', '1490_planning-relax', '15_breast-w', '1456_appendicitis', '1552_autoUniv-au7-1100', '22_mfeat-zernike', '448_analcatdata_boxing1', '1066_kc1-binary', '187_wine', '1063_kc2', '1167_pc1_req', '1512_heart-long-beach', '455_cars', '1100_PopularKids', '37_diabetes', '56_vote', '1494_qsar-biodeg', '1529_volcanoes-a3', '1554_autoUniv-au7-500', '29_credit-a', '1549_autoUniv-au6-750', '1510_wdbc', '55_hepatitis']
classif_svm_ela_features_flacco_knn_imputer_SVM_LIN_0_8.csv;0.8072662591170838;0.8052699727669742;0.014503221745803393;0.7896674525984871;0.8374878311759872;0.00021034344100794443;0.5425448717948718;0.5380448717948718;0.023237865595529598;0.5146153846153846;0.6034615384615385;0.0005399983974358982;0.6738974358974359;0.6721153846153847;0.025869773719684776;0.6397115384615384;0.7256410256410256;0.000669245192307693;['1061_ar4', '15_breast-w', '1456_appendicitis', '1552_autoUniv-au7-1100', '1553_autoUniv-au7-700', '377_synthetic_control', '1495_qualitative-bankruptcy', '22_mfeat-zernike', '448_analcatdata_boxing1', '1559_breast-tissue', '187_wine', '61_iris', '1063_kc2', '1167_pc1_req', '1512_heart-long-beach', '455_cars', '1100_PopularKids', '37_diabetes', '481_biomed', '1494_qsar-biodeg', '1531_volcanoes-b1', '1551_autoUniv-au6-400', '164_molecular-biology_promoters', '1465_breast-tissue', '1529_volcanoes-a3', '1533_volcanoes-b3', '29_credit-a', '1048_jEdit_4.2_4.3', '1536_volcanoes-b6', '1549_autoUniv-au6-750', '1510_wdbc', '48_tae', '55_hepatitis']
classif_svm_ela_features_flacco_knn_imputer_SVM_LIN_0_85.csv;0.8040521896560877;0.8071647982480067;0.015603964061090912;0.7744574684574684;0.8241278408414839;0.00024348369441981677;0.5580448717948718;0.5664423076923077;0.020902120168721297;0.5266025641025641;0.5821153846153846;0.00043689862754766565;0.6841185897435897;0.6779326923076923;0.027924085129605324;0.6411217948717949;0.7377243589743591;0.0007797545303254451;['1061_ar4', '15_breast-w', '1456_appendicitis', '1552_autoUniv-au7-1100', '1553_autoUniv-au7-700', '377_synthetic_control', '22_mfeat-zernike', '448_analcatdata_boxing1', '187_wine', '61_iris', '1063_kc2', '1167_pc1_req', '1512_heart-long-beach', '455_cars', '1100_PopularKids', '37_diabetes', '481_biomed', '1494_qsar-biodeg', '1551_autoUniv-au6-400', '164_molecular-biology_promoters', '1529_volcanoes-a3', '1048_jEdit_4.2_4.3', '1491_one-hundred-plants-margin', '1549_autoUniv-au6-750', '1510_wdbc', '55_hepatitis']
classif_svm_ela_features_flacco_knn_imputer_SVM_LIN_0_9.csv;0.805582712301303;0.8063231583231583;0.01111295830370167;0.7828585858585859;0.8238068285204717;0.00012349784225981192;0.6031987179487179;0.6010897435897437;0.018101216854421186;0.571474358974359;0.6285897435897436;0.0003276540516107816;0.7436923076923077;0.7491666666666666;0.0254296002919023;0.7017948717948718;0.7819551282051282;0.0006466645710059176;['1061_ar4', '1463_blogger', '15_breast-w', '1456_appendicitis', '1552_autoUniv-au7-1100', '377_synthetic_control', '22_mfeat-zernike', '187_wine', '329_hayes-roth', '61_iris', '1063_kc2', '1167_pc1_req', '1512_heart-long-beach', '292_Australian', '455_cars', '1100_PopularKids', '1496_ringnorm', '37_diabetes', '481_biomed', '1494_qsar-biodeg', '1551_autoUniv-au6-400', '446_prnn_crabs', '1529_volcanoes-a3', '1048_jEdit_4.2_4.3', '1491_one-hundred-plants-margin', '1549_autoUniv-au6-750', '1510_wdbc', '55_hepatitis']
classif_svm_ela_features_flacco_knn_imputer_SVM_LIN_0_95.csv;0.7928671778385422;0.7948792286618374;0.013517681836657651;0.7688966218966219;0.8129632637893508;0.00018272772223710418;0.5913141025641026;0.599423076923077;0.027653897418018887;0.5302564102564102;0.6207692307692307;0.0007647380424063117;0.730801282051282;0.7388141025641024;0.02927088312552356;0.6757051282051282;0.7773397435897436;0.0008567845989480601;['1061_ar4', '15_breast-w', '59_ionosphere', '1456_appendicitis', '1552_autoUniv-au7-1100', '377_synthetic_control', '22_mfeat-zernike', '187_wine', '329_hayes-roth', '61_iris', '1063_kc2', '1167_pc1_req', '1512_heart-long-beach', '292_Australian', '455_cars', '1100_PopularKids', '1496_ringnorm', '333_monks-problems-1', '37_diabetes', '1494_qsar-biodeg', '1551_autoUniv-au6-400', '446_prnn_crabs', '1529_volcanoes-a3', '1048_jEdit_4.2_4.3', '1115_teachingAssistant', '1491_one-hundred-plants-margin', '1510_wdbc', '55_hepatitis']
classif_svm_ela_features_flacco_knn_imputer_SVM_RBF_0_8.csv;0.8383579638752053;0.8383579638752053;0.0;0.8383579638752053;0.8383579638752053;0.0;0.5;0.5;0.0;0.5;0.5;0.0;0.698176282051282;0.7007051282051282;0.022400188845313782;0.6596474358974359;0.7371153846153847;0.0005017684603057201;['1061_ar4', '1463_blogger', '1490_planning-relax', '15_breast-w', '1456_appendicitis', '1552_autoUniv-au7-1100', '1553_autoUniv-au7-700', '377_synthetic_control', '1455_acute-inflammations', '22_mfeat-zernike', '444_analcatdata_boxing2', '464_prnn_synth', '51_heart-h', '1066_kc1-binary', '1559_breast-tissue', '187_wine', '466_schizo', '61_iris', '1063_kc2', '1167_pc1_req', '1512_heart-long-beach', '455_cars', '49_heart-c', '1100_PopularKids', '333_monks-problems-1', '37_diabetes', '481_biomed', '56_vote', '1494_qsar-biodeg', '1531_volcanoes-b1', '1535_volcanoes-b5', '1551_autoUniv-au6-400', '164_molecular-biology_promoters', '1465_breast-tissue', '1529_volcanoes-a3', '1533_volcanoes-b3', '29_credit-a', '451_irish', '1048_jEdit_4.2_4.3', '1536_volcanoes-b6', '1549_autoUniv-au6-750', '1556_acute-inflammations', '335_monks-problems-3', '1073_jEdit_4.0_4.2', '1510_wdbc', '48_tae', '55_hepatitis']
classif_svm_ela_features_flacco_knn_imputer_SVM_RBF_0_85.csv;0.8375484400656816;0.8383579638752053;0.002428571428571413;0.8302627257799673;0.8383579638752053;5.897959183673395e-06;0.49919871794871795;0.5;0.0024038461538461622;0.49198717948717946;0.5;5.778476331360986e-06;0.699073717948718;0.7000641025641026;0.02173536583447768;0.65375;0.7382051282051283;0.0004724261279585797;['1061_ar4', '1463_blogger', '1490_planning-relax', '15_breast-w', '1456_appendicitis', '1552_autoUniv-au7-1100', '1553_autoUniv-au7-700', '377_synthetic_control', '1455_acute-inflammations', '22_mfeat-zernike', '444_analcatdata_boxing2', '464_prnn_synth', '51_heart-h', '1066_kc1-binary', '1559_breast-tissue', '187_wine', '466_schizo', '61_iris', '1063_kc2', '1167_pc1_req', '1512_heart-long-beach', '455_cars', '49_heart-c', '1100_PopularKids', '333_monks-problems-1', '37_diabetes', '481_biomed', '56_vote', '1494_qsar-biodeg', '1531_volcanoes-b1', '1535_volcanoes-b5', '1551_autoUniv-au6-400', '164_molecular-biology_promoters', '1465_breast-tissue', '1529_volcanoes-a3', '1533_volcanoes-b3', '29_credit-a', '451_irish', '1048_jEdit_4.2_4.3', '1536_volcanoes-b6', '1549_autoUniv-au6-750', '1556_acute-inflammations', '335_monks-problems-3', '1073_jEdit_4.0_4.2', '1510_wdbc', '48_tae', '55_hepatitis']
classif_svm_ela_features_flacco_knn_imputer_SVM_RBF_0_9.csv;0.8382348111658458;0.8383579638752053;0.0016160713992437704;0.8341707717569786;0.8413136288998357;2.611686767453718e-06;0.5005833333333334;0.5;0.003375771516754857;0.4958333333333333;0.51;1.1395833333333388e-05;0.7343685897435898;0.741698717948718;0.025495436231911955;0.6844230769230769;0.773974358974359;0.0006500172686554888;['1061_ar4', '1463_blogger', '1490_planning-relax', '15_breast-w', '1456_appendicitis', '1552_autoUniv-au7-1100', '1553_autoUniv-au7-700', '377_synthetic_control', '22_mfeat-zernike', '444_analcatdata_boxing2', '464_prnn_synth', '51_heart-h', '1066_kc1-binary', '1559_breast-tissue', '187_wine', '466_schizo', '61_iris', '1063_kc2', '1167_pc1_req', '1512_heart-long-beach', '455_cars', '49_heart-c', '1100_PopularKids', '333_monks-problems-1', '37_diabetes', '481_biomed', '56_vote', '1494_qsar-biodeg', '1531_volcanoes-b1', '1535_volcanoes-b5', '1551_autoUniv-au6-400', '164_molecular-biology_promoters', '1465_breast-tissue', '1529_volcanoes-a3', '1533_volcanoes-b3', '29_credit-a', '451_irish', '1048_jEdit_4.2_4.3', '1536_volcanoes-b6', '1549_autoUniv-au6-750', '1556_acute-inflammations', '335_monks-problems-3', '1073_jEdit_4.0_4.2', '1510_wdbc', '48_tae', '55_hepatitis']
classif_svm_ela_features_flacco_knn_imputer_SVM_RBF_0_95.csv;0.8367389162561578;0.8383579638752053;0.002685612203661045;0.8302627257799673;0.8383579638752053;7.2125129084531345e-06;0.49839743589743596;0.5;0.0026585181222215123;0.49198717948717946;0.5;7.067718606180195e-06;0.7364807692307693;0.7470352564102563;0.02705238635490531;0.6825961538461539;0.770801282051282;0.000731831607495067;['1061_ar4', '1463_blogger', '1490_planning-relax', '15_breast-w', '1456_appendicitis', '1552_autoUniv-au7-1100', '1553_autoUniv-au7-700', '377_synthetic_control', '1455_acute-inflammations', '22_mfeat-zernike', '444_analcatdata_boxing2', '464_prnn_synth', '51_heart-h', '1066_kc1-binary', '1559_breast-tissue', '187_wine', '466_schizo', '61_iris', '1063_kc2', '1167_pc1_req', '1512_heart-long-beach', '455_cars', '49_heart-c', '1100_PopularKids', '333_monks-problems-1', '37_diabetes', '481_biomed', '56_vote', '1494_qsar-biodeg', '1531_volcanoes-b1', '1535_volcanoes-b5', '1551_autoUniv-au6-400', '164_molecular-biology_promoters', '1465_breast-tissue', '1529_volcanoes-a3', '1533_volcanoes-b3', '29_credit-a', '451_irish', '1048_jEdit_4.2_4.3', '1536_volcanoes-b6', '1549_autoUniv-au6-750', '1556_acute-inflammations', '335_monks-problems-3', '1073_jEdit_4.0_4.2', '1510_wdbc', '48_tae', '55_hepatitis']
classif_svm_ela_features_flacco_knn_imputer_XGBoost_0_8.csv;0.8150236979856171;0.8145846050501222;0.014316954178116851;0.7901916601916603;0.8401208333562158;0.00020497517693829755;0.6182948717948717;0.6169551282051282;0.023138844985684408;0.5821153846153846;0.6607692307692308;0.0005354061472715324;0.7439326923076923;0.7413621794871794;0.02866769960669404;0.6986217948717949;0.7887500000000001;0.0008218370007396457;['1061_ar4', '1490_planning-relax', '59_ionosphere', '1552_autoUniv-au7-1100', '377_synthetic_control', '53_heart-statlog', '1495_qualitative-bankruptcy', '22_mfeat-zernike', '448_analcatdata_boxing1', '187_wine', '1167_pc1_req', '455_cars', '1100_PopularKids', '333_monks-problems-1', '37_diabetes', '56_vote', '1511_wholesale-customers', '164_molecular-biology_promoters', '446_prnn_crabs', '1529_volcanoes-a3', '29_credit-a', '1510_wdbc']
classif_svm_ela_features_flacco_knn_imputer_XGBoost_0_85.csv;0.8218626694811103;0.8228372263807047;0.014884659787115556;0.7888070448070448;0.8420675620675621;0.0002215530969781749;0.6332500000000001;0.6321153846153846;0.024957772522206732;0.5769230769230769;0.6709615384615385;0.0006228904092702174;0.7426987179487179;0.7433493589743589;0.028866171117364867;0.694775641025641;0.7845833333333333;0.0008332558349769898;['1061_ar4', '1490_planning-relax', '59_ionosphere', '1552_autoUniv-au7-1100', '377_synthetic_control', '1495_qualitative-bankruptcy', '22_mfeat-zernike', '448_analcatdata_boxing1', '187_wine', '1063_kc2', '1167_pc1_req', '455_cars', '1100_PopularKids', '333_monks-problems-1', '37_diabetes', '56_vote', '164_molecular-biology_promoters', '446_prnn_crabs', '1529_volcanoes-a3', '29_credit-a', '1510_wdbc']
classif_svm_ela_features_flacco_knn_imputer_XGBoost_0_9.csv;0.8254437212795533;0.8269273769708552;0.010295248057549158;0.8046005202526942;0.8468099558279469;0.0001059921325664697;0.6318205128205129;0.6332051282051283;0.020190887210923512;0.6052564102564102;0.6771153846153847;0.0004076719263642347;0.7670705128205129;0.760897435897436;0.022694495041616393;0.742275641025641;0.8037179487179487;0.000515040105193951;['1061_ar4', '1463_blogger', '1490_planning-relax', '15_breast-w', '59_ionosphere', '1552_autoUniv-au7-1100', '53_heart-statlog', '22_mfeat-zernike', '448_analcatdata_boxing1', '187_wine', '329_hayes-roth', '1063_kc2', '1167_pc1_req', '292_Australian', '455_cars', '1100_PopularKids', '333_monks-problems-1', '56_vote', '1494_qsar-biodeg', '1511_wholesale-customers', '164_molecular-biology_promoters', '1529_volcanoes-a3', '29_credit-a', '451_irish', '1115_teachingAssistant', '1549_autoUniv-au6-750', '1510_wdbc']
classif_svm_ela_features_flacco_knn_imputer_XGBoost_0_95.csv;0.8305125179335076;0.8288378368813152;0.01281402470144138;0.8100635274548319;0.8580160975123494;0.0001641992290491498;0.6315192307692308;0.6200320512820514;0.03344242564966446;0.5814102564102563;0.7074358974358975;0.0011183958333333354;0.7752564102564103;0.7711538461538462;0.018208417678617063;0.7487179487179487;0.800897435897436;0.00033154647435897436;['1061_ar4', '1490_planning-relax', '59_ionosphere', '1552_autoUniv-au7-1100', '377_synthetic_control', '53_heart-statlog', '22_mfeat-zernike', '448_analcatdata_boxing1', '1167_pc1_req', '292_Australian', '455_cars', '1100_PopularKids', '333_monks-problems-1', '37_diabetes', '56_vote', '1494_qsar-biodeg', '446_prnn_crabs', '1529_volcanoes-a3', '29_credit-a', '1115_teachingAssistant', '1549_autoUniv-au6-750', '335_monks-problems-3', '1510_wdbc']
classif_svm_ela_features_flacco_remove_missing_values_DT_0_8.csv;0.7585619763489329;0.7510574892096631;0.03322901738924775;0.7131500624978886;0.816470804557761;0.0011041675966549295;0.6044230769230768;0.5839423076923076;0.05138947882455419;0.538076923076923;0.7027564102564102;0.0026408785338593033;0.6044230769230768;0.5839423076923076;0.05138947882455418;0.538076923076923;0.7027564102564102;0.002640878533859302;['22_mfeat-zernike', '455_cars', '1529_volcanoes-a3']
classif_svm_ela_features_flacco_remove_missing_values_DT_0_85.csv;0.7675615756343983;0.7752067246254889;0.029960888963087205;0.7040634920634921;0.8159482755569712;0.0008976548674584407;0.6176153846153846;0.6240705128205128;0.03649671254097404;0.551923076923077;0.6701282051282053;0.0013320100262984914;0.6176153846153846;0.6240705128205128;0.03649671254097403;0.551923076923077;0.6701282051282053;0.0013320100262984912;['1490_planning-relax', '53_heart-statlog', '22_mfeat-zernike', '1167_pc1_req', '455_cars', '1100_PopularKids', '1529_volcanoes-a3', '475_analcatdata_germangss']
classif_svm_ela_features_flacco_remove_missing_values_DT_0_9.csv;0.7573954529027439;0.7618968165489906;0.022251822405651385;0.7065422548466026;0.7809892571196919;0.000495143600372649;0.5943846153846153;0.5957371794871795;0.015209667675380985;0.5634615384615385;0.6164102564102565;0.00023133399079552924;0.5943846153846153;0.5957371794871795;0.01520966767538098;0.5634615384615385;0.6164102564102564;0.00023133399079552905;['1490_planning-relax', '22_mfeat-zernike', '1167_pc1_req', '455_cars', '1100_PopularKids', '1529_volcanoes-a3']
classif_svm_ela_features_flacco_remove_missing_values_DT_0_95.csv;0.7686375410459763;0.7707665563100347;0.019458483134089023;0.7351180703354616;0.8094247592802789;0.00037863256587962696;0.6175576923076923;0.6140064102564102;0.023586267337231497;0.5805128205128206;0.6571153846153845;0.0005563120069033533;0.6175576923076923;0.6140064102564102;0.02358626733723149;0.5805128205128206;0.6571153846153845;0.0005563120069033531;['1490_planning-relax', '22_mfeat-zernike', '1167_pc1_req', '455_cars', '1100_PopularKids', '1054_mc2', '1529_volcanoes-a3']
classif_svm_ela_features_flacco_remove_missing_values_KNN_0_8.csv;0.7896480147760507;0.7894432845737194;0.009204604786111696;0.7713180747288694;0.8000298976385933;8.472474926851034e-05;0.6350641025641026;0.6293269230769232;0.014759578844020571;0.614423076923077;0.6592307692307692;0.00021784516765285963;0.6728205128205129;0.670176282051282;0.025142744599899552;0.6351602564102564;0.7143108974358974;0.0006321576060157781;['1061_ar4', '1462_banknote-authentication', '1463_blogger', '1490_planning-relax', '1539_volcanoes-d2', '15_breast-w', '1456_appendicitis', '377_synthetic_control', '1555_autoUniv-au6-1000', '22_mfeat-zernike', '187_wine', '61_iris', '1063_kc2', '455_cars', '6332_cylinder-bands', '1540_volcanoes-d3', '481_biomed', '164_molecular-biology_promoters', '446_prnn_crabs', '1529_volcanoes-a3', '1554_autoUniv-au7-500', '48_tae', '55_hepatitis']
classif_svm_ela_features_flacco_remove_missing_values_KNN_0_85.csv;0.7810562072233421;0.7812863078950036;0.014806879085124014;0.7542230296335086;0.8010423071292637;0.00021924366824148297;0.6323076923076922;0.6392628205128206;0.01779988660587804;0.6074358974358975;0.6528846153846154;0.0003168359631821164;0.6615608974358974;0.6599599358974358;0.020546848278862842;0.624951923076923;0.7002403846153846;0.000422172974194609;['1061_ar4', '1463_blogger', '1490_planning-relax', '1539_volcanoes-d2', '15_breast-w', '3_kr-vs-kp', '1456_appendicitis', '377_synthetic_control', '1555_autoUniv-au6-1000', '22_mfeat-zernike', '187_wine', '61_iris', '1063_kc2', '455_cars', '6332_cylinder-bands', '1540_volcanoes-d3', '37_diabetes', '481_biomed', '1494_qsar-biodeg', '164_molecular-biology_promoters', '446_prnn_crabs', '1529_volcanoes-a3', '1554_autoUniv-au7-500', '29_credit-a', '48_tae', '55_hepatitis']
classif_svm_ela_features_flacco_remove_missing_values_KNN_0_9.csv;0.7855927312622965;0.7844603222864093;0.010257423841083291;0.774002664002664;0.8091998018084974;0.00010521474385562389;0.6344743589743589;0.634423076923077;0.017385905897188015;0.6099358974358975;0.6695512820512821;0.00030226972386587705;0.682338141025641;0.6798477564102564;0.020902936552383854;0.6564262820512821;0.7291025641025641;0.000436932756512985;['1061_ar4', '1462_banknote-authentication', '1490_planning-relax', '1539_volcanoes-d2', '15_breast-w', '1456_appendicitis', '377_synthetic_control', '1555_autoUniv-au6-1000', '22_mfeat-zernike', '1460_banana', '187_wine', '61_iris', '1063_kc2', '455_cars', '6332_cylinder-bands', '1540_volcanoes-d3', '25_colic', '481_biomed', '1494_qsar-biodeg', '164_molecular-biology_promoters', '446_prnn_crabs', '1488_parkinsons', '1529_volcanoes-a3', '1554_autoUniv-au7-500', '29_credit-a', '48_tae', '55_hepatitis']
classif_svm_ela_features_flacco_remove_missing_values_KNN_0_95.csv;0.7867488392444915;0.7869531820836169;0.009755140538156643;0.7727703455964325;0.8007130277130278;9.516276691918709e-05;0.6292948717948719;0.6284294871794871;0.013016546138387916;0.6095512820512821;0.650897435897436;0.00016943047337278136;0.6802227564102565;0.674775641025641;0.015170668569631507;0.6564102564102564;0.7081410256410257;0.00023014918484960526;['1061_ar4', '1462_banknote-authentication', '1490_planning-relax', '1539_volcanoes-d2', '15_breast-w', '1456_appendicitis', '1523_vertebra-column', '377_synthetic_control', '1555_autoUniv-au6-1000', '22_mfeat-zernike', '338_grub-damage', '187_wine', '61_iris', '1063_kc2', '455_cars', '1540_volcanoes-d3', '481_biomed', '1054_mc2', '1494_qsar-biodeg', '446_prnn_crabs', '1488_parkinsons', '1529_volcanoes-a3', '1554_autoUniv-au7-500', '29_credit-a', '48_tae', '55_hepatitis']
classif_svm_ela_features_flacco_remove_missing_values_LogisticRegression_0_8.csv;0.8315632562839459;0.8310153888257337;0.007276764001885426;0.8205331705331705;0.8447488526798871;5.295129433913559e-05;0.5845;0.58375;0.011411977686361107;0.5707692307692308;0.6051282051282051;0.00013023323471400382;0.7187756410256412;0.7274839743589744;0.017429166545838534;0.6832371794871795;0.7390705128205128;0.00030377584648257706;['1061_ar4', '15_breast-w', '1456_appendicitis', '1552_autoUniv-au7-1100', '1553_autoUniv-au7-700', '377_synthetic_control', '1495_qualitative-bankruptcy', '22_mfeat-zernike', '1559_breast-tissue', '187_wine', '329_hayes-roth', '61_iris', '1063_kc2', '1167_pc1_req', '1512_heart-long-beach', '292_Australian', '455_cars', '1100_PopularKids', '37_diabetes', '481_biomed', '1494_qsar-biodeg', '1531_volcanoes-b1', '1535_volcanoes-b5', '1551_autoUniv-au6-400', '164_molecular-biology_promoters', '1465_breast-tissue', '1529_volcanoes-a3', '1533_volcanoes-b3', '1048_jEdit_4.2_4.3', '1536_volcanoes-b6', '1549_autoUniv-au6-750', '1510_wdbc', '55_hepatitis']
classif_svm_ela_features_flacco_remove_missing_values_LogisticRegression_0_85.csv;0.8296697210557781;0.8300430788879065;0.009538158606036528;0.8155209605209606;0.8444142983453329;9.097646959390867e-05;0.5825512820512821;0.5829487179487179;0.01496499861115775;0.5574999999999999;0.6016666666666667;0.00022395118343195337;0.7304807692307691;0.7337500000000001;0.018629477871356694;0.699775641025641;0.7567628205128204;0.0003470574457593687;['1061_ar4', '1490_planning-relax', '15_breast-w', '1456_appendicitis', '1552_autoUniv-au7-1100', '377_synthetic_control', '40_sonar', '1495_qualitative-bankruptcy', '22_mfeat-zernike', '1460_banana', '1559_breast-tissue', '187_wine', '329_hayes-roth', '61_iris', '1063_kc2', '1167_pc1_req', '1512_heart-long-beach', '292_Australian', '455_cars', '1100_PopularKids', '37_diabetes', '481_biomed', '1494_qsar-biodeg', '1531_volcanoes-b1', '1535_volcanoes-b5', '1551_autoUniv-au6-400', '164_molecular-biology_promoters', '1465_breast-tissue', '1529_volcanoes-a3', '1533_volcanoes-b3', '1048_jEdit_4.2_4.3', '1536_volcanoes-b6', '1549_autoUniv-au6-750', '1510_wdbc', '55_hepatitis']
classif_svm_ela_features_flacco_remove_missing_values_LogisticRegression_0_9.csv;0.8302755110789594;0.8276403379506827;0.009812294068251782;0.8136548636548635;0.8472356251666596;9.628111488184909e-05;0.5878653846153845;0.5839743589743589;0.015812611011322513;0.570448717948718;0.617820512820513;0.000250038666995398;0.7334551282051283;0.7380769230769231;0.017555244116487817;0.7049358974358975;0.7566025641025641;0.0003081865959894801;['1061_ar4', '1490_planning-relax', '15_breast-w', '1456_appendicitis', '1552_autoUniv-au7-1100', '377_synthetic_control', '40_sonar', '1495_qualitative-bankruptcy', '22_mfeat-zernike', '1460_banana', '1559_breast-tissue', '187_wine', '329_hayes-roth', '61_iris', '1063_kc2', '1167_pc1_req', '1512_heart-long-beach', '292_Australian', '455_cars', '1100_PopularKids', '37_diabetes', '481_biomed', '1494_qsar-biodeg', '1531_volcanoes-b1', '1535_volcanoes-b5', '1551_autoUniv-au6-400', '164_molecular-biology_promoters', '446_prnn_crabs', '1529_volcanoes-a3', '1533_volcanoes-b3', '1048_jEdit_4.2_4.3', '1536_volcanoes-b6', '1549_autoUniv-au6-750', '1510_wdbc', '55_hepatitis']
classif_svm_ela_features_flacco_remove_missing_values_LogisticRegression_0_95.csv;0.8270202960124997;0.8272611990707943;0.008229273538673173;0.8120771860711891;0.8401180020490365;6.772094297430648e-05;0.5814807692307691;0.5822115384615384;0.013221220279553384;0.5511538461538461;0.5991025641025641;0.00017480066568047368;0.732400641025641;0.7397115384615385;0.021615630083848193;0.6925320512820512;0.7581410256410257;0.000467235463921763;['1061_ar4', '1490_planning-relax', '15_breast-w', '1456_appendicitis', '1552_autoUniv-au7-1100', '377_synthetic_control', '40_sonar', '1495_qualitative-bankruptcy', '22_mfeat-zernike', '187_wine', '329_hayes-roth', '61_iris', '1063_kc2', '1167_pc1_req', '1512_heart-long-beach', '292_Australian', '455_cars', '1100_PopularKids', '37_diabetes', '481_biomed', '1494_qsar-biodeg', '1531_volcanoes-b1', '1535_volcanoes-b5', '1551_autoUniv-au6-400', '164_molecular-biology_promoters', '1529_volcanoes-a3', '1533_volcanoes-b3', '1048_jEdit_4.2_4.3', '1536_volcanoes-b6', '1549_autoUniv-au6-750', '1510_wdbc', '55_hepatitis']
classif_svm_ela_features_flacco_remove_missing_values_NB_0_8.csv;0.48984147062088235;0.49763194751584844;0.031450424325889924;0.42707553196717274;0.5296078431372548;0.0009891291902785287;0.5985128205128205;0.6081410256410256;0.024881504184697045;0.5317307692307692;0.6185897435897436;0.0006190892504930966;0.648959935897436;0.6506169871794872;0.020506737942833534;0.6126282051282051;0.6765064102564102;0.0004205263010560485;['1049_pc4', '1464_blood-transfusion-service-center', '3_kr-vs-kp', '59_ionosphere', '1067_kc1', '1523_vertebra-column', '23_cmc', '377_synthetic_control', '40_sonar', '4550_MiceProtein', '53_heart-statlog', '13_breast-cancer', '1495_qualitative-bankruptcy', '22_mfeat-zernike', '310_mammography', '31_credit-g', '338_grub-damage', '448_analcatdata_boxing1', '1498_sa-heart', '329_hayes-roth', '4534_PhishingWebsites', '461_analcatdata_creditscore', '1442_MegaWatt1', '1446_CostaMadre1', '1451_PieChart1', '1528_volcanoes-a2', '292_Australian', '38_sick', '40474_thyroid-allbp', '1496_ringnorm', '185_baseball', '40475_thyroid-allhyper', '60_waveform-5000', '1054_mc2', '1065_kc3', '1473_fertility', '1475_first-order-theorem-proving', '1511_wholesale-customers', '164_molecular-biology_promoters', '446_prnn_crabs', '50_tic-tac-toe', '1447_CastMetal1', '1480_ilpd', '1488_parkinsons', '1508_user-knowledge', '1529_volcanoes-a3', '1554_autoUniv-au7-500', '23380_cjs', '452_analcatdata_broadwaymult', '1600_SPECTF', '21_car', '694_diggle_table_a2', '1071_mw1', '1443_PizzaCutter1', '1497_wall-robot-navigation', '1507_twonorm', '1558_bank-marketing', '30_page-blocks', '336_SPECT', '463_backache']
classif_svm_ela_features_flacco_remove_missing_values_NB_0_85.csv;0.5035367761753211;0.5046014309907498;0.02435960636638078;0.45776106934001676;0.5449961802902978;0.000593390422325019;0.6091474358974358;0.6136217948717948;0.015338447018398774;0.5767307692307693;0.6310897435897436;0.00023526795693622622;0.6679983974358974;0.6705448717948718;0.021286038553828837;0.6321153846153846;0.7013461538461538;0.00045309543731508766;['1049_pc4', '1464_blood-transfusion-service-center', '3_kr-vs-kp', '59_ionosphere', '1067_kc1', '1523_vertebra-column', '23_cmc', '377_synthetic_control', '40_sonar', '4550_MiceProtein', '53_heart-statlog', '13_breast-cancer', '1495_qualitative-bankruptcy', '22_mfeat-zernike', '310_mammography', '31_credit-g', '338_grub-damage', '448_analcatdata_boxing1', '1498_sa-heart', '329_hayes-roth', '4534_PhishingWebsites', '461_analcatdata_creditscore', '1442_MegaWatt1', '1446_CostaMadre1', '1451_PieChart1', '1528_volcanoes-a2', '292_Australian', '38_sick', '40474_thyroid-allbp', '1496_ringnorm', '185_baseball', '40475_thyroid-allhyper', '60_waveform-5000', '1054_mc2', '1065_kc3', '1473_fertility', '1475_first-order-theorem-proving', '1511_wholesale-customers', '164_molecular-biology_promoters', '446_prnn_crabs', '1447_CastMetal1', '1480_ilpd', '1488_parkinsons', '1508_user-knowledge', '1529_volcanoes-a3', '1554_autoUniv-au7-500', '23380_cjs', '452_analcatdata_broadwaymult', '1600_SPECTF', '21_car', '694_diggle_table_a2', '1071_mw1', '1443_PizzaCutter1', '1497_wall-robot-navigation', '1507_twonorm', '1558_bank-marketing', '30_page-blocks', '336_SPECT', '463_backache']
classif_svm_ela_features_flacco_remove_missing_values_NB_0_9.csv;0.5268265460889301;0.5249026979212738;0.016722402808597374;0.5051121676740872;0.5610930847618154;0.0002796387556929853;0.6106602564102565;0.616698717948718;0.016087522831725057;0.5682692307692309;0.6253205128205128;0.00025880839086127495;0.670790064102564;0.6700160256410257;0.02047686408187015;0.6393589743589744;0.7021474358974358;0.00041930196262738385;['1464_blood-transfusion-service-center', '3_kr-vs-kp', '59_ionosphere', '1067_kc1', '1523_vertebra-column', '23_cmc', '377_synthetic_control', '40_sonar', '4550_MiceProtein', '53_heart-statlog', '54_vehicle', '13_breast-cancer', '1495_qualitative-bankruptcy', '22_mfeat-zernike', '31_credit-g', '338_grub-damage', '448_analcatdata_boxing1', '1498_sa-heart', '329_hayes-roth', '4534_PhishingWebsites', '461_analcatdata_creditscore', '1442_MegaWatt1', '1446_CostaMadre1', '1451_PieChart1', '1528_volcanoes-a2', '292_Australian', '1496_ringnorm', '185_baseball', '60_waveform-5000', '1054_mc2', '1065_kc3', '1473_fertility', '1511_wholesale-customers', '164_molecular-biology_promoters', '446_prnn_crabs', '1447_CastMetal1', '1480_ilpd', '1488_parkinsons', '1508_user-knowledge', '1529_volcanoes-a3', '1554_autoUniv-au7-500', '23380_cjs', '452_analcatdata_broadwaymult', '1115_teachingAssistant', '11_balance-scale', '1600_SPECTF', '694_diggle_table_a2', '1071_mw1', '1443_PizzaCutter1', '1497_wall-robot-navigation', '1507_twonorm', '1558_bank-marketing', '336_SPECT', '463_backache']
classif_svm_ela_features_flacco_remove_missing_values_NB_0_95.csv;0.5486259521352401;0.5420668706078923;0.021779973364789516;0.5176680672268907;0.5863091552410438;0.0004743672397709408;0.6143653846153846;0.615;0.009304391676554813;0.5982692307692308;0.6296153846153846;8.657170447074249e-05;0.6720673076923076;0.6715865384615385;0.018118645307375773;0.6439423076923076;0.6989423076923077;0.00032828530777449013;['1464_blood-transfusion-service-center', '3_kr-vs-kp', '59_ionosphere', '1067_kc1', '1523_vertebra-column', '23_cmc', '377_synthetic_control', '40_sonar', '4550_MiceProtein', '53_heart-statlog', '54_vehicle', '13_breast-cancer', '1495_qualitative-bankruptcy', '22_mfeat-zernike', '31_credit-g', '338_grub-damage', '448_analcatdata_boxing1', '1498_sa-heart', '329_hayes-roth', '4534_PhishingWebsites', '461_analcatdata_creditscore', '1442_MegaWatt1', '1446_CostaMadre1', '1528_volcanoes-a2', '292_Australian', '1496_ringnorm', '1520_robot-failures-lp5', '185_baseball', '60_waveform-5000', '1054_mc2', '1065_kc3', '1473_fertility', '1511_wholesale-customers', '164_molecular-biology_promoters', '446_prnn_crabs', '1447_CastMetal1', '1480_ilpd', '1488_parkinsons', '1508_user-knowledge', '1529_volcanoes-a3', '1554_autoUniv-au7-500', '23380_cjs', '452_analcatdata_broadwaymult', '1115_teachingAssistant', '1600_SPECTF', '21_car', '694_diggle_table_a2', '1071_mw1', '1443_PizzaCutter1', '1497_wall-robot-navigation', '1507_twonorm', '1558_bank-marketing', '336_SPECT', '463_backache']
classif_svm_ela_features_flacco_remove_missing_values_RF_0_8.csv;0.8351138644353038;0.8342897842897843;0.009687147561285702;0.814461917392952;0.852518490449525;9.384082787412354e-05;0.6067820512820512;0.602051282051282;0.021026887861717494;0.5707692307692309;0.6459615384615385;0.0004421300131492425;0.7478461538461539;0.7521314102564103;0.025805800886337067;0.7044230769230768;0.7813942307692308;0.000665939359385275;['1061_ar4', '1490_planning-relax', '15_breast-w', '1456_appendicitis', '1552_autoUniv-au7-1100', '377_synthetic_control', '53_heart-statlog', '1495_qualitative-bankruptcy', '22_mfeat-zernike', '444_analcatdata_boxing2', '448_analcatdata_boxing1', '1066_kc1-binary', '187_wine', '1063_kc2', '1167_pc1_req', '455_cars', '1100_PopularKids', '37_diabetes', '1494_qsar-biodeg', '446_prnn_crabs', '1529_volcanoes-a3', '29_credit-a', '1549_autoUniv-au6-750', '55_hepatitis']
classif_svm_ela_features_flacco_remove_missing_values_RF_0_85.csv;0.8425659081936443;0.8429516984487;0.012468453585197891;0.8231859711170056;0.8596776556776557;0.00015546233480623415;0.6168846153846155;0.6143910256410257;0.024217779044077202;0.5837820512820513;0.6506410256410257;0.0005865008218277449;0.7518301282051282;0.7646634615384615;0.029142148401329324;0.693301282051282;0.7904807692307692;0.0008492648134451013;['1061_ar4', '1490_planning-relax', '15_breast-w', '1552_autoUniv-au7-1100', '377_synthetic_control', '53_heart-statlog', '1495_qualitative-bankruptcy', '22_mfeat-zernike', '448_analcatdata_boxing1', '1066_kc1-binary', '187_wine', '1063_kc2', '1167_pc1_req', '455_cars', '1100_PopularKids', '37_diabetes', '1494_qsar-biodeg', '1551_autoUniv-au6-400', '446_prnn_crabs', '1529_volcanoes-a3', '29_credit-a', '451_irish', '1549_autoUniv-au6-750']
classif_svm_ela_features_flacco_remove_missing_values_RF_0_9.csv;0.8352675555939424;0.8369949539604712;0.010583299927670469;0.8123312983312984;0.8501884411884412;0.00011200623735902974;0.6035833333333334;0.6068589743589743;0.02262178397308484;0.5517948717948717;0.6389743589743588;0.0005117451101249182;0.7540544871794872;0.7580128205128205;0.02522745191671935;0.7020512820512821;0.7876282051282051;0.0006364243302103868;['1061_ar4', '1490_planning-relax', '15_breast-w', '1456_appendicitis', '1552_autoUniv-au7-1100', '377_synthetic_control', '53_heart-statlog', '1495_qualitative-bankruptcy', '22_mfeat-zernike', '448_analcatdata_boxing1', '1066_kc1-binary', '1063_kc2', '1167_pc1_req', '455_cars', '1100_PopularKids', '37_diabetes', '1494_qsar-biodeg', '446_prnn_crabs', '1529_volcanoes-a3', '29_credit-a', '451_irish', '1549_autoUniv-au6-750', '1510_wdbc', '55_hepatitis']
classif_svm_ela_features_flacco_remove_missing_values_RF_0_95.csv;0.8372459324672219;0.8418233212453603;0.01296166019503916;0.8103947903947905;0.8506003256003256;0.00016800463501166258;0.6127499999999999;0.6159615384615384;0.027774723780176272;0.5548076923076923;0.6637820512820513;0.0007714352810650893;0.7585801282051282;0.7589102564102566;0.03329012716976253;0.6872596153846154;0.8137660256410257;0.0011082325669789614;['1061_ar4', '1490_planning-relax', '15_breast-w', '1456_appendicitis', '1552_autoUniv-au7-1100', '377_synthetic_control', '53_heart-statlog', '1495_qualitative-bankruptcy', '22_mfeat-zernike', '448_analcatdata_boxing1', '1066_kc1-binary', '1063_kc2', '1167_pc1_req', '1512_heart-long-beach', '292_Australian', '455_cars', '1100_PopularKids', '37_diabetes', '1494_qsar-biodeg', '446_prnn_crabs', '1529_volcanoes-a3', '29_credit-a', '451_irish', '1549_autoUniv-au6-750', '1510_wdbc', '55_hepatitis']
classif_svm_ela_features_flacco_remove_missing_values_SVM_LIN_0_8.csv;0.817773072127495;0.8189458549113722;0.009386382960700018;0.8008038258038258;0.8278713598023943;8.810418508491964e-05;0.5745384615384617;0.5832051282051283;0.01932495737760593;0.5369871794871794;0.5962820512820513;0.00037345397764628586;0.6955993589743591;0.6894391025641026;0.027224699521817573;0.6573397435897437;0.7457371794871795;0.0007411842640532541;['1061_ar4', '15_breast-w', '1456_appendicitis', '1552_autoUniv-au7-1100', '1553_autoUniv-au7-700', '377_synthetic_control', '1495_qualitative-bankruptcy', '22_mfeat-zernike', '1559_breast-tissue', '187_wine', '61_iris', '1063_kc2', '1167_pc1_req', '1512_heart-long-beach', '292_Australian', '455_cars', '1100_PopularKids', '37_diabetes', '481_biomed', '1494_qsar-biodeg', '1531_volcanoes-b1', '1535_volcanoes-b5', '1551_autoUniv-au6-400', '1465_breast-tissue', '1529_volcanoes-a3', '1048_jEdit_4.2_4.3', '1536_volcanoes-b6', '1549_autoUniv-au6-750', '48_tae', '55_hepatitis']
classif_svm_ela_features_flacco_remove_missing_values_SVM_LIN_0_85.csv;0.8089651672332332;0.8048416399248484;0.012528204167392904;0.7927749287749287;0.832603960534995;0.00015695589965988093;0.5765256410256411;0.5746153846153846;0.021448373102504727;0.5435897435897435;0.6141025641025643;0.00046003270874424816;0.7154070512820513;0.7142788461538462;0.02043346051848986;0.6863461538461538;0.7491666666666668;0.0004175263087606839;['1061_ar4', '15_breast-w', '1456_appendicitis', '1552_autoUniv-au7-1100', '1553_autoUniv-au7-700', '377_synthetic_control', '22_mfeat-zernike', '1460_banana', '1559_breast-tissue', '187_wine', '329_hayes-roth', '61_iris', '1063_kc2', '1167_pc1_req', '1512_heart-long-beach', '292_Australian', '455_cars', '1100_PopularKids', '37_diabetes', '481_biomed', '1494_qsar-biodeg', '1551_autoUniv-au6-400', '446_prnn_crabs', '1465_breast-tissue', '1529_volcanoes-a3', '1048_jEdit_4.2_4.3', '1549_autoUniv-au6-750', '55_hepatitis']
classif_svm_ela_features_flacco_remove_missing_values_SVM_LIN_0_9.csv;0.8174521852626799;0.8162513139034877;0.00914832112237038;0.8072503052503052;0.8335990869034345;8.369177935800806e-05;0.5942307692307691;0.5951923076923077;0.018902323412076958;0.5649358974358974;0.6307692307692307;0.00035729783037475265;0.7257596153846153;0.7231891025641026;0.028580486205318716;0.6708333333333333;0.7678525641025641;0.0008168441917324133;['1061_ar4', '15_breast-w', '1456_appendicitis', '1552_autoUniv-au7-1100', '377_synthetic_control', '53_heart-statlog', '1555_autoUniv-au6-1000', '22_mfeat-zernike', '187_wine', '329_hayes-roth', '61_iris', '1063_kc2', '1167_pc1_req', '1512_heart-long-beach', '292_Australian', '455_cars', '1100_PopularKids', '37_diabetes', '481_biomed', '1494_qsar-biodeg', '1551_autoUniv-au6-400', '446_prnn_crabs', '1529_volcanoes-a3', '1048_jEdit_4.2_4.3', '1549_autoUniv-au6-750', '55_hepatitis']
classif_svm_ela_features_flacco_remove_missing_values_SVM_LIN_0_95.csv;0.8084258101884789;0.8076493072145245;0.009577179358927915;0.7954670932931802;0.8301017501017501;9.17223644730749e-05;0.5883397435897435;0.5871153846153846;0.018456161298468415;0.5573076923076923;0.6207692307692309;0.0003406298898750833;0.7157115384615385;0.7141506410256411;0.033839557195148244;0.6602884615384614;0.7596153846153846;0.0011451156311637093;['1061_ar4', '15_breast-w', '1456_appendicitis', '1552_autoUniv-au7-1100', '377_synthetic_control', '53_heart-statlog', '1495_qualitative-bankruptcy', '22_mfeat-zernike', '187_wine', '329_hayes-roth', '61_iris', '1063_kc2', '1167_pc1_req', '1512_heart-long-beach', '292_Australian', '455_cars', '1100_PopularKids', '37_diabetes', '481_biomed', '1473_fertility', '1494_qsar-biodeg', '1551_autoUniv-au6-400', '446_prnn_crabs', '1529_volcanoes-a3', '1048_jEdit_4.2_4.3', '55_hepatitis']
classif_svm_ela_features_flacco_remove_missing_values_SVM_RBF_0_8.csv;0.8373493887976646;0.8379912424740011;0.003393042870169398;0.8299379675241744;0.8430706075533662;1.1512739918807388e-05;0.5058461538461538;0.5039102564102564;0.009653377929871828;0.4916666666666666;0.5283333333333333;9.318770545693652e-05;0.7543429487179487;0.7687820512820512;0.026742227798309915;0.703076923076923;0.7834615384615384;0.0007151467476166995;['1061_ar4', '1463_blogger', '1490_planning-relax', '15_breast-w', '1456_appendicitis', '1552_autoUniv-au7-1100', '1553_autoUniv-au7-700', '377_synthetic_control', '22_mfeat-zernike', '444_analcatdata_boxing2', '51_heart-h', '1066_kc1-binary', '1559_breast-tissue', '187_wine', '466_schizo', '61_iris', '1063_kc2', '1167_pc1_req', '1512_heart-long-beach', '455_cars', '1100_PopularKids', '333_monks-problems-1', '37_diabetes', '481_biomed', '56_vote', '1494_qsar-biodeg', '1531_volcanoes-b1', '1535_volcanoes-b5', '1551_autoUniv-au6-400', '164_molecular-biology_promoters', '1465_breast-tissue', '1529_volcanoes-a3', '1533_volcanoes-b3', '29_credit-a', '451_irish', '1048_jEdit_4.2_4.3', '1536_volcanoes-b6', '1549_autoUniv-au6-750', '1556_acute-inflammations', '1073_jEdit_4.0_4.2', '1510_wdbc', '48_tae', '55_hepatitis']
classif_svm_ela_features_flacco_remove_missing_values_SVM_RBF_0_85.csv;0.8365579273855136;0.8373754789272031;0.002794156079663681;0.8299379675241744;0.8401149425287355;7.807308197521511e-06;0.5022307692307691;0.5;0.007286225780714443;0.4916666666666666;0.5183333333333333;5.3089086127547795e-05;0.7566794871794872;0.7701762820512821;0.02994258216145904;0.6972435897435898;0.7866346153846153;0.0008965582264957252;['1061_ar4', '1463_blogger', '1490_planning-relax', '15_breast-w', '1456_appendicitis', '1552_autoUniv-au7-1100', '1553_autoUniv-au7-700', '377_synthetic_control', '22_mfeat-zernike', '444_analcatdata_boxing2', '464_prnn_synth', '51_heart-h', '1066_kc1-binary', '1559_breast-tissue', '187_wine', '466_schizo', '61_iris', '1063_kc2', '1167_pc1_req', '1512_heart-long-beach', '455_cars', '1100_PopularKids', '333_monks-problems-1', '37_diabetes', '481_biomed', '56_vote', '1494_qsar-biodeg', '1531_volcanoes-b1', '1535_volcanoes-b5', '1551_autoUniv-au6-400', '164_molecular-biology_promoters', '1465_breast-tissue', '1529_volcanoes-a3', '1533_volcanoes-b3', '29_credit-a', '451_irish', '1048_jEdit_4.2_4.3', '1536_volcanoes-b6', '1549_autoUniv-au6-750', '1556_acute-inflammations', '1073_jEdit_4.0_4.2', '1510_wdbc', '48_tae', '55_hepatitis']
classif_svm_ela_features_flacco_remove_missing_values_SVM_RBF_0_9.csv;0.8362567049808429;0.8383579638752053;0.002863398214944164;0.8296734172596242;0.8383579638752053;8.199049337345425e-06;0.497948717948718;0.5;0.0027727600966515587;0.4916666666666667;0.5;7.688198553583162e-06;0.7535352564102563;0.7617307692307693;0.03203892085351183;0.6854166666666666;0.7858653846153847;0.0010264924494575952;['1061_ar4', '1463_blogger', '1490_planning-relax', '15_breast-w', '1456_appendicitis', '1552_autoUniv-au7-1100', '1553_autoUniv-au7-700', '377_synthetic_control', '1455_acute-inflammations', '22_mfeat-zernike', '444_analcatdata_boxing2', '464_prnn_synth', '51_heart-h', '1066_kc1-binary', '1559_breast-tissue', '187_wine', '466_schizo', '61_iris', '1063_kc2', '1167_pc1_req', '1512_heart-long-beach', '455_cars', '49_heart-c', '1100_PopularKids', '333_monks-problems-1', '37_diabetes', '481_biomed', '56_vote', '1494_qsar-biodeg', '1531_volcanoes-b1', '1535_volcanoes-b5', '1551_autoUniv-au6-400', '164_molecular-biology_promoters', '1465_breast-tissue', '1529_volcanoes-a3', '1533_volcanoes-b3', '29_credit-a', '451_irish', '1048_jEdit_4.2_4.3', '1536_volcanoes-b6', '1549_autoUniv-au6-750', '1556_acute-inflammations', '335_monks-problems-3', '1073_jEdit_4.0_4.2', '1510_wdbc', '48_tae', '55_hepatitis']
classif_svm_ela_features_flacco_remove_missing_values_SVM_RBF_0_95.csv;0.8358659003831418;0.8383579638752053;0.003836555963163891;0.8257653712826126;0.8383579638752053;1.471916165848841e-05;0.49756410256410255;0.5;0.00372181496589612;0.48782051282051275;0.5;1.3851906640368336e-05;0.7545320512820513;0.7683653846153846;0.03442860995020304;0.6815064102564103;0.7894871794871794;0.0011853291831032198;['1061_ar4', '1463_blogger', '1490_planning-relax', '15_breast-w', '1456_appendicitis', '1552_autoUniv-au7-1100', '1553_autoUniv-au7-700', '377_synthetic_control', '1455_acute-inflammations', '22_mfeat-zernike', '444_analcatdata_boxing2', '464_prnn_synth', '51_heart-h', '1066_kc1-binary', '1559_breast-tissue', '187_wine', '466_schizo', '61_iris', '1063_kc2', '1167_pc1_req', '1512_heart-long-beach', '455_cars', '49_heart-c', '1100_PopularKids', '333_monks-problems-1', '37_diabetes', '481_biomed', '56_vote', '1494_qsar-biodeg', '1531_volcanoes-b1', '1535_volcanoes-b5', '1551_autoUniv-au6-400', '164_molecular-biology_promoters', '1465_breast-tissue', '1529_volcanoes-a3', '1533_volcanoes-b3', '29_credit-a', '451_irish', '1048_jEdit_4.2_4.3', '1536_volcanoes-b6', '1549_autoUniv-au6-750', '1556_acute-inflammations', '335_monks-problems-3', '1073_jEdit_4.0_4.2', '1510_wdbc', '48_tae', '55_hepatitis']
classif_svm_ela_features_flacco_remove_missing_values_XGBoost_0_8.csv;0.8258042032097505;0.8262728278163061;0.016601572283324106;0.8031976960237831;0.8536263736263736;0.00027561220227843516;0.6373461538461538;0.6370192307692308;0.016290180688094204;0.6135897435897435;0.6646153846153846;0.0002653699868507574;0.7577467948717949;0.7591025641025642;0.0289679481860067;0.7117628205128205;0.8017628205128207;0.0008391420221071689;['1061_ar4', '1490_planning-relax', '15_breast-w', '1456_appendicitis', '377_synthetic_control', '53_heart-statlog', '1495_qualitative-bankruptcy', '22_mfeat-zernike', '448_analcatdata_boxing1', '329_hayes-roth', '1167_pc1_req', '292_Australian', '455_cars', '1100_PopularKids', '333_monks-problems-1', '37_diabetes', '56_vote', '1494_qsar-biodeg', '164_molecular-biology_promoters', '446_prnn_crabs', '1529_volcanoes-a3', '1510_wdbc', '55_hepatitis']
classif_svm_ela_features_flacco_remove_missing_values_XGBoost_0_85.csv;0.8350643194331351;0.8345943682337985;0.017219961591408574;0.7956434676434675;0.8635965396145305;0.0002965270772095865;0.6492115384615385;0.6477884615384615;0.03282756146766333;0.5779487179487179;0.7026282051282051;0.0010776487919132143;0.7689583333333333;0.7749038461538462;0.0225656925521535;0.7134615384615385;0.7942628205128205;0.0005092104803583158;['1061_ar4', '1490_planning-relax', '15_breast-w', '59_ionosphere', '1552_autoUniv-au7-1100', '377_synthetic_control', '53_heart-statlog', '1495_qualitative-bankruptcy', '22_mfeat-zernike', '444_analcatdata_boxing2', '448_analcatdata_boxing1', '1167_pc1_req', '292_Australian', '455_cars', '1100_PopularKids', '333_monks-problems-1', '37_diabetes', '56_vote', '1494_qsar-biodeg', '1511_wholesale-customers', '164_molecular-biology_promoters', '446_prnn_crabs', '1529_volcanoes-a3', '1510_wdbc']
classif_svm_ela_features_flacco_remove_missing_values_XGBoost_0_9.csv;0.8343352399668742;0.8341155563854215;0.006262200698627043;0.8255710038753516;0.8423533415887239;3.921515758988503e-05;0.6535064102564103;0.6538782051282053;0.014935953835042624;0.6346153846153846;0.6814743589743589;0.00022308271696252447;0.7767916666666668;0.7804166666666668;0.01728207060078433;0.7445192307692308;0.7982692307692308;0.000298669964250494;['1061_ar4', '1490_planning-relax', '1552_autoUniv-au7-1100', '53_heart-statlog', '1495_qualitative-bankruptcy', '22_mfeat-zernike', '448_analcatdata_boxing1', '1167_pc1_req', '455_cars', '1100_PopularKids', '333_monks-problems-1', '37_diabetes', '56_vote', '1494_qsar-biodeg', '1511_wholesale-customers', '164_molecular-biology_promoters', '446_prnn_crabs', '1529_volcanoes-a3', '451_irish', '1510_wdbc']
classif_svm_ela_features_flacco_remove_missing_values_XGBoost_0_95.csv;0.8391003821709969;0.8380816413859893;0.01400114477393795;0.819173789173789;0.8722043569180002;0.00019603205498077;0.6604551282051282;0.6609615384615386;0.0248878392936677;0.6207692307692307;0.7131410256410257;0.0006194045447074299;0.7898397435897435;0.7851923076923077;0.019625086631969105;0.7628846153846155;0.8162499999999999;0.00038514402531229254;['1061_ar4', '1490_planning-relax', '1552_autoUniv-au7-1100', '377_synthetic_control', '53_heart-statlog', '22_mfeat-zernike', '448_analcatdata_boxing1', '329_hayes-roth', '1167_pc1_req', '292_Australian', '455_cars', '1100_PopularKids', '333_monks-problems-1', '37_diabetes', '1494_qsar-biodeg', '1511_wholesale-customers', '164_molecular-biology_promoters', '446_prnn_crabs', '1529_volcanoes-a3', '451_irish', '1510_wdbc']
classif_svm_ela_features_flacco_set_ela_error_DT_0_8.csv;0.7604065320092465;0.7596435863264948;0.03143062724982559;0.7182761132417884;0.8078339261382739;0.0009878843293174792;0.6035961538461538;0.5938461538461539;0.042306744841760766;0.5412179487179487;0.6675641025641025;0.001789860659105851;0.6035961538461538;0.5938461538461539;0.04230674484176075;0.5412179487179487;0.6675641025641025;0.00178986065910585;['1490_planning-relax', '53_heart-statlog', '22_mfeat-zernike', '455_cars', '1551_autoUniv-au6-400', '1529_volcanoes-a3', '475_analcatdata_germangss', '55_hepatitis']
classif_svm_ela_features_flacco_set_ela_error_DT_0_85.csv;0.7611403095082727;0.7724690140777097;0.029087046694949967;0.7064665393086446;0.7934554205858554;0.0008460562854341998;0.6117371794871795;0.6117628205128205;0.03288347139010778;0.549423076923077;0.6659615384615384;0.0010813226906640368;0.6117371794871795;0.6117628205128205;0.03288347139010779;0.5494230769230769;0.6659615384615384;0.0010813226906640375;['1490_planning-relax', '53_heart-statlog', '22_mfeat-zernike', '1167_pc1_req', '455_cars', '1054_mc2', '1529_volcanoes-a3']
classif_svm_ela_features_flacco_set_ela_error_DT_0_9.csv;0.7567652448492266;0.7675944149925844;0.02572478697623248;0.7047584541062802;0.7996413972500929;0.0006617646649725402;0.5963012820512821;0.6064743589743591;0.02706976294825927;0.5441025641025641;0.6357692307692308;0.0007327720660749504;0.5963012820512821;0.6064743589743591;0.02706976294825927;0.5441025641025641;0.6357692307692308;0.0007327720660749504;['22_mfeat-zernike', '1167_pc1_req', '455_cars', '1100_PopularKids', '1529_volcanoes-a3']
classif_svm_ela_features_flacco_set_ela_error_DT_0_95.csv;0.7756213843195536;0.7749105942366812;0.015100267524754855;0.751482422569379;0.8027635327635327;0.0002280180793191661;0.6127499999999999;0.6150961538461538;0.016088937818213567;0.5860897435897436;0.6374358974358973;0.0002588539201183427;0.6127499999999999;0.6150961538461539;0.016088937818213567;0.5860897435897436;0.6374358974358973;0.00025885392011834276;['1490_planning-relax', '53_heart-statlog', '22_mfeat-zernike', '1167_pc1_req', '455_cars', '1100_PopularKids', '1529_volcanoes-a3']
classif_svm_ela_features_flacco_set_ela_error_KNN_0_8.csv;0.782094268973674;0.7881311948920644;0.01718559738956324;0.7517629471977297;0.8043207436685698;0.0002953447576361628;0.6469615384615385;0.6515705128205129;0.02114279431577792;0.6037179487179486;0.6800641025641025;0.0004470177514792912;0.6539391025641026;0.6647596153846154;0.024941751669266578;0.6156730769230768;0.6854326923076923;0.0006220909763313621;['1061_ar4', '1464_blood-transfusion-service-center', '1490_planning-relax', '1539_volcanoes-d2', '15_breast-w', '1456_appendicitis', '377_synthetic_control', '53_heart-statlog', '22_mfeat-zernike', '1498_sa-heart', '1559_breast-tissue', '187_wine', '4534_PhishingWebsites', '1063_kc2', '292_Australian', '455_cars', '1540_volcanoes-d3', '481_biomed', '1054_mc2', '164_molecular-biology_promoters', '446_prnn_crabs', '1554_autoUniv-au7-500', '55_hepatitis']
classif_svm_ela_features_flacco_set_ela_error_KNN_0_85.csv;0.7935644807264944;0.7970882499143368;0.015264492427827321;0.7583562166285278;0.8082481898134072;0.00023300472907919766;0.6691153846153847;0.6710897435897436;0.014036728613333134;0.6448076923076923;0.6902564102564102;0.00019702975016436513;0.6535929487179487;0.645536858974359;0.024966775876801652;0.6189423076923076;0.6918429487179487;0.000623339897682445;['1061_ar4', '1490_planning-relax', '1539_volcanoes-d2', '15_breast-w', '1121_badges2', '1456_appendicitis', '377_synthetic_control', '53_heart-statlog', '22_mfeat-zernike', '444_analcatdata_boxing2', '1498_sa-heart', '1559_breast-tissue', '187_wine', '1063_kc2', '292_Australian', '455_cars', '1540_volcanoes-d3', '481_biomed', '1054_mc2', '164_molecular-biology_promoters', '446_prnn_crabs', '1529_volcanoes-a3', '1554_autoUniv-au7-500', '55_hepatitis']
classif_svm_ela_features_flacco_set_ela_error_KNN_0_9.csv;0.7782013429404733;0.7839051214485997;0.020788732524784;0.7366022544283413;0.8111858720989156;0.0004321713999870123;0.6535128205128206;0.6519871794871794;0.03277534452016509;0.6039743589743589;0.7042307692307692;0.0010742232084155158;0.6589150641025642;0.6651923076923076;0.028669507251770764;0.613573717948718;0.7086057692307692;0.0008219406460593364;['1061_ar4', '1490_planning-relax', '1539_volcanoes-d2', '15_breast-w', '1121_badges2', '1456_appendicitis', '377_synthetic_control', '53_heart-statlog', '1555_autoUniv-au6-1000', '22_mfeat-zernike', '444_analcatdata_boxing2', '1460_banana', '1498_sa-heart', '1559_breast-tissue', '187_wine', '1063_kc2', '292_Australian', '455_cars', '1496_ringnorm', '1540_volcanoes-d3', '25_colic', '481_biomed', '1054_mc2', '164_molecular-biology_promoters', '446_prnn_crabs', '1554_autoUniv-au7-500', '48_tae', '55_hepatitis']
classif_svm_ela_features_flacco_set_ela_error_KNN_0_95.csv;0.7800351082767558;0.7805517598343685;0.01629872774688334;0.7446314969884764;0.8050857403466098;0.0002656485261670249;0.6608076923076923;0.6671794871794872;0.022728498592245922;0.6242948717948718;0.6957051282051282;0.0005165846482577249;0.6768397435897435;0.6803365384615385;0.02530779946980665;0.627900641025641;0.7091346153846154;0.0006404847140039458;['1061_ar4', '1490_planning-relax', '1539_volcanoes-d2', '15_breast-w', '3_kr-vs-kp', '1456_appendicitis', '377_synthetic_control', '53_heart-statlog', '1555_autoUniv-au6-1000', '22_mfeat-zernike', '338_grub-damage', '1037_ada_prior', '1498_sa-heart', '1559_breast-tissue', '187_wine', '1063_kc2', '292_Australian', '455_cars', '1496_ringnorm', '1540_volcanoes-d3', '481_biomed', '1054_mc2', '164_molecular-biology_promoters', '446_prnn_crabs', '1554_autoUniv-au7-500', '1115_teachingAssistant', '55_hepatitis']
classif_svm_ela_features_flacco_set_ela_error_LogisticRegression_0_8.csv;0.8343212396854076;0.8330728161560247;0.00667037839775318;0.8271355311355311;0.8504558123868469;4.449394796921228e-05;0.609275641025641;0.609775641025641;0.010256252001984184;0.5942948717948718;0.6309615384615384;0.00010519070512820458;0.7453044871794872;0.7497756410256411;0.01997181841953571;0.7168589743589744;0.7810897435897436;0.00039887353098290587;['1061_ar4', '1490_planning-relax', '15_breast-w', '1456_appendicitis', '1552_autoUniv-au7-1100', '377_synthetic_control', '22_mfeat-zernike', '444_analcatdata_boxing2', '1559_breast-tissue', '187_wine', '329_hayes-roth', '4534_PhishingWebsites', '461_analcatdata_creditscore', '1063_kc2', '1167_pc1_req', '1512_heart-long-beach', '292_Australian', '455_cars', '1100_PopularKids', '1496_ringnorm', '37_diabetes', '481_biomed', '1494_qsar-biodeg', '1531_volcanoes-b1', '1535_volcanoes-b5', '1551_autoUniv-au6-400', '164_molecular-biology_promoters', '446_prnn_crabs', '1529_volcanoes-a3', '1533_volcanoes-b3', '1048_jEdit_4.2_4.3', '1115_teachingAssistant', '1536_volcanoes-b6', '1549_autoUniv-au6-750', '1510_wdbc', '55_hepatitis']
classif_svm_ela_features_flacco_set_ela_error_LogisticRegression_0_85.csv;0.827703652264222;0.828221327065405;0.00529535462782374;0.8174989367343191;0.8387749007059352;2.8040780634414304e-05;0.6011410256410256;0.6033653846153846;0.011973487312478796;0.5801282051282051;0.6167948717948718;0.00014336439842209072;0.7558141025641026;0.7594070512820512;0.015819047848059566;0.7256089743589743;0.7736217948717948;0.000250242274819198;['1061_ar4', '1490_planning-relax', '15_breast-w', '1456_appendicitis', '1552_autoUniv-au7-1100', '377_synthetic_control', '22_mfeat-zernike', '444_analcatdata_boxing2', '1460_banana', '1559_breast-tissue', '187_wine', '329_hayes-roth', '4534_PhishingWebsites', '461_analcatdata_creditscore', '61_iris', '1063_kc2', '1167_pc1_req', '1512_heart-long-beach', '292_Australian', '455_cars', '1100_PopularKids', '1496_ringnorm', '37_diabetes', '481_biomed', '1494_qsar-biodeg', '1531_volcanoes-b1', '1535_volcanoes-b5', '1551_autoUniv-au6-400', '164_molecular-biology_promoters', '446_prnn_crabs', '1529_volcanoes-a3', '1533_volcanoes-b3', '1048_jEdit_4.2_4.3', '1115_teachingAssistant', '1536_volcanoes-b6', '1549_autoUniv-au6-750', '1510_wdbc', '55_hepatitis']
classif_svm_ela_features_flacco_set_ela_error_LogisticRegression_0_9.csv;0.8261926730773809;0.8263595619772531;0.00716818190418634;0.8115220472791688;0.8416239035549381;5.1382831811504506e-05;0.6051538461538462;0.606121794871795;0.010849184276895208;0.5817948717948718;0.622628205128205;0.00011770479947403019;0.7594519230769231;0.7595833333333333;0.019313925180238493;0.7179166666666668;0.7841666666666668;0.0003730277058678505;['1061_ar4', '1490_planning-relax', '15_breast-w', '1456_appendicitis', '1552_autoUniv-au7-1100', '377_synthetic_control', '22_mfeat-zernike', '444_analcatdata_boxing2', '1460_banana', '1559_breast-tissue', '187_wine', '329_hayes-roth', '4534_PhishingWebsites', '461_analcatdata_creditscore', '1063_kc2', '1167_pc1_req', '1512_heart-long-beach', '292_Australian', '455_cars', '1100_PopularKids', '1496_ringnorm', '37_diabetes', '481_biomed', '1494_qsar-biodeg', '1531_volcanoes-b1', '1551_autoUniv-au6-400', '164_molecular-biology_promoters', '446_prnn_crabs', '1529_volcanoes-a3', '1533_volcanoes-b3', '1048_jEdit_4.2_4.3', '1115_teachingAssistant', '1536_volcanoes-b6', '1549_autoUniv-au6-750', '1510_wdbc', '55_hepatitis']
classif_svm_ela_features_flacco_set_ela_error_LogisticRegression_0_95.csv;0.8225605917931255;0.822643846574881;0.009479239785744805;0.8081996521996521;0.8416239035549381;8.98559869156472e-05;0.6004038461538462;0.5990384615384614;0.011398331783889314;0.5817948717948718;0.622628205128205;0.00012992196745562136;0.7586794871794872;0.7589583333333334;0.0218341736517152;0.7164102564102566;0.785897435897436;0.00047673113905325425;['1061_ar4', '1490_planning-relax', '15_breast-w', '1456_appendicitis', '1552_autoUniv-au7-1100', '377_synthetic_control', '22_mfeat-zernike', '1460_banana', '1559_breast-tissue', '187_wine', '329_hayes-roth', '4534_PhishingWebsites', '461_analcatdata_creditscore', '61_iris', '1063_kc2', '1167_pc1_req', '1512_heart-long-beach', '292_Australian', '455_cars', '1100_PopularKids', '1496_ringnorm', '37_diabetes', '481_biomed', '1494_qsar-biodeg', '1531_volcanoes-b1', '1535_volcanoes-b5', '1551_autoUniv-au6-400', '164_molecular-biology_promoters', '446_prnn_crabs', '1529_volcanoes-a3', '1533_volcanoes-b3', '1048_jEdit_4.2_4.3', '1115_teachingAssistant', '1536_volcanoes-b6', '1549_autoUniv-au6-750', '1510_wdbc', '55_hepatitis']
classif_svm_ela_features_flacco_set_ela_error_NB_0_8.csv;0.5029971745847368;0.5106560489808571;0.028411072854625668;0.4570265123593297;0.5356140350877192;0.0008071890607508474;0.6018012820512821;0.6078846153846154;0.023147141211936673;0.5439102564102565;0.6367948717948717;0.0005357901462853371;0.6541041666666667;0.6583413461538462;0.02299885125488259;0.6161217948717949;0.6853525641025642;0.0005289471590442145;['1049_pc4', '1464_blood-transfusion-service-center', '3_kr-vs-kp', '59_ionosphere', '1067_kc1', '1523_vertebra-column', '23_cmc', '377_synthetic_control', '40_sonar', '4550_MiceProtein', '53_heart-statlog', '13_breast-cancer', '1495_qualitative-bankruptcy', '310_mammography', '31_credit-g', '338_grub-damage', '448_analcatdata_boxing1', '1498_sa-heart', '329_hayes-roth', '4534_PhishingWebsites', '461_analcatdata_creditscore', '1442_MegaWatt1', '1446_CostaMadre1', '1451_PieChart1', '1528_volcanoes-a2', '292_Australian', '38_sick', '40474_thyroid-allbp', '1496_ringnorm', '185_baseball', '40475_thyroid-allhyper', '60_waveform-5000', '1054_mc2', '1065_kc3', '1473_fertility', '1475_first-order-theorem-proving', '1511_wholesale-customers', '164_molecular-biology_promoters', '446_prnn_crabs', '1447_CastMetal1', '1480_ilpd', '1488_parkinsons', '1508_user-knowledge', '1529_volcanoes-a3', '1554_autoUniv-au7-500', '23380_cjs', '452_analcatdata_broadwaymult', '1600_SPECTF', '21_car', '694_diggle_table_a2', '1071_mw1', '1443_PizzaCutter1', '1497_wall-robot-navigation', '1507_twonorm', '1558_bank-marketing', '30_page-blocks', '336_SPECT', '463_backache']
classif_svm_ela_features_flacco_set_ela_error_NB_0_85.csv;0.5213862580674736;0.525905444314887;0.0239490679437049;0.46731989286942854;0.5529452360654407;0.0005735578553721936;0.6085833333333334;0.6077884615384614;0.015572502538311552;0.5805769230769231;0.6311538461538462;0.00024250283530571974;0.6725913461538462;0.6758814102564102;0.021285852265703415;0.6409294871794872;0.7031089743589745;0.00045308750667735125;['1049_pc4', '1464_blood-transfusion-service-center', '3_kr-vs-kp', '59_ionosphere', '1067_kc1', '1523_vertebra-column', '23_cmc', '377_synthetic_control', '40_sonar', '4550_MiceProtein', '53_heart-statlog', '13_breast-cancer', '1495_qualitative-bankruptcy', '22_mfeat-zernike', '310_mammography', '31_credit-g', '338_grub-damage', '448_analcatdata_boxing1', '1498_sa-heart', '329_hayes-roth', '4534_PhishingWebsites', '461_analcatdata_creditscore', '1442_MegaWatt1', '1446_CostaMadre1', '1451_PieChart1', '1528_volcanoes-a2', '292_Australian', '38_sick', '40474_thyroid-allbp', '1496_ringnorm', '185_baseball', '40475_thyroid-allhyper', '60_waveform-5000', '1054_mc2', '1065_kc3', '1473_fertility', '1475_first-order-theorem-proving', '1511_wholesale-customers', '164_molecular-biology_promoters', '446_prnn_crabs', '1447_CastMetal1', '1480_ilpd', '1488_parkinsons', '1508_user-knowledge', '1529_volcanoes-a3', '1554_autoUniv-au7-500', '23380_cjs', '452_analcatdata_broadwaymult', '1600_SPECTF', '694_diggle_table_a2', '1071_mw1', '1443_PizzaCutter1', '1497_wall-robot-navigation', '1507_twonorm', '1558_bank-marketing', '30_page-blocks', '336_SPECT', '463_backache']
classif_svm_ela_features_flacco_set_ela_error_NB_0_9.csv;0.5325594802514306;0.5253065875472995;0.02183311171347577;0.5097626418988648;0.5772609554188501;0.0004766847670931129;0.6094935897435897;0.6122115384615384;0.015669594810082475;0.5685897435897436;0.625448717948718;0.0002455362015121636;0.6730817307692307;0.6740064102564103;0.020151880126201855;0.639198717948718;0.7048076923076924;0.0004060982726208093;['1464_blood-transfusion-service-center', '3_kr-vs-kp', '59_ionosphere', '1067_kc1', '1523_vertebra-column', '23_cmc', '377_synthetic_control', '40_sonar', '4550_MiceProtein', '53_heart-statlog', '54_vehicle', '13_breast-cancer', '1495_qualitative-bankruptcy', '22_mfeat-zernike', '31_credit-g', '338_grub-damage', '448_analcatdata_boxing1', '1498_sa-heart', '329_hayes-roth', '4534_PhishingWebsites', '461_analcatdata_creditscore', '1442_MegaWatt1', '1446_CostaMadre1', '1451_PieChart1', '1528_volcanoes-a2', '292_Australian', '1496_ringnorm', '185_baseball', '60_waveform-5000', '1054_mc2', '1065_kc3', '1473_fertility', '1511_wholesale-customers', '164_molecular-biology_promoters', '446_prnn_crabs', '1447_CastMetal1', '1480_ilpd', '1488_parkinsons', '1508_user-knowledge', '1529_volcanoes-a3', '1554_autoUniv-au7-500', '23380_cjs', '452_analcatdata_broadwaymult', '1115_teachingAssistant', '11_balance-scale', '1600_SPECTF', '694_diggle_table_a2', '1071_mw1', '1443_PizzaCutter1', '1497_wall-robot-navigation', '1507_twonorm', '1558_bank-marketing', '336_SPECT', '463_backache']
classif_svm_ela_features_flacco_set_ela_error_NB_0_95.csv;0.5562133754618273;0.55220194537145;0.020253561260750532;0.5264915966386554;0.5939114944223303;0.00041020674374297463;0.6174358974358974;0.6182371794871795;0.008791217376369443;0.6016025641025642;0.6337820512820513;7.728550295858005e-05;0.6762948717948717;0.6749519230769232;0.018774989921390737;0.6525320512820512;0.7107051282051282;0.0003525002465483238;['1464_blood-transfusion-service-center', '3_kr-vs-kp', '59_ionosphere', '1067_kc1', '1523_vertebra-column', '23_cmc', '377_synthetic_control', '40_sonar', '4550_MiceProtein', '53_heart-statlog', '54_vehicle', '13_breast-cancer', '1495_qualitative-bankruptcy', '22_mfeat-zernike', '31_credit-g', '338_grub-damage', '448_analcatdata_boxing1', '1498_sa-heart', '329_hayes-roth', '4534_PhishingWebsites', '461_analcatdata_creditscore', '1442_MegaWatt1', '1446_CostaMadre1', '1528_volcanoes-a2', '292_Australian', '1496_ringnorm', '1520_robot-failures-lp5', '185_baseball', '60_waveform-5000', '1054_mc2', '1065_kc3', '1473_fertility', '1511_wholesale-customers', '164_molecular-biology_promoters', '446_prnn_crabs', '1447_CastMetal1', '1480_ilpd', '1488_parkinsons', '1508_user-knowledge', '1529_volcanoes-a3', '1554_autoUniv-au7-500', '23380_cjs', '452_analcatdata_broadwaymult', '1115_teachingAssistant', '1600_SPECTF', '694_diggle_table_a2', '1071_mw1', '1443_PizzaCutter1', '1497_wall-robot-navigation', '1507_twonorm', '1558_bank-marketing', '336_SPECT', '463_backache']
classif_svm_ela_features_flacco_set_ela_error_RF_0_8.csv;0.8334662814502394;0.8320130313353702;0.010749139327785815;0.8164326414326414;0.8563247863247863;0.0001155439962881517;0.5943141025641026;0.6003846153846154;0.01875448773819632;0.5544230769230769;0.6181410256410256;0.0003517308103221562;0.7456137820512821;0.7552003205128206;0.026268229489761808;0.6860416666666667;0.7810897435897436;0.0006900198805267918;['1061_ar4', '1463_blogger', '1490_planning-relax', '15_breast-w', '1456_appendicitis', '1552_autoUniv-au7-1100', '377_synthetic_control', '53_heart-statlog', '1495_qualitative-bankruptcy', '22_mfeat-zernike', '444_analcatdata_boxing2', '1066_kc1-binary', '187_wine', '1063_kc2', '1167_pc1_req', '1512_heart-long-beach', '455_cars', '1100_PopularKids', '37_diabetes', '1494_qsar-biodeg', '164_molecular-biology_promoters', '446_prnn_crabs', '1529_volcanoes-a3', '29_credit-a', '1549_autoUniv-au6-750', '1510_wdbc', '55_hepatitis']
classif_svm_ela_features_flacco_set_ela_error_RF_0_85.csv;0.8407132559483385;0.842561623644832;0.008522544842162054;0.8279144737765428;0.8551375380685725;7.263377058666304e-05;0.6207499999999999;0.6149679487179487;0.021400313405939946;0.5804487179487179;0.6589743589743591;0.0004579734138724529;0.7629727564102564;0.7741586538461538;0.021185136446726923;0.7204166666666667;0.7812339743589745;0.00044881000626643746;['1061_ar4', '1490_planning-relax', '15_breast-w', '1456_appendicitis', '1552_autoUniv-au7-1100', '377_synthetic_control', '53_heart-statlog', '1495_qualitative-bankruptcy', '22_mfeat-zernike', '444_analcatdata_boxing2', '448_analcatdata_boxing1', '1066_kc1-binary', '187_wine', '1063_kc2', '1167_pc1_req', '455_cars', '1100_PopularKids', '37_diabetes', '1494_qsar-biodeg', '446_prnn_crabs', '1529_volcanoes-a3', '29_credit-a', '55_hepatitis']
classif_svm_ela_features_flacco_set_ela_error_RF_0_9.csv;0.8407402622753448;0.8428039324216237;0.011226513821727483;0.8227643186953533;0.8545193044503391;0.00012603461258943823;0.6163012820512821;0.6196153846153847;0.023654732976218548;0.5753205128205128;0.6476282051282052;0.0005595463921762012;0.7568990384615384;0.7583653846153846;0.026685167985943684;0.6945833333333333;0.7899679487179487;0.0007120981904380337;['1061_ar4', '1490_planning-relax', '15_breast-w', '1456_appendicitis', '1552_autoUniv-au7-1100', '377_synthetic_control', '53_heart-statlog', '1495_qualitative-bankruptcy', '22_mfeat-zernike', '448_analcatdata_boxing1', '1063_kc2', '1167_pc1_req', '1512_heart-long-beach', '455_cars', '1100_PopularKids', '37_diabetes', '1494_qsar-biodeg', '446_prnn_crabs', '1529_volcanoes-a3', '29_credit-a', '451_irish', '1549_autoUniv-au6-750', '1510_wdbc', '55_hepatitis']
classif_svm_ela_features_flacco_set_ela_error_RF_0_95.csv;0.8441722050452185;0.8458196408511252;0.011553583603963845;0.8150419210419211;0.8591615510925855;0.00013348529409378218;0.6200833333333333;0.6188141025641025;0.01559482589433291;0.5916025641025642;0.6451282051282051;0.00024319859467455623;0.7540400641025642;0.7605689102564104;0.028956528907002062;0.6879647435897436;0.7849038461538462;0.0008384805663420461;['1061_ar4', '1490_planning-relax', '15_breast-w', '1552_autoUniv-au7-1100', '377_synthetic_control', '53_heart-statlog', '1495_qualitative-bankruptcy', '22_mfeat-zernike', '448_analcatdata_boxing1', '1066_kc1-binary', '1063_kc2', '1167_pc1_req', '1512_heart-long-beach', '455_cars', '1100_PopularKids', '333_monks-problems-1', '37_diabetes', '1494_qsar-biodeg', '446_prnn_crabs', '1529_volcanoes-a3', '29_credit-a', '451_irish', '1510_wdbc', '55_hepatitis']
classif_svm_ela_features_flacco_set_ela_error_SVM_LIN_0_8.csv;0.8078406099148229;0.8061423741731089;0.009928237804364158;0.7947591386901731;0.8232987102297449;9.856990590000564e-05;0.5946410256410257;0.5931089743589744;0.009188167361388309;0.5827564102564102;0.6089102564102564;8.44224194608814e-05;0.7408365384615385;0.7396794871794872;0.017141033132441846;0.7062179487179487;0.7753525641025641;0.00029381501684746906;['1061_ar4', '1490_planning-relax', '15_breast-w', '1552_autoUniv-au7-1100', '377_synthetic_control', '22_mfeat-zernike', '1559_breast-tissue', '187_wine', '329_hayes-roth', '461_analcatdata_creditscore', '1063_kc2', '1167_pc1_req', '1512_heart-long-beach', '292_Australian', '455_cars', '1100_PopularKids', '1496_ringnorm', '333_monks-problems-1', '37_diabetes', '481_biomed', '1054_mc2', '1473_fertility', '1494_qsar-biodeg', '1531_volcanoes-b1', '1535_volcanoes-b5', '1551_autoUniv-au6-400', '446_prnn_crabs', '1529_volcanoes-a3', '1048_jEdit_4.2_4.3', '1115_teachingAssistant', '1536_volcanoes-b6', '1549_autoUniv-au6-750', '475_analcatdata_germangss', '55_hepatitis']
classif_svm_ela_features_flacco_set_ela_error_SVM_LIN_0_85.csv;0.8076871659186502;0.8117559035999816;0.010093154170857039;0.783986020420803;0.8206495726495726;0.00010187176111668883;0.6042051282051282;0.6010897435897437;0.01463337287086981;0.5810897435897437;0.627628205128205;0.00021413560157790856;0.7573846153846154;0.7599679487179487;0.011144670924104249;0.7355769230769231;0.7749358974358975;0.00012420369000657464;['1061_ar4', '1490_planning-relax', '15_breast-w', '1552_autoUniv-au7-1100', '377_synthetic_control', '40_sonar', '22_mfeat-zernike', '1460_banana', '1559_breast-tissue', '187_wine', '329_hayes-roth', '461_analcatdata_creditscore', '61_iris', '1063_kc2', '1167_pc1_req', '1512_heart-long-beach', '292_Australian', '455_cars', '1100_PopularKids', '333_monks-problems-1', '37_diabetes', '481_biomed', '1054_mc2', '1494_qsar-biodeg', '1531_volcanoes-b1', '1551_autoUniv-au6-400', '446_prnn_crabs', '1529_volcanoes-a3', '451_irish', '1048_jEdit_4.2_4.3', '1115_teachingAssistant', '1549_autoUniv-au6-750', '475_analcatdata_germangss', '336_SPECT', '55_hepatitis']
classif_svm_ela_features_flacco_set_ela_error_SVM_LIN_0_9.csv;0.8097460497800828;0.8077525164046904;0.010565615098189944;0.7916898705159574;0.8310818070818071;0.00011163222240309929;0.607576923076923;0.607948717948718;0.011450548278763201;0.5923076923076923;0.622948717948718;0.00013111505588428692;0.7535576923076923;0.7579326923076923;0.016371373205019007;0.7134935897435898;0.7755128205128206;0.0002680218606180143;['1061_ar4', '1490_planning-relax', '15_breast-w', '1552_autoUniv-au7-1100', '377_synthetic_control', '40_sonar', '22_mfeat-zernike', '444_analcatdata_boxing2', '1460_banana', '1559_breast-tissue', '187_wine', '329_hayes-roth', '461_analcatdata_creditscore', '1063_kc2', '1167_pc1_req', '1512_heart-long-beach', '292_Australian', '455_cars', '1100_PopularKids', '37_diabetes', '481_biomed', '1054_mc2', '1473_fertility', '1494_qsar-biodeg', '1531_volcanoes-b1', '1551_autoUniv-au6-400', '164_molecular-biology_promoters', '446_prnn_crabs', '1529_volcanoes-a3', '1048_jEdit_4.2_4.3', '1115_teachingAssistant', '1549_autoUniv-au6-750', '475_analcatdata_germangss', '55_hepatitis']
classif_svm_ela_features_flacco_set_ela_error_SVM_LIN_0_95.csv;0.8089912028556705;0.808718363761842;0.011390998987756938;0.782724018332714;0.8295490435490436;0.00012975485793907958;0.6102435897435897;0.6117628205128205;0.016234859937371237;0.5798076923076924;0.6349358974358974;0.0002635706771860616;0.7551121794871796;0.7541185897435898;0.022112185062122768;0.6994871794871795;0.7906730769230771;0.0004889487282215653;['1061_ar4', '1490_planning-relax', '15_breast-w', '1552_autoUniv-au7-1100', '377_synthetic_control', '40_sonar', '22_mfeat-zernike', '1460_banana', '1559_breast-tissue', '187_wine', '329_hayes-roth', '461_analcatdata_creditscore', '1063_kc2', '1167_pc1_req', '1512_heart-long-beach', '292_Australian', '455_cars', '1100_PopularKids', '1496_ringnorm', '333_monks-problems-1', '37_diabetes', '481_biomed', '1054_mc2', '1473_fertility', '1494_qsar-biodeg', '1551_autoUniv-au6-400', '446_prnn_crabs', '1529_volcanoes-a3', '1048_jEdit_4.2_4.3', '1115_teachingAssistant', '1549_autoUniv-au6-750', '475_analcatdata_germangss', '336_SPECT', '55_hepatitis']
classif_svm_ela_features_flacco_set_ela_error_SVM_RBF_0_8.csv;0.8344635734635734;0.8324471952058159;0.005516657837274833;0.8295652112893492;0.8469713555920452;3.0433513693565842e-05;0.5325384615384616;0.5308333333333333;0.010541712955281887;0.5194871794871795;0.5603205128205128;0.00011112771203155796;0.774272435897436;0.7707211538461538;0.021556120898909806;0.7383653846153847;0.8167628205128207;0.00046466634820841607;['1061_ar4', '1463_blogger', '1490_planning-relax', '15_breast-w', '1456_appendicitis', '1552_autoUniv-au7-1100', '1553_autoUniv-au7-700', '377_synthetic_control', '22_mfeat-zernike', '444_analcatdata_boxing2', '51_heart-h', '1559_breast-tissue', '187_wine', '61_iris', '1063_kc2', '1167_pc1_req', '1512_heart-long-beach', '292_Australian', '455_cars', '1100_PopularKids', '333_monks-problems-1', '37_diabetes', '481_biomed', '1494_qsar-biodeg', '1531_volcanoes-b1', '1535_volcanoes-b5', '1551_autoUniv-au6-400', '164_molecular-biology_promoters', '446_prnn_crabs', '1465_breast-tissue', '1529_volcanoes-a3', '1533_volcanoes-b3', '1048_jEdit_4.2_4.3', '1536_volcanoes-b6', '1549_autoUniv-au6-750', '1556_acute-inflammations', '1510_wdbc', '48_tae', '55_hepatitis']
classif_svm_ela_features_flacco_set_ela_error_SVM_RBF_0_85.csv;0.8362821214545353;0.8360171501550813;0.00378438833958635;0.8299762817004197;0.8440156905674145;1.432159510479713e-05;0.5287564102564102;0.5288141025641026;0.008524397441595185;0.5175;0.5503205128205128;7.266535174227453e-05;0.7774198717948717;0.7767147435897436;0.018709743382856258;0.7354487179487179;0.8013141025641024;0.00035005449745233354;['1061_ar4', '1463_blogger', '1490_planning-relax', '15_breast-w', '1456_appendicitis', '1552_autoUniv-au7-1100', '1553_autoUniv-au7-700', '377_synthetic_control', '22_mfeat-zernike', '444_analcatdata_boxing2', '51_heart-h', '1559_breast-tissue', '187_wine', '61_iris', '1063_kc2', '1167_pc1_req', '1512_heart-long-beach', '292_Australian', '455_cars', '1100_PopularKids', '333_monks-problems-1', '37_diabetes', '481_biomed', '1494_qsar-biodeg', '1531_volcanoes-b1', '1535_volcanoes-b5', '1551_autoUniv-au6-400', '164_molecular-biology_promoters', '446_prnn_crabs', '1465_breast-tissue', '1529_volcanoes-a3', '1533_volcanoes-b3', '451_irish', '1048_jEdit_4.2_4.3', '1536_volcanoes-b6', '1549_autoUniv-au6-750', '1556_acute-inflammations', '1510_wdbc', '48_tae', '55_hepatitis']
classif_svm_ela_features_flacco_set_ela_error_SVM_RBF_0_9.csv;0.8371882306709892;0.8384382411968618;0.0038495075091206066;0.8308879626121005;0.8423645320197044;1.4818708062775939e-05;0.5234615384615384;0.5216666666666667;0.008537393095544459;0.5125;0.5369871794871794;7.288708086785019e-05;0.7830705128205129;0.7845032051282051;0.02119977919079186;0.7458333333333333;0.8104166666666668;0.00044943063773833156;['1061_ar4', '1463_blogger', '1490_planning-relax', '15_breast-w', '1456_appendicitis', '1552_autoUniv-au7-1100', '1553_autoUniv-au7-700', '377_synthetic_control', '22_mfeat-zernike', '444_analcatdata_boxing2', '51_heart-h', '1559_breast-tissue', '187_wine', '466_schizo', '61_iris', '1063_kc2', '1167_pc1_req', '1512_heart-long-beach', '455_cars', '1100_PopularKids', '333_monks-problems-1', '37_diabetes', '481_biomed', '1494_qsar-biodeg', '1531_volcanoes-b1', '1535_volcanoes-b5', '1551_autoUniv-au6-400', '164_molecular-biology_promoters', '1465_breast-tissue', '1529_volcanoes-a3', '1533_volcanoes-b3', '451_irish', '1048_jEdit_4.2_4.3', '1536_volcanoes-b6', '1549_autoUniv-au6-750', '1556_acute-inflammations', '1073_jEdit_4.0_4.2', '1510_wdbc', '48_tae', '55_hepatitis']
classif_svm_ela_features_flacco_set_ela_error_SVM_RBF_0_95.csv;0.8363580901856764;0.8387985769020252;0.004403218865529698;0.8299379675241744;0.842304324028462;1.938833637775664e-05;0.5174294871794871;0.52;0.01235662182365527;0.4916666666666666;0.5369871794871794;0.0001526861028928337;0.7831858974358975;0.7837660256410257;0.019718855219067827;0.7507051282051281;0.8140064102564102;0.00038883325115055846;['1061_ar4', '1463_blogger', '1490_planning-relax', '15_breast-w', '1456_appendicitis', '1552_autoUniv-au7-1100', '1553_autoUniv-au7-700', '377_synthetic_control', '22_mfeat-zernike', '444_analcatdata_boxing2', '51_heart-h', '1559_breast-tissue', '187_wine', '466_schizo', '61_iris', '1063_kc2', '1167_pc1_req', '1512_heart-long-beach', '455_cars', '1100_PopularKids', '333_monks-problems-1', '37_diabetes', '481_biomed', '56_vote', '1494_qsar-biodeg', '1531_volcanoes-b1', '1535_volcanoes-b5', '1551_autoUniv-au6-400', '164_molecular-biology_promoters', '1465_breast-tissue', '1529_volcanoes-a3', '1533_volcanoes-b3', '451_irish', '1048_jEdit_4.2_4.3', '1536_volcanoes-b6', '1549_autoUniv-au6-750', '1556_acute-inflammations', '1073_jEdit_4.0_4.2', '1510_wdbc', '48_tae', '55_hepatitis']
classif_svm_ela_features_flacco_set_ela_error_XGBoost_0_8.csv;0.8323953146026609;0.8333083708173663;0.013280841403790314;0.8055736405301623;0.8542235567198085;0.00017638074839263109;0.6508012820512821;0.6466025641025641;0.01940780160102833;0.6260897435897436;0.6971153846153846;0.0003766627629848778;0.7624038461538462;0.7657371794871795;0.036437577213665584;0.6878205128205128;0.8213141025641025;0.0013276970332018415;['1061_ar4', '1490_planning-relax', '1552_autoUniv-au7-1100', '377_synthetic_control', '53_heart-statlog', '22_mfeat-zernike', '448_analcatdata_boxing1', '187_wine', '329_hayes-roth', '1167_pc1_req', '292_Australian', '455_cars', '1100_PopularKids', '333_monks-problems-1', '37_diabetes', '56_vote', '1494_qsar-biodeg', '164_molecular-biology_promoters', '446_prnn_crabs', '1529_volcanoes-a3', '1510_wdbc', '55_hepatitis']
classif_svm_ela_features_flacco_set_ela_error_XGBoost_0_85.csv;0.8437203071624362;0.8407550947858293;0.00961270830256912;0.8305035302861391;0.8612686452866363;9.24041609102813e-05;0.6674807692307692;0.6629487179487179;0.021436323951406367;0.6412820512820513;0.7109615384615384;0.00045951598454963834;0.7792756410256411;0.7873878205128205;0.021567703745158418;0.7358333333333335;0.8024358974358974;0.0004651658448389205;['1061_ar4', '1490_planning-relax', '1552_autoUniv-au7-1100', '377_synthetic_control', '53_heart-statlog', '1495_qualitative-bankruptcy', '22_mfeat-zernike', '444_analcatdata_boxing2', '448_analcatdata_boxing1', '1167_pc1_req', '292_Australian', '455_cars', '1100_PopularKids', '37_diabetes', '56_vote', '1494_qsar-biodeg', '446_prnn_crabs', '1529_volcanoes-a3', '1510_wdbc']
classif_svm_ela_features_flacco_set_ela_error_XGBoost_0_9.csv;0.8370106906031942;0.8389652340829253;0.009743853764089759;0.8188319088319087;0.8520248608074695;9.494268617596616e-05;0.6553653846153846;0.6537179487179487;0.023982996695706017;0.620448717948718;0.6948076923076923;0.0005751841305062456;0.7761762820512821;0.7801442307692308;0.021839523688807365;0.741698717948718;0.8008653846153846;0.00047696479495397805;['1061_ar4', '1490_planning-relax', '1552_autoUniv-au7-1100', '53_heart-statlog', '22_mfeat-zernike', '448_analcatdata_boxing1', '1167_pc1_req', '455_cars', '1100_PopularKids', '333_monks-problems-1', '37_diabetes', '56_vote', '1494_qsar-biodeg', '446_prnn_crabs', '1529_volcanoes-a3', '451_irish', '1510_wdbc']
classif_svm_ela_features_flacco_set_ela_error_XGBoost_0_95.csv;0.8454289613213151;0.8455051783964826;0.010329340921073755;0.8271372420682767;0.8603980463980463;0.00010669528386376879;0.6684102564102565;0.6662820512820513;0.021451783004749016;0.6342948717948719;0.698974358974359;0.0004601789940828388;0.7874903846153847;0.7942147435897435;0.020646330591181122;0.743974358974359;0.8207371794871794;0.0004262709668803414;['1061_ar4', '1490_planning-relax', '1552_autoUniv-au7-1100', '377_synthetic_control', '53_heart-statlog', '22_mfeat-zernike', '448_analcatdata_boxing1', '1167_pc1_req', '292_Australian', '455_cars', '1100_PopularKids', '37_diabetes', '1494_qsar-biodeg', '164_molecular-biology_promoters', '446_prnn_crabs', '1529_volcanoes-a3', '1554_autoUniv-au7-500', '29_credit-a', '451_irish', '1549_autoUniv-au6-750', '1510_wdbc']
ela_features_flacco_imputer_mean_DT_0_8.csv;0.7526304521606265;0.7464904674527101;0.019452291194050106;0.7311001880567097;0.7910971814015293;0.0003783916326981193;0.5890512820512821;0.5929166666666666;0.03972234543872239;0.5357051282051282;0.6512820512820513;0.0015778647271531894;0.5890512820512821;0.5929166666666666;0.03972234543872239;0.5357051282051282;0.6512820512820513;0.0015778647271531894;['1462_banknote-authentication', '1463_blogger', '56_vote', '1465_breast-tissue', '1073_jEdit_4.0_4.2']
ela_features_flacco_imputer_mean_DT_0_85.csv;0.7569961200718323;0.7595046410915977;0.025060691014182103;0.7071950143254491;0.7863374741200828;0.0006280382341083075;0.5783205128205127;0.578076923076923;0.028898937462409926;0.5342307692307693;0.6312820512820513;0.0008351485864562799;0.5783205128205127;0.578076923076923;0.028898937462409922;0.5342307692307693;0.6312820512820513;0.0008351485864562797;['1462_banknote-authentication', '56_vote', '1494_qsar-biodeg', '1465_breast-tissue', '1553_autoUniv-au7-700', '1073_jEdit_4.0_4.2']
ela_features_flacco_imputer_mean_DT_0_9.csv;0.7537186078012165;0.746384986189334;0.0297591132595513;0.6903461176504655;0.7979148999148998;0.000885604821994802;0.5831346153846153;0.5983974358974359;0.0508480792302617;0.5025000000000001;0.6377564102564104;0.0025855271614069718;0.5831346153846153;0.5983974358974359;0.05084807923026168;0.5025000000000001;0.6377564102564104;0.0025855271614069696;['1462_banknote-authentication', '1494_qsar-biodeg']
ela_features_flacco_imputer_mean_DT_0_95.csv;0.7434974812626987;0.7463216381042468;0.020460394830278606;0.7092875916354178;0.7768655289959637;0.00041862775661089154;0.5551153846153846;0.5624679487179488;0.040710324723821634;0.4839102564102563;0.6137820512820513;0.0016573305391190027;0.5551153846153846;0.5624679487179488;0.0407103247238216;0.4839102564102564;0.6137820512820512;0.0016573305391190001;['1559_breast-tissue', '22_mfeat-zernike', '446_prnn_crabs', '187_wine', '61_iris', '48_tae', '56_vote', '1494_qsar-biodeg']
ela_features_flacco_imputer_mean_KNN_0_8.csv;0.7825645179130937;0.7842169171824345;0.014821993889457718;0.7611715595193855;0.8050317179627525;0.0002196915028591219;0.4970833333333333;0.49278846153846156;0.02120660185404355;0.4694871794871795;0.5296153846153846;0.00044971996219592337;0.5453974358974358;0.5361858974358974;0.027938573089702122;0.5036858974358973;0.5933333333333335;0.0007805638662886276;['1061_ar4', '1463_blogger', '1490_planning-relax', '1559_breast-tissue', '1456_appendicitis', '1552_autoUniv-au7-1100', '1455_acute-inflammations', '1555_autoUniv-au6-1000', '22_mfeat-zernike', '444_analcatdata_boxing2', '464_prnn_synth', '1066_kc1-binary', '187_wine', '466_schizo', '1063_kc2', '1510_wdbc', '40_sonar', '455_cars', '49_heart-c', '1100_PopularKids', '333_monks-problems-1', '48_tae', '56_vote', '1494_qsar-biodeg', '1529_volcanoes-a3', '1549_autoUniv-au6-750', '1465_breast-tissue', '29_credit-a', '451_irish', '1048_jEdit_4.2_4.3', '335_monks-problems-3', '15_breast-w', '481_biomed']
ela_features_flacco_imputer_mean_KNN_0_85.csv;0.7877682156479756;0.7862463856594291;0.015851016800420347;0.7619946284489012;0.8138819418129761;0.00025125473360720815;0.510371794871795;0.5088782051282051;0.02278206931878137;0.4649358974358974;0.5431410256410257;0.0005190226824457595;0.5958862179487181;0.5982772435897437;0.017370746742554996;0.5546955128205128;0.6162820512820513;0.00030174284239398505;['1061_ar4', '1463_blogger', '1490_planning-relax', '1559_breast-tissue', '38_sick', '1456_appendicitis', '1551_autoUniv-au6-400', '1552_autoUniv-au7-1100', '1455_acute-inflammations', '1555_autoUniv-au6-1000', '22_mfeat-zernike', '444_analcatdata_boxing2', '464_prnn_synth', '1066_kc1-binary', '187_wine', '466_schizo', '1063_kc2', '1510_wdbc', '40_sonar', '455_cars', '49_heart-c', '1100_PopularKids', '333_monks-problems-1', '48_tae', '56_vote', '1494_qsar-biodeg', '1529_volcanoes-a3', '1549_autoUniv-au6-750', '1465_breast-tissue', '451_irish', '1048_jEdit_4.2_4.3', '335_monks-problems-3', '15_breast-w', '481_biomed']
ela_features_flacco_imputer_mean_KNN_0_9.csv;0.8175860399415121;0.8156031746031747;0.017822925768704707;0.7905278514588859;0.8568376068376068;0.00031765668295675824;0.5598974358974358;0.5615384615384615;0.02698692368476121;0.5248076923076923;0.6169871794871794;0.0007282940499671255;0.6377003205128206;0.63625;0.026093889698039885;0.5996153846153847;0.6796314102564103;0.000680891079573472;['1061_ar4', '1463_blogger', '1490_planning-relax', '1559_breast-tissue', '38_sick', '1456_appendicitis', '1552_autoUniv-au7-1100', '37_diabetes', '22_mfeat-zernike', '444_analcatdata_boxing2', '1066_kc1-binary', '187_wine', '466_schizo', '61_iris', '1510_wdbc', '40_sonar', '455_cars', '49_heart-c', '1100_PopularKids', '333_monks-problems-1', '48_tae', '56_vote', '1494_qsar-biodeg', '1529_volcanoes-a3', '1549_autoUniv-au6-750', '1465_breast-tissue', '1048_jEdit_4.2_4.3', '335_monks-problems-3', '15_breast-w', '481_biomed']
ela_features_flacco_imputer_mean_KNN_0_95.csv;0.7872215932937072;0.7910131994442338;0.01787601681056951;0.7469130581229532;0.8094077582698272;0.00031955197701176365;0.5169679487179487;0.5222115384615384;0.02943543467093582;0.4554487179487179;0.5634615384615385;0.0008664448142669306;0.5632115384615384;0.5615304487179487;0.019687048576584695;0.5290064102564103;0.5916666666666666;0.0003875798816568055;['1463_blogger', '1490_planning-relax', '1539_volcanoes-d2', '1559_breast-tissue', '38_sick', '1456_appendicitis', '1551_autoUniv-au6-400', '1552_autoUniv-au7-1100', '22_mfeat-zernike', '444_analcatdata_boxing2', '187_wine', '466_schizo', '61_iris', '1167_pc1_req', '1510_wdbc', '455_cars', '49_heart-c', '1100_PopularKids', '1443_PizzaCutter1', '333_monks-problems-1', '377_synthetic_control', '48_tae', '56_vote', '1494_qsar-biodeg', '1529_volcanoes-a3', '1549_autoUniv-au6-750', '1465_breast-tissue', '1512_heart-long-beach', '29_credit-a', '1048_jEdit_4.2_4.3', '335_monks-problems-3', '481_biomed']
ela_features_flacco_imputer_mean_LogisticRegression_0_8.csv;0.833317277869002;0.8341707717569786;0.00320660147237494;0.8289855865717936;0.8383579638752053;1.0282293002637131e-05;0.4957115384615385;0.4958333333333333;0.0029252761070423274;0.4916666666666666;0.5;8.557240302432713e-06;0.49616025641025646;0.4911858974358974;0.030790953870198427;0.45041666666666663;0.5489102564102565;0.0009480828402366876;['1061_ar4', '1463_blogger', '1490_planning-relax', '1559_breast-tissue', '1456_appendicitis', '1551_autoUniv-au6-400', '1552_autoUniv-au7-1100', '37_diabetes', '1455_acute-inflammations', '22_mfeat-zernike', '444_analcatdata_boxing2', '464_prnn_synth', '1066_kc1-binary', '1556_acute-inflammations', '187_wine', '466_schizo', '61_iris', '1063_kc2', '1167_pc1_req', '1510_wdbc', '455_cars', '49_heart-c', '1100_PopularKids', '333_monks-problems-1', '377_synthetic_control', '48_tae', '56_vote', '1494_qsar-biodeg', '1529_volcanoes-a3', '1533_volcanoes-b3', '1549_autoUniv-au6-750', '164_molecular-biology_promoters', '1465_breast-tissue', '1512_heart-long-beach', '1531_volcanoes-b1', '29_credit-a', '451_irish', '1048_jEdit_4.2_4.3', '1535_volcanoes-b5', '1536_volcanoes-b6', '1553_autoUniv-au7-700', '335_monks-problems-3', '1073_jEdit_4.0_4.2', '15_breast-w', '481_biomed', '55_hepatitis']
ela_features_flacco_imputer_mean_LogisticRegression_0_85.csv;0.8311207808794017;0.8318573253056012;0.0033463369113747397;0.8254862251413975;0.8344499178981938;1.1197970724429031e-05;0.49427564102564103;0.4958333333333333;0.0042743530140084305;0.4875;0.5019871794871795;1.8270093688362955e-05;0.5081634615384615;0.5064423076923077;0.03294713732739689;0.44333333333333325;0.5499358974358974;0.0010855138580703493;['1061_ar4', '1463_blogger', '1490_planning-relax', '1559_breast-tissue', '1456_appendicitis', '1551_autoUniv-au6-400', '1552_autoUniv-au7-1100', '37_diabetes', '1455_acute-inflammations', '22_mfeat-zernike', '444_analcatdata_boxing2', '464_prnn_synth', '1066_kc1-binary', '1556_acute-inflammations', '187_wine', '466_schizo', '61_iris', '1063_kc2', '1167_pc1_req', '1510_wdbc', '455_cars', '49_heart-c', '1100_PopularKids', '333_monks-problems-1', '377_synthetic_control', '48_tae', '56_vote', '1491_one-hundred-plants-margin', '1494_qsar-biodeg', '1529_volcanoes-a3', '1533_volcanoes-b3', '1549_autoUniv-au6-750', '164_molecular-biology_promoters', '1465_breast-tissue', '1512_heart-long-beach', '1531_volcanoes-b1', '29_credit-a', '451_irish', '1048_jEdit_4.2_4.3', '1536_volcanoes-b6', '1553_autoUniv-au7-700', '335_monks-problems-3', '1073_jEdit_4.0_4.2', '15_breast-w', '481_biomed', '55_hepatitis']
ela_features_flacco_imputer_mean_LogisticRegression_0_9.csv;0.8315426017150156;0.8304022988505748;0.002013997162774639;0.8289855865717936;0.8344499178981938;4.056184571664294e-06;0.4946602564102564;0.49407051282051284;0.003219078614586849;0.4916666666666666;0.5016666666666667;1.0362467126890388e-05;0.5462179487179488;0.5584615384615386;0.03045554916622646;0.4939102564102565;0.5975320512820513;0.0009275404750164372;['1061_ar4', '1463_blogger', '1490_planning-relax', '1559_breast-tissue', '1456_appendicitis', '1551_autoUniv-au6-400', '1552_autoUniv-au7-1100', '37_diabetes', '1455_acute-inflammations', '22_mfeat-zernike', '444_analcatdata_boxing2', '464_prnn_synth', '1066_kc1-binary', '1556_acute-inflammations', '187_wine', '466_schizo', '61_iris', '1063_kc2', '1167_pc1_req', '1510_wdbc', '455_cars', '49_heart-c', '1100_PopularKids', '333_monks-problems-1', '377_synthetic_control', '48_tae', '56_vote', '1491_one-hundred-plants-margin', '1494_qsar-biodeg', '1529_volcanoes-a3', '1533_volcanoes-b3', '1549_autoUniv-au6-750', '164_molecular-biology_promoters', '1465_breast-tissue', '1512_heart-long-beach', '1531_volcanoes-b1', '29_credit-a', '451_irish', '1048_jEdit_4.2_4.3', '1536_volcanoes-b6', '1553_autoUniv-au7-700', '335_monks-problems-3', '1073_jEdit_4.0_4.2', '15_breast-w', '481_biomed', '55_hepatitis']
ela_features_flacco_imputer_mean_LogisticRegression_0_95.csv;0.8294179894179894;0.8299835796387521;0.002298898937525444;0.8247983944535668;0.832893632548805;5.284936324955616e-06;0.492576923076923;0.491826923076923;0.003371063584537216;0.4875;0.5016666666666667;1.1364069690992904e-05;0.559102564102564;0.556298076923077;0.023745661218272374;0.5234615384615384;0.5928846153846153;0.0005638564266929647;['1061_ar4', '1463_blogger', '1490_planning-relax', '1559_breast-tissue', '1456_appendicitis', '1551_autoUniv-au6-400', '1552_autoUniv-au7-1100', '37_diabetes', '1455_acute-inflammations', '22_mfeat-zernike', '444_analcatdata_boxing2', '464_prnn_synth', '1037_ada_prior', '1066_kc1-binary', '1556_acute-inflammations', '187_wine', '466_schizo', '61_iris', '1063_kc2', '1167_pc1_req', '1510_wdbc', '455_cars', '49_heart-c', '1100_PopularKids', '333_monks-problems-1', '377_synthetic_control', '48_tae', '56_vote', '1491_one-hundred-plants-margin', '1494_qsar-biodeg', '1529_volcanoes-a3', '1533_volcanoes-b3', '1549_autoUniv-au6-750', '164_molecular-biology_promoters', '1465_breast-tissue', '1512_heart-long-beach', '1531_volcanoes-b1', '29_credit-a', '451_irish', '1048_jEdit_4.2_4.3', '1536_volcanoes-b6', '1553_autoUniv-au7-700', '335_monks-problems-3', '1073_jEdit_4.0_4.2', '15_breast-w', '481_biomed', '55_hepatitis']
ela_features_flacco_imputer_mean_NB_0_8.csv;0.6469268587881715;0.662255876844806;0.0806869840382382;0.5220342317529018;0.7420812002962103;0.006510389393186905;0.4762371794871795;0.48868589743589746;0.03814000267966686;0.38961538461538464;0.5283333333333333;0.0014546598044049952;0.4645833333333334;0.47062499999999996;0.034153774567762044;0.4131730769230769;0.5119230769230769;0.0011664803172255094;['1490_planning-relax', '1523_vertebra-column', '4550_MiceProtein', '187_wine', '61_iris', '1167_pc1_req', '40_sonar', '1100_PopularKids', '377_synthetic_control', '48_tae', '1491_one-hundred-plants-margin', '1506_thoracic-surgery', '1549_autoUniv-au6-750', '15_breast-w']
ela_features_flacco_imputer_mean_NB_0_85.csv;0.5348352002621151;0.5465897661924382;0.028342629781430314;0.4828463203463203;0.5669650047384601;0.0008033046629272206;0.4701602564102564;0.4754166666666666;0.03320527979868373;0.41544871794871796;0.5233333333333332;0.0011025906065088736;0.46405769230769234;0.4608974358974359;0.024523194752475698;0.4190064102564103;0.5208653846153848;0.0006013870808678516;['1049_pc4', '1490_planning-relax', '38_sick', '40475_thyroid-allhyper', '1115_teachingAssistant', '1523_vertebra-column', '448_analcatdata_boxing1', '1050_pc3', '464_prnn_synth', '1453_PieChart3', '1459_artificial-characters', '187_wine', '31_credit-g', '61_iris', '1167_pc1_req', '1475_first-order-theorem-proving', '1547_autoUniv-au1-1000', '40_sonar', '6332_cylinder-bands', '1100_PopularKids', '329_hayes-roth', '377_synthetic_control', '1065_kc3', '1480_ilpd', '1491_one-hundred-plants-margin', '1506_thoracic-surgery', '1529_volcanoes-a3', '1549_autoUniv-au6-750', '1600_SPECTF', '1446_CostaMadre1', '1512_heart-long-beach', '1043_ada_agnostic', '1535_volcanoes-b5']
ela_features_flacco_imputer_mean_NB_0_9.csv;0.5000753707196768;0.5060994424466965;0.019997597370487383;0.4588126058966683;0.5267565682399441;0.00039990390059212394;0.49063461538461545;0.49317307692307694;0.022826876273542667;0.4512820512820513;0.5246153846153846;0.0005210662804076252;0.5068317307692307;0.49861378205128204;0.017908190351370357;0.48589743589743584;0.5375320512820513;0.0003207032816609144;['1049_pc4', '1490_planning-relax', '38_sick', '40475_thyroid-allhyper', '59_ionosphere', '1067_kc1', '1115_teachingAssistant', '1523_vertebra-column', '1570_wilt', '448_analcatdata_boxing1', '4550_MiceProtein', '1050_pc3', '1555_autoUniv-au6-1000', '311_oil_spill', '464_prnn_synth', '1453_PieChart3', '187_wine', '31_credit-g', '316_yeast_ml8', '450_analcatdata_lawsuit', '61_iris', '1167_pc1_req', '1547_autoUniv-au1-1000', '40_sonar', '6332_cylinder-bands', '1100_PopularKids', '1520_robot-failures-lp5', '185_baseball', '329_hayes-roth', '338_grub-damage', '377_synthetic_control', '40474_thyroid-allbp', '1065_kc3', '1480_ilpd', '1491_one-hundred-plants-margin', '1506_thoracic-surgery', '1529_volcanoes-a3', '1549_autoUniv-au6-750', '1600_SPECTF', '310_mammography', '1446_CostaMadre1', '1487_ozone-level-8hr', '452_analcatdata_broadwaymult', '1043_ada_agnostic', '1121_badges2', '1498_sa-heart', '1535_volcanoes-b5', '335_monks-problems-3', '1496_ringnorm']
ela_features_flacco_imputer_mean_NB_0_95.csv;0.5291957561627436;0.5309209404585633;0.02393010317645704;0.47633670583764803;0.5629595757587411;0.0005726498380358794;0.4971858974358973;0.48833333333333334;0.021612233436697104;0.4662820512820513;0.5306410256410257;0.00046708863412228826;0.5247932692307693;0.5211778846153846;0.014173946039205899;0.5050641025641026;0.5601923076923077;0.00020090074632232057;['1049_pc4', '1463_blogger', '1484_lsvt', '1490_planning-relax', '38_sick', '40475_thyroid-allhyper', '59_ionosphere', '1067_kc1', '1115_teachingAssistant', '1523_vertebra-column', '1570_wilt', '448_analcatdata_boxing1', '4550_MiceProtein', '311_oil_spill', '464_prnn_synth', '1453_PieChart3', '187_wine', '31_credit-g', '450_analcatdata_lawsuit', '61_iris', '1167_pc1_req', '1475_first-order-theorem-proving', '1547_autoUniv-au1-1000', '292_Australian', '40_sonar', '6332_cylinder-bands', '1100_PopularKids', '185_baseball', '338_grub-damage', '377_synthetic_control', '40474_thyroid-allbp', '48_tae', '1065_kc3', '1491_one-hundred-plants-margin', '1506_thoracic-surgery', '1511_wholesale-customers', '1549_autoUniv-au6-750', '1600_SPECTF', '310_mammography', '1446_CostaMadre1', '1487_ozone-level-8hr', '1508_user-knowledge', '1554_autoUniv-au7-500', '23_cmc', '452_analcatdata_broadwaymult', '1043_ada_agnostic', '1121_badges2', '1498_sa-heart', '1535_volcanoes-b5', '335_monks-problems-3', '1496_ringnorm', '1507_twonorm', '1558_bank-marketing']
ela_features_flacco_imputer_mean_RF_0_8.csv;0.8020848261461454;0.8013026679578403;0.012714716588560857;0.7848728718668748;0.8251973671284016;0.00016166401792742466;0.5317371794871796;0.5231410256410257;0.016941895374165326;0.5132692307692308;0.5694871794871795;0.0002870278188691645;0.6308621794871795;0.6292067307692308;0.012702663073613172;0.6071634615384615;0.6541666666666666;0.00016135764916173564;['1061_ar4', '1463_blogger', '1490_planning-relax', '1559_breast-tissue', '1456_appendicitis', '1551_autoUniv-au6-400', '22_mfeat-zernike', '1066_kc1-binary', '187_wine', '61_iris', '1063_kc2', '1167_pc1_req', '1510_wdbc', '455_cars', '1100_PopularKids', '333_monks-problems-1', '48_tae', '56_vote', '1494_qsar-biodeg', '1529_volcanoes-a3', '1549_autoUniv-au6-750', '1465_breast-tissue', '1512_heart-long-beach', '1554_autoUniv-au7-500', '29_credit-a', '335_monks-problems-3', '1073_jEdit_4.0_4.2', '15_breast-w', '481_biomed', '55_hepatitis']
ela_features_flacco_imputer_mean_RF_0_85.csv;0.8084587134892981;0.809614140731832;0.014636464326622809;0.7857322517007674;0.8288538587848933;0.00021422608798450207;0.5384038461538461;0.5411538461538461;0.02195245538662229;0.4948076923076924;0.5736538461538461;0.00048191029750164197;0.662826923076923;0.6751121794871795;0.028098805465530837;0.6111698717948717;0.7029807692307692;0.0007895428685897457;['1061_ar4', '1462_banknote-authentication', '1463_blogger', '1490_planning-relax', '1559_breast-tissue', '679_rmftsa_sleepdata', '1456_appendicitis', '1551_autoUniv-au6-400', '22_mfeat-zernike', '446_prnn_crabs', '187_wine', '61_iris', '1167_pc1_req', '1510_wdbc', '455_cars', '1100_PopularKids', '333_monks-problems-1', '48_tae', '56_vote', '1494_qsar-biodeg', '1529_volcanoes-a3', '1549_autoUniv-au6-750', '1465_breast-tissue', '1512_heart-long-beach', '1531_volcanoes-b1', '29_credit-a', '451_irish', '1498_sa-heart', '335_monks-problems-3', '1073_jEdit_4.0_4.2', '481_biomed', '55_hepatitis']
ela_features_flacco_imputer_mean_RF_0_9.csv;0.8268947927690056;0.8281110753869374;0.009542410819267934;0.8054493284493285;0.8394293573603919;9.105760424368173e-05;0.5733525641025641;0.5725641025641026;0.013898939328746224;0.5516025641025641;0.6026282051282051;0.00019318051446416852;0.6852051282051281;0.6917948717948719;0.02751302269951037;0.6342948717948718;0.7210897435897435;0.000756966418063773;['1061_ar4', '1463_blogger', '1490_planning-relax', '1559_breast-tissue', '679_rmftsa_sleepdata', '1456_appendicitis', '1551_autoUniv-au6-400', '1555_autoUniv-au6-1000', '22_mfeat-zernike', '187_wine', '61_iris', '1063_kc2', '1167_pc1_req', '1510_wdbc', '455_cars', '333_monks-problems-1', '48_tae', '56_vote', '1494_qsar-biodeg', '1529_volcanoes-a3', '1549_autoUniv-au6-750', '1465_breast-tissue', '1512_heart-long-beach', '29_credit-a', '451_irish', '335_monks-problems-3', '1073_jEdit_4.0_4.2', '15_breast-w', '481_biomed', '55_hepatitis']
ela_features_flacco_imputer_mean_RF_0_95.csv;0.8157609478533017;0.8153571199748111;0.009725286249275815;0.7967204389258362;0.8335538994849339;9.458119263035326e-05;0.5483397435897436;0.5490384615384616;0.012199661092392327;0.5286538461538461;0.5698076923076922;0.00014883173076923114;0.6524647435897435;0.6393189102564102;0.02515640363282625;0.6248878205128204;0.6929487179487179;0.0006328446437376738;['1061_ar4', '1462_banknote-authentication', '1463_blogger', '1490_planning-relax', '1559_breast-tissue', '1456_appendicitis', '1551_autoUniv-au6-400', '22_mfeat-zernike', '51_heart-h', '1066_kc1-binary', '187_wine', '466_schizo', '61_iris', '1167_pc1_req', '1510_wdbc', '455_cars', '1100_PopularKids', '333_monks-problems-1', '48_tae', '56_vote', '1494_qsar-biodeg', '1529_volcanoes-a3', '1549_autoUniv-au6-750', '1465_breast-tissue', '1512_heart-long-beach', '1554_autoUniv-au7-500', '29_credit-a', '451_irish', '1048_jEdit_4.2_4.3', '335_monks-problems-3', '1073_jEdit_4.0_4.2', '481_biomed', '55_hepatitis']
ela_features_flacco_imputer_mean_SVM_LIN_0_8.csv;0.8379671592775042;0.8383579638752053;0.0011724137931034661;0.8344499178981938;0.8383579638752053;1.374554102259257e-06;0.49961538461538463;0.5;0.0011538461538461498;0.49615384615384617;0.5;1.331360946745553e-06;0.4612115384615385;0.43112179487179486;0.055334688589900136;0.39897435897435896;0.5725320512820513;0.0030619277613412243;['1061_ar4', '1463_blogger', '1490_planning-relax', '1559_breast-tissue', '1456_appendicitis', '1551_autoUniv-au6-400', '1552_autoUniv-au7-1100', '37_diabetes', '1455_acute-inflammations', '22_mfeat-zernike', '444_analcatdata_boxing2', '464_prnn_synth', '51_heart-h', '1066_kc1-binary', '1556_acute-inflammations', '187_wine', '466_schizo', '61_iris', '1063_kc2', '1167_pc1_req', '1510_wdbc', '455_cars', '49_heart-c', '1100_PopularKids', '333_monks-problems-1', '377_synthetic_control', '48_tae', '56_vote', '1494_qsar-biodeg', '1529_volcanoes-a3', '1533_volcanoes-b3', '1549_autoUniv-au6-750', '164_molecular-biology_promoters', '1465_breast-tissue', '1512_heart-long-beach', '1531_volcanoes-b1', '29_credit-a', '451_irish', '1048_jEdit_4.2_4.3', '1535_volcanoes-b5', '1536_volcanoes-b6', '1553_autoUniv-au7-700', '335_monks-problems-3', '1073_jEdit_4.0_4.2', '15_breast-w', '481_biomed', '55_hepatitis']
ela_features_flacco_imputer_mean_SVM_LIN_0_85.csv;0.8367668308702794;0.8383579638752053;0.0019502308970118301;0.8341707717569786;0.8383579638752053;3.803400551659568e-06;0.4984294871794872;0.5;0.0019254792687019994;0.4958333333333333;0.5;3.707470414201186e-06;0.4731057692307692;0.4775160256410256;0.05919999590821393;0.3762820512820512;0.5642948717948718;0.0035046395155325467;['1061_ar4', '1463_blogger', '1490_planning-relax', '1559_breast-tissue', '1456_appendicitis', '1551_autoUniv-au6-400', '1552_autoUniv-au7-1100', '37_diabetes', '1455_acute-inflammations', '22_mfeat-zernike', '444_analcatdata_boxing2', '464_prnn_synth', '51_heart-h', '1066_kc1-binary', '1556_acute-inflammations', '187_wine', '466_schizo', '61_iris', '1063_kc2', '1167_pc1_req', '1510_wdbc', '455_cars', '49_heart-c', '1100_PopularKids', '333_monks-problems-1', '377_synthetic_control', '48_tae', '56_vote', '1494_qsar-biodeg', '1529_volcanoes-a3', '1533_volcanoes-b3', '1549_autoUniv-au6-750', '164_molecular-biology_promoters', '1465_breast-tissue', '1512_heart-long-beach', '1531_volcanoes-b1', '29_credit-a', '451_irish', '1048_jEdit_4.2_4.3', '1535_volcanoes-b5', '1536_volcanoes-b6', '1553_autoUniv-au7-700', '335_monks-problems-3', '1073_jEdit_4.0_4.2', '15_breast-w', '481_biomed', '55_hepatitis']
ela_features_flacco_imputer_mean_SVM_LIN_0_9.csv;0.8358341543513959;0.8344499178981938;0.0018875139187266028;0.8341707717569786;0.8383579638752053;3.5627087933866564e-06;0.49821153846153854;0.49615384615384617;0.003199154689880299;0.4958333333333333;0.5061538461538462;1.0234590729783112e-05;0.5753653846153846;0.5747596153846153;0.027612313235386054;0.5216346153846153;0.6123076923076924;0.0007624398422090759;['1061_ar4', '1463_blogger', '1490_planning-relax', '1559_breast-tissue', '1456_appendicitis', '1551_autoUniv-au6-400', '1552_autoUniv-au7-1100', '37_diabetes', '1455_acute-inflammations', '22_mfeat-zernike', '444_analcatdata_boxing2', '464_prnn_synth', '1066_kc1-binary', '1556_acute-inflammations', '187_wine', '466_schizo', '61_iris', '1063_kc2', '1167_pc1_req', '1510_wdbc', '455_cars', '49_heart-c', '1100_PopularKids', '333_monks-problems-1', '377_synthetic_control', '48_tae', '56_vote', '1494_qsar-biodeg', '1529_volcanoes-a3', '1533_volcanoes-b3', '1549_autoUniv-au6-750', '164_molecular-biology_promoters', '1465_breast-tissue', '1512_heart-long-beach', '1531_volcanoes-b1', '29_credit-a', '451_irish', '1048_jEdit_4.2_4.3', '1535_volcanoes-b5', '1536_volcanoes-b6', '1553_autoUniv-au7-700', '335_monks-problems-3', '1073_jEdit_4.0_4.2', '15_breast-w', '481_biomed', '55_hepatitis']
ela_features_flacco_imputer_mean_SVM_LIN_0_95.csv;0.8345734355044699;0.8341707717569786;0.001309234691171349;0.83317277869002;0.8383579638752053;1.7140954765665375e-06;0.4969615384615385;0.49599358974358976;0.002069073485586598;0.4958333333333333;0.5019871794871795;4.2810650887574736e-06;0.5812179487179487;0.578926282051282;0.04145606292039753;0.4946153846153846;0.6443589743589743;0.0017186051528599589;['1061_ar4', '1463_blogger', '1490_planning-relax', '1559_breast-tissue', '1456_appendicitis', '1551_autoUniv-au6-400', '1552_autoUniv-au7-1100', '37_diabetes', '1455_acute-inflammations', '22_mfeat-zernike', '444_analcatdata_boxing2', '464_prnn_synth', '1066_kc1-binary', '1556_acute-inflammations', '187_wine', '466_schizo', '61_iris', '1063_kc2', '1167_pc1_req', '1510_wdbc', '455_cars', '49_heart-c', '1100_PopularKids', '333_monks-problems-1', '377_synthetic_control', '48_tae', '56_vote', '1494_qsar-biodeg', '1529_volcanoes-a3', '1533_volcanoes-b3', '1549_autoUniv-au6-750', '164_molecular-biology_promoters', '1465_breast-tissue', '1512_heart-long-beach', '1531_volcanoes-b1', '29_credit-a', '451_irish', '1048_jEdit_4.2_4.3', '1535_volcanoes-b5', '1536_volcanoes-b6', '1553_autoUniv-au7-700', '335_monks-problems-3', '1073_jEdit_4.0_4.2', '15_breast-w', '481_biomed', '55_hepatitis']
ela_features_flacco_imputer_mean_SVM_RBF_0_8.csv;0.8386535303776684;0.8383579638752053;0.0008866995073891215;0.8383579638752053;0.8413136288998357;7.862360164041107e-07;0.501;0.5;0.0030000000000000022;0.5;0.51;9.000000000000014e-06;0.5211923076923076;0.5355608974358974;0.04145333652601108;0.4280448717948717;0.5658333333333334;0.0017183791091387244;['1061_ar4', '1463_blogger', '1490_planning-relax', '1559_breast-tissue', '1456_appendicitis', '1551_autoUniv-au6-400', '1552_autoUniv-au7-1100', '37_diabetes', '1455_acute-inflammations', '22_mfeat-zernike', '444_analcatdata_boxing2', '464_prnn_synth', '51_heart-h', '1066_kc1-binary', '1556_acute-inflammations', '187_wine', '466_schizo', '61_iris', '1063_kc2', '1167_pc1_req', '1510_wdbc', '455_cars', '49_heart-c', '1100_PopularKids', '333_monks-problems-1', '377_synthetic_control', '48_tae', '56_vote', '1494_qsar-biodeg', '1529_volcanoes-a3', '1533_volcanoes-b3', '1549_autoUniv-au6-750', '164_molecular-biology_promoters', '1465_breast-tissue', '1512_heart-long-beach', '1531_volcanoes-b1', '29_credit-a', '451_irish', '1048_jEdit_4.2_4.3', '1536_volcanoes-b6', '1553_autoUniv-au7-700', '335_monks-problems-3', '1073_jEdit_4.0_4.2', '15_breast-w', '481_biomed', '55_hepatitis']
ela_features_flacco_imputer_mean_SVM_RBF_0_85.csv;0.8389490968801315;0.8383579638752053;0.001182266009852162;0.8383579638752053;0.8413136288998357;1.3977529180517525e-06;0.502;0.5;0.0040000000000000036;0.5;0.51;1.600000000000003e-05;0.5840705128205128;0.5876282051282051;0.0157697063197004;0.5581089743589743;0.6036858974358974;0.0002486836374095987;['1061_ar4', '1463_blogger', '1490_planning-relax', '1559_breast-tissue', '1456_appendicitis', '1551_autoUniv-au6-400', '1552_autoUniv-au7-1100', '37_diabetes', '1455_acute-inflammations', '22_mfeat-zernike', '444_analcatdata_boxing2', '464_prnn_synth', '51_heart-h', '1066_kc1-binary', '1556_acute-inflammations', '187_wine', '466_schizo', '61_iris', '1063_kc2', '1167_pc1_req', '1510_wdbc', '455_cars', '49_heart-c', '1100_PopularKids', '333_monks-problems-1', '377_synthetic_control', '48_tae', '56_vote', '1494_qsar-biodeg', '1529_volcanoes-a3', '1533_volcanoes-b3', '1549_autoUniv-au6-750', '164_molecular-biology_promoters', '1465_breast-tissue', '1512_heart-long-beach', '1531_volcanoes-b1', '29_credit-a', '451_irish', '1048_jEdit_4.2_4.3', '1553_autoUniv-au7-700', '335_monks-problems-3', '1073_jEdit_4.0_4.2', '15_breast-w', '481_biomed', '55_hepatitis']
ela_features_flacco_imputer_mean_SVM_RBF_0_9.csv;0.8392446633825944;0.8383579638752053;0.001354455870430235;0.8383579638752053;0.8413136288998357;1.834550704942925e-06;0.5029999999999999;0.5;0.004582575694955844;0.5;0.51;2.100000000000004e-05;0.6156089743589742;0.6123557692307692;0.0141246985387297;0.5903525641025642;0.6451923076923076;0.0001995071088099929;['1061_ar4', '1463_blogger', '1490_planning-relax', '1559_breast-tissue', '1456_appendicitis', '1551_autoUniv-au6-400', '1552_autoUniv-au7-1100', '37_diabetes', '1455_acute-inflammations', '22_mfeat-zernike', '444_analcatdata_boxing2', '464_prnn_synth', '51_heart-h', '1066_kc1-binary', '1556_acute-inflammations', '187_wine', '466_schizo', '61_iris', '1063_kc2', '1167_pc1_req', '1510_wdbc', '455_cars', '49_heart-c', '1100_PopularKids', '333_monks-problems-1', '377_synthetic_control', '48_tae', '56_vote', '1494_qsar-biodeg', '1529_volcanoes-a3', '1533_volcanoes-b3', '1549_autoUniv-au6-750', '164_molecular-biology_promoters', '1465_breast-tissue', '1512_heart-long-beach', '1531_volcanoes-b1', '29_credit-a', '451_irish', '1048_jEdit_4.2_4.3', '1536_volcanoes-b6', '1553_autoUniv-au7-700', '335_monks-problems-3', '1073_jEdit_4.0_4.2', '15_breast-w', '481_biomed', '55_hepatitis']
ela_features_flacco_imputer_mean_SVM_RBF_0_95.csv;0.8383579638752053;0.8383579638752053;0.0;0.8383579638752053;0.8383579638752053;0.0;0.5;0.5;0.0;0.5;0.5;0.0;0.6064358974358974;0.6089903846153846;0.019760075742760515;0.5780128205128204;0.6424358974358975;0.00039046059335963245;['1061_ar4', '1463_blogger', '1490_planning-relax', '1559_breast-tissue', '1456_appendicitis', '1551_autoUniv-au6-400', '1552_autoUniv-au7-1100', '37_diabetes', '1455_acute-inflammations', '22_mfeat-zernike', '444_analcatdata_boxing2', '464_prnn_synth', '51_heart-h', '1066_kc1-binary', '1556_acute-inflammations', '187_wine', '466_schizo', '61_iris', '1063_kc2', '1167_pc1_req', '1510_wdbc', '455_cars', '49_heart-c', '1100_PopularKids', '333_monks-problems-1', '377_synthetic_control', '48_tae', '56_vote', '1494_qsar-biodeg', '1529_volcanoes-a3', '1533_volcanoes-b3', '1549_autoUniv-au6-750', '164_molecular-biology_promoters', '1465_breast-tissue', '1512_heart-long-beach', '1531_volcanoes-b1', '29_credit-a', '451_irish', '1048_jEdit_4.2_4.3', '1535_volcanoes-b5', '1536_volcanoes-b6', '1553_autoUniv-au7-700', '335_monks-problems-3', '1073_jEdit_4.0_4.2', '15_breast-w', '481_biomed', '55_hepatitis']
ela_features_flacco_imputer_mean_XGBoost_0_8.csv;0.7965714381293092;0.7946597114640592;0.011345859013882702;0.7832862176970122;0.8216854137034048;0.00012872851676290335;0.5741538461538462;0.5700320512820514;0.018623550162208985;0.5423076923076923;0.6028205128205129;0.00034683662064431437;0.6668910256410256;0.659471153846154;0.02402459429074667;0.6363141025641026;0.7094230769230769;0.0005771811308349775;['1061_ar4', '1463_blogger', '1490_planning-relax', '1559_breast-tissue', '59_ionosphere', '22_mfeat-zernike', '187_wine', '1167_pc1_req', '292_Australian', '455_cars', '333_monks-problems-1', '48_tae', '56_vote', '1529_volcanoes-a3', '1549_autoUniv-au6-750', '1465_breast-tissue', '1554_autoUniv-au7-500', '29_credit-a', '451_irish', '15_breast-w', '481_biomed', '55_hepatitis']
ela_features_flacco_imputer_mean_XGBoost_0_85.csv;0.7919757385875827;0.7916929004972484;0.011735099248465084;0.7651977409563616;0.8118708746969616;0.0001377125543713258;0.573025641025641;0.5748717948717949;0.020792223739834505;0.5356410256410257;0.5997435897435898;0.0004323165680473376;0.6885128205128204;0.6798397435897436;0.022489789669580824;0.6659294871794873;0.7324038461538461;0.0005057906393819844;['1061_ar4', '1463_blogger', '1490_planning-relax', '1559_breast-tissue', '679_rmftsa_sleepdata', '1456_appendicitis', '1555_autoUniv-au6-1000', '22_mfeat-zernike', '446_prnn_crabs', '187_wine', '1167_pc1_req', '1510_wdbc', '292_Australian', '455_cars', '333_monks-problems-1', '48_tae', '56_vote', '1494_qsar-biodeg', '1529_volcanoes-a3', '1549_autoUniv-au6-750', '1465_breast-tissue', '1531_volcanoes-b1', '1554_autoUniv-au7-500', '451_irish', '335_monks-problems-3', '15_breast-w', '481_biomed', '55_hepatitis']
ela_features_flacco_imputer_mean_XGBoost_0_9.csv;0.8183740936890862;0.8155636955636956;0.010696391581336163;0.7977629134150874;0.8394809264809266;0.00011441279286127913;0.6202948717948717;0.6171794871794872;0.023471715601284603;0.5831410256410255;0.6609615384615385;0.000550921433267587;0.7218333333333333;0.7240705128205129;0.023349840948512737;0.6818910256410257;0.7527243589743591;0.0005452150723208423;['1463_blogger', '1490_planning-relax', '679_rmftsa_sleepdata', '1551_autoUniv-au6-400', '53_heart-statlog', '1555_autoUniv-au6-1000', '22_mfeat-zernike', '446_prnn_crabs', '187_wine', '1510_wdbc', '292_Australian', '455_cars', '333_monks-problems-1', '48_tae', '56_vote', '1494_qsar-biodeg', '1549_autoUniv-au6-750', '1554_autoUniv-au7-500', '451_irish', '335_monks-problems-3', '481_biomed', '55_hepatitis']
ela_features_flacco_imputer_mean_XGBoost_0_95.csv;0.8271389738808029;0.8256966736412014;0.00955777061966512;0.811996336996337;0.8439067688378034;9.135097921813378e-05;0.6319166666666667;0.6352243589743589;0.013425331344002365;0.6081410256410256;0.6539743589743588;0.00018023952169625234;0.7357564102564103;0.7332371794871795;0.017787763904083875;0.7101282051282051;0.7755448717948717;0.0003164045447074293;['1463_blogger', '1490_planning-relax', '1456_appendicitis', '1551_autoUniv-au6-400', '1552_autoUniv-au7-1100', '53_heart-statlog', '1555_autoUniv-au6-1000', '22_mfeat-zernike', '446_prnn_crabs', '187_wine', '1510_wdbc', '292_Australian', '455_cars', '333_monks-problems-1', '48_tae', '56_vote', '1494_qsar-biodeg', '1549_autoUniv-au6-750', '1554_autoUniv-au7-500', '29_credit-a', '451_irish', '335_monks-problems-3', '481_biomed']
ela_features_flacco_knn_imputer_DT_0_8.csv;0.7486783736477101;0.7517476758346324;0.030116602460134582;0.6851300385350727;0.7854913454204071;0.0009070097437417844;0.5795192307692307;0.5825961538461538;0.04945426408005884;0.5039102564102564;0.6578846153846154;0.002445724235700198;0.5795192307692307;0.5825961538461538;0.049454264080058846;0.5039102564102564;0.6578846153846154;0.0024457242357001983;['1462_banknote-authentication', '48_tae', '1465_breast-tissue', '1073_jEdit_4.0_4.2']
ela_features_flacco_knn_imputer_DT_0_85.csv;0.7436255761951414;0.748594004224439;0.02575848510310506;0.6973966323531541;0.7795946806816372;0.0006634995548068852;0.578525641025641;0.5711538461538461;0.03473947368938751;0.5330128205128205;0.6444230769230769;0.001206831032215647;0.578525641025641;0.5711538461538461;0.03473947368938751;0.5330128205128205;0.6444230769230769;0.001206831032215647;['1462_banknote-authentication', '48_tae', '1494_qsar-biodeg', '1465_breast-tissue', '1073_jEdit_4.0_4.2']
ela_features_flacco_knn_imputer_DT_0_9.csv;0.7375714568336993;0.7328298679454286;0.026928529716064287;0.6970391492565404;0.7965750191837148;0.0007251457126689573;0.5624487179487179;0.5726282051282052;0.047369910791442454;0.48807692307692313;0.6302564102564103;0.0022439084483892166;0.5624487179487179;0.5726282051282052;0.047369910791442454;0.48807692307692313;0.6302564102564103;0.0022439084483892166;['1462_banknote-authentication', '56_vote', '1494_qsar-biodeg', '29_credit-a', '1073_jEdit_4.0_4.2']
ela_features_flacco_knn_imputer_DT_0_95.csv;0.7388123712331635;0.7419101365623104;0.02945050301668535;0.6872344322344321;0.774083316927395;0.0008673321279357929;0.5515256410256411;0.5645833333333332;0.041640127642837095;0.4970512820512821;0.6085897435897436;0.0017339002301117658;0.5515256410256411;0.5645833333333333;0.04164012764283711;0.4970512820512821;0.6085897435897436;0.001733900230111767;['56_vote', '1494_qsar-biodeg', '1048_jEdit_4.2_4.3', '1073_jEdit_4.0_4.2']
ela_features_flacco_knn_imputer_KNN_0_8.csv;0.7913999437399737;0.786536621188795;0.008850890893142999;0.7803166182476526;0.8060125889436234;7.833826960232166e-05;0.5162115384615384;0.5230448717948718;0.022988889242405892;0.45942307692307693;0.5434615384615384;0.0005284890285996054;0.5353365384615385;0.5364102564102564;0.025788044063747725;0.4957051282051282;0.5811217948717948;0.0006650232166337943;['1061_ar4', '1490_planning-relax', '1559_breast-tissue', '1456_appendicitis', '1551_autoUniv-au6-400', '1552_autoUniv-au7-1100', '1455_acute-inflammations', '22_mfeat-zernike', '444_analcatdata_boxing2', '464_prnn_synth', '1066_kc1-binary', '1556_acute-inflammations', '187_wine', '466_schizo', '61_iris', '1063_kc2', '1510_wdbc', '40_sonar', '455_cars', '49_heart-c', '1100_PopularKids', '333_monks-problems-1', '48_tae', '56_vote', '1494_qsar-biodeg', '1465_breast-tissue', '1048_jEdit_4.2_4.3', '335_monks-problems-3', '35_dermatology', '15_breast-w', '481_biomed']
ela_features_flacco_knn_imputer_KNN_0_85.csv;0.7847445010927769;0.7839988851727981;0.013959856125976375;0.7651241351241351;0.8155787265097609;0.00019487758305796013;0.524846153846154;0.5247115384615384;0.020747202626644205;0.476923076923077;0.5562820512820513;0.00043044641683103217;0.5739423076923076;0.5704567307692308;0.021571604584326526;0.542051282051282;0.6148717948717948;0.0004653341243425372;['1490_planning-relax', '1559_breast-tissue', '1456_appendicitis', '1551_autoUniv-au6-400', '1552_autoUniv-au7-1100', '1455_acute-inflammations', '1527_volcanoes-a1', '22_mfeat-zernike', '444_analcatdata_boxing2', '464_prnn_synth', '1066_kc1-binary', '187_wine', '466_schizo', '61_iris', '1063_kc2', '1510_wdbc', '40_sonar', '455_cars', '49_heart-c', '1100_PopularKids', '333_monks-problems-1', '48_tae', '56_vote', '1494_qsar-biodeg', '1465_breast-tissue', '1554_autoUniv-au7-500', '1048_jEdit_4.2_4.3', '335_monks-problems-3', '15_breast-w', '481_biomed']
ela_features_flacco_knn_imputer_KNN_0_9.csv;0.7944270405636459;0.7935769090424263;0.02018369355430211;0.7555850542372282;0.8354029304029303;0.00040738148549397657;0.5369807692307692;0.5366987179487179;0.025671159376514062;0.5002564102564102;0.5878205128205128;0.0006590084237343858;0.598772435897436;0.5904086538461539;0.024318173065749647;0.568701923076923;0.6439583333333333;0.0005913735412557516;['1490_planning-relax', '1539_volcanoes-d2', '1559_breast-tissue', '1456_appendicitis', '1551_autoUniv-au6-400', '1552_autoUniv-au7-1100', '22_mfeat-zernike', '444_analcatdata_boxing2', '187_wine', '466_schizo', '61_iris', '1510_wdbc', '1528_volcanoes-a2', '455_cars', '1100_PopularKids', '333_monks-problems-1', '48_tae', '56_vote', '1494_qsar-biodeg', '1549_autoUniv-au6-750', '1465_breast-tissue', '1048_jEdit_4.2_4.3', '335_monks-problems-3', '15_breast-w', '481_biomed']
ela_features_flacco_knn_imputer_KNN_0_95.csv;0.7786888612581266;0.7843815628815629;0.018327120795247002;0.7424229193539538;0.8021069849690539;0.00033588335664357517;0.5115833333333334;0.5116346153846154;0.026642309666497548;0.46032051282051284;0.546923076923077;0.0007098126643655487;0.5607724358974359;0.5605448717948718;0.019329822091968825;0.5342788461538462;0.5935576923076924;0.00037364202210716607;['1463_blogger', '1490_planning-relax', '1539_volcanoes-d2', '1559_breast-tissue', '38_sick', '1456_appendicitis', '1551_autoUniv-au6-400', '1552_autoUniv-au7-1100', '22_mfeat-zernike', '444_analcatdata_boxing2', '187_wine', '31_credit-g', '466_schizo', '61_iris', '1167_pc1_req', '1510_wdbc', '455_cars', '49_heart-c', '1100_PopularKids', '48_tae', '56_vote', '1494_qsar-biodeg', '1529_volcanoes-a3', '1549_autoUniv-au6-750', '1554_autoUniv-au7-500', '1048_jEdit_4.2_4.3', '335_monks-problems-3', '481_biomed']
ela_features_flacco_knn_imputer_LogisticRegression_0_8.csv;0.8348644407954753;0.8341707717569786;0.0023014044192100204;0.8305418719211822;0.8383579638752053;5.296462300759412e-06;0.49796153846153846;0.49599358974358976;0.003739416360076001;0.49230769230769234;0.5058333333333334;1.3983234714004046e-05;0.5150416666666666;0.5142467948717949;0.035194103014548984;0.4524038461538461;0.5903846153846154;0.0012386248869986857;['1061_ar4', '1463_blogger', '1490_planning-relax', '1559_breast-tissue', '1456_appendicitis', '1551_autoUniv-au6-400', '1552_autoUniv-au7-1100', '37_diabetes', '1455_acute-inflammations', '22_mfeat-zernike', '444_analcatdata_boxing2', '464_prnn_synth', '1066_kc1-binary', '1556_acute-inflammations', '187_wine', '466_schizo', '61_iris', '1063_kc2', '1167_pc1_req', '1510_wdbc', '455_cars', '49_heart-c', '1100_PopularKids', '333_monks-problems-1', '377_synthetic_control', '48_tae', '56_vote', '1494_qsar-biodeg', '1529_volcanoes-a3', '1533_volcanoes-b3', '1549_autoUniv-au6-750', '164_molecular-biology_promoters', '1465_breast-tissue', '1512_heart-long-beach', '1531_volcanoes-b1', '29_credit-a', '451_irish', '1048_jEdit_4.2_4.3', '1536_volcanoes-b6', '1553_autoUniv-au7-700', '335_monks-problems-3', '1073_jEdit_4.0_4.2', '15_breast-w', '481_biomed', '55_hepatitis']
ela_features_flacco_knn_imputer_LogisticRegression_0_85.csv;0.8323800401386607;0.8336717752234993;0.0026748369251146627;0.8257963875205254;0.8344499178981938;7.154752575956863e-06;0.4954935897435898;0.4958333333333333;0.004125342414015261;0.4875;0.5019871794871795;1.7018450032873264e-05;0.5139070512820514;0.5141826923076922;0.031321605831500836;0.43897435897435894;0.5516346153846154;0.0009810429918639073;['1061_ar4', '1463_blogger', '1490_planning-relax', '1559_breast-tissue', '1456_appendicitis', '1551_autoUniv-au6-400', '1552_autoUniv-au7-1100', '37_diabetes', '1455_acute-inflammations', '22_mfeat-zernike', '444_analcatdata_boxing2', '464_prnn_synth', '1066_kc1-binary', '1556_acute-inflammations', '187_wine', '466_schizo', '61_iris', '1063_kc2', '1167_pc1_req', '1510_wdbc', '455_cars', '49_heart-c', '1100_PopularKids', '333_monks-problems-1', '377_synthetic_control', '48_tae', '56_vote', '1491_one-hundred-plants-margin', '1494_qsar-biodeg', '1529_volcanoes-a3', '1533_volcanoes-b3', '1549_autoUniv-au6-750', '164_molecular-biology_promoters', '1465_breast-tissue', '1512_heart-long-beach', '1531_volcanoes-b1', '29_credit-a', '451_irish', '1048_jEdit_4.2_4.3', '1536_volcanoes-b6', '1553_autoUniv-au7-700', '335_monks-problems-3', '1073_jEdit_4.0_4.2', '15_breast-w', '481_biomed', '55_hepatitis']
ela_features_flacco_knn_imputer_LogisticRegression_0_9.csv;0.8310286444079548;0.8301231527093598;0.002241974702341178;0.8289855865717936;0.837126436781609;5.026450565937815e-06;0.49485897435897436;0.4921474358974359;0.0048742234162890115;0.4916666666666666;0.5058333333333332;2.3758053911900123e-05;0.5373685897435897;0.5424358974358974;0.028367700361794725;0.4706730769230769;0.5680769230769231;0.0008047264238165685;['1061_ar4', '1463_blogger', '1490_planning-relax', '1559_breast-tissue', '1456_appendicitis', '1551_autoUniv-au6-400', '1552_autoUniv-au7-1100', '37_diabetes', '1455_acute-inflammations', '22_mfeat-zernike', '444_analcatdata_boxing2', '464_prnn_synth', '1066_kc1-binary', '1556_acute-inflammations', '187_wine', '466_schizo', '61_iris', '1063_kc2', '1167_pc1_req', '1510_wdbc', '455_cars', '49_heart-c', '1100_PopularKids', '333_monks-problems-1', '377_synthetic_control', '48_tae', '56_vote', '1491_one-hundred-plants-margin', '1494_qsar-biodeg', '1529_volcanoes-a3', '1533_volcanoes-b3', '1549_autoUniv-au6-750', '164_molecular-biology_promoters', '1465_breast-tissue', '1512_heart-long-beach', '1531_volcanoes-b1', '29_credit-a', '451_irish', '1048_jEdit_4.2_4.3', '1536_volcanoes-b6', '1553_autoUniv-au7-700', '335_monks-problems-3', '1073_jEdit_4.0_4.2', '15_breast-w', '481_biomed', '55_hepatitis']
ela_features_flacco_knn_imputer_LogisticRegression_0_95.csv;0.8294179894179894;0.8299835796387521;0.002298898937525444;0.8247983944535668;0.832893632548805;5.284936324955616e-06;0.492576923076923;0.491826923076923;0.003371063584537216;0.4875;0.5016666666666667;1.1364069690992904e-05;0.5532275641025641;0.5527083333333334;0.032245319861061154;0.48852564102564094;0.6065384615384615;0.001039760652942145;['1061_ar4', '1463_blogger', '1490_planning-relax', '1559_breast-tissue', '1456_appendicitis', '1551_autoUniv-au6-400', '1552_autoUniv-au7-1100', '37_diabetes', '1455_acute-inflammations', '22_mfeat-zernike', '444_analcatdata_boxing2', '464_prnn_synth', '1037_ada_prior', '1066_kc1-binary', '1556_acute-inflammations', '187_wine', '466_schizo', '61_iris', '1063_kc2', '1167_pc1_req', '1510_wdbc', '455_cars', '49_heart-c', '1100_PopularKids', '333_monks-problems-1', '377_synthetic_control', '48_tae', '56_vote', '1491_one-hundred-plants-margin', '1494_qsar-biodeg', '1529_volcanoes-a3', '1533_volcanoes-b3', '1549_autoUniv-au6-750', '164_molecular-biology_promoters', '1465_breast-tissue', '1512_heart-long-beach', '1531_volcanoes-b1', '29_credit-a', '451_irish', '1048_jEdit_4.2_4.3', '1536_volcanoes-b6', '1553_autoUniv-au7-700', '335_monks-problems-3', '1073_jEdit_4.0_4.2', '15_breast-w', '481_biomed', '55_hepatitis']
ela_features_flacco_knn_imputer_NB_0_8.csv;0.6716978588945828;0.6648444888444888;0.05781105077429903;0.5631480519998491;0.7514119022739711;0.0033421175916285807;0.4774871794871795;0.47637820512820506;0.03299059246696698;0.42519230769230765;0.5321794871794872;0.0010883791913214984;0.4580096153846154;0.46762820512820513;0.030961748983995223;0.3993589743589744;0.49756410256410255;0.0009586299001479292;['1490_planning-relax', '1523_vertebra-column', '1551_autoUniv-au6-400', '4550_MiceProtein', '187_wine', '61_iris', '1167_pc1_req', '40_sonar', '1100_PopularKids', '333_monks-problems-1', '377_synthetic_control', '48_tae', '1491_one-hundred-plants-margin', '1506_thoracic-surgery', '1549_autoUniv-au6-750', '1531_volcanoes-b1', '335_monks-problems-3', '15_breast-w']
ela_features_flacco_knn_imputer_NB_0_85.csv;0.570013045454767;0.5725007199131913;0.02359630022312864;0.5250765803397383;0.6056254827890984;0.0005567853842200208;0.4671666666666667;0.4690064102564102;0.02367763031882187;0.4263461538461539;0.4945512820512821;0.0005606301775147927;0.4661394230769231;0.4648076923076923;0.027080208105605477;0.423076923076923;0.498974358974359;0.0007333376710429006;['1049_pc4', '1490_planning-relax', '38_sick', '40475_thyroid-allhyper', '1523_vertebra-column', '4550_MiceProtein', '464_prnn_synth', '1459_artificial-characters', '187_wine', '61_iris', '1167_pc1_req', '1475_first-order-theorem-proving', '40_sonar', '6332_cylinder-bands', '1100_PopularKids', '329_hayes-roth', '377_synthetic_control', '1491_one-hundred-plants-margin', '1506_thoracic-surgery', '1549_autoUniv-au6-750', '1600_SPECTF', '1531_volcanoes-b1', '452_analcatdata_broadwaymult', '1043_ada_agnostic', '1535_volcanoes-b5']
ela_features_flacco_knn_imputer_NB_0_9.csv;0.5721785335965441;0.5701587620462973;0.026901415981517122;0.5322444645287557;0.624292653697688;0.0007236861818106248;0.4909871794871795;0.48801282051282047;0.025092026546030925;0.45583333333333337;0.5319871794871796;0.0006296097961867207;0.5019326923076922;0.4950080128205128;0.019745854536269668;0.47766025641025645;0.5427564102564102;0.00038989877136752147;['1049_pc4', '1490_planning-relax', '38_sick', '40475_thyroid-allhyper', '1067_kc1', '1115_teachingAssistant', '1523_vertebra-column', '1570_wilt', '448_analcatdata_boxing1', '4550_MiceProtein', '1050_pc3', '464_prnn_synth', '1453_PieChart3', '1556_acute-inflammations', '187_wine', '316_yeast_ml8', '450_analcatdata_lawsuit', '61_iris', '1167_pc1_req', '1475_first-order-theorem-proving', '40_sonar', '6332_cylinder-bands', '1100_PopularKids', '185_baseball', '329_hayes-roth', '377_synthetic_control', '40474_thyroid-allbp', '1480_ilpd', '1491_one-hundred-plants-margin', '1506_thoracic-surgery', '1549_autoUniv-au6-750', '1600_SPECTF', '310_mammography', '1446_CostaMadre1', '1531_volcanoes-b1', '1554_autoUniv-au7-500', '451_irish', '452_analcatdata_broadwaymult', '1043_ada_agnostic', '1498_sa-heart', '1535_volcanoes-b5', '335_monks-problems-3', '15_breast-w', '1558_bank-marketing']
ela_features_flacco_knn_imputer_NB_0_95.csv;0.5961285421560089;0.604929339158172;0.025660289883537538;0.5479692821798083;0.6287632174588695;0.0006584504769071789;0.5054807692307692;0.5050320512820512;0.019706305329937893;0.4630128205128205;0.5328846153846153;0.00038833846975673867;0.5085352564102563;0.5078125;0.020353050165809038;0.46483974358974356;0.5388461538461538;0.00041424665105193925;['1049_pc4', '1463_blogger', '1484_lsvt', '1490_planning-relax', '38_sick', '40475_thyroid-allhyper', '59_ionosphere', '1067_kc1', '1115_teachingAssistant', '1523_vertebra-column', '1570_wilt', '448_analcatdata_boxing1', '4550_MiceProtein', '22_mfeat-zernike', '311_oil_spill', '464_prnn_synth', '1556_acute-inflammations', '187_wine', '450_analcatdata_lawsuit', '61_iris', '1167_pc1_req', '1475_first-order-theorem-proving', '292_Australian', '40_sonar', '6332_cylinder-bands', '1100_PopularKids', '185_baseball', '333_monks-problems-1', '377_synthetic_control', '40474_thyroid-allbp', '48_tae', '1491_one-hundred-plants-margin', '1506_thoracic-surgery', '1511_wholesale-customers', '1549_autoUniv-au6-750', '1600_SPECTF', '310_mammography', '1446_CostaMadre1', '1531_volcanoes-b1', '1554_autoUniv-au7-500', '451_irish', '452_analcatdata_broadwaymult', '1043_ada_agnostic', '1498_sa-heart', '1535_volcanoes-b5', '335_monks-problems-3', '1496_ringnorm', '15_breast-w', '1558_bank-marketing']
ela_features_flacco_knn_imputer_RF_0_8.csv;0.8162773280525905;0.8168679002989349;0.008427310020441335;0.803602739533774;0.8298599357220047;7.101955418063094e-05;0.5548589743589742;0.5473076923076923;0.015479695508764076;0.5411538461538461;0.5881410256410257;0.0002396209730440507;0.6513205128205128;0.6596153846153847;0.019805398796767855;0.6159455128205128;0.6725961538461538;0.00039225382149901363;['1061_ar4', '1462_banknote-authentication', '1463_blogger', '1490_planning-relax', '1559_breast-tissue', '1456_appendicitis', '22_mfeat-zernike', '444_analcatdata_boxing2', '1066_kc1-binary', '187_wine', '61_iris', '1063_kc2', '1510_wdbc', '455_cars', '1100_PopularKids', '333_monks-problems-1', '48_tae', '56_vote', '1494_qsar-biodeg', '1529_volcanoes-a3', '1549_autoUniv-au6-750', '1465_breast-tissue', '1512_heart-long-beach', '1554_autoUniv-au7-500', '29_credit-a', '451_irish', '1048_jEdit_4.2_4.3', '1498_sa-heart', '335_monks-problems-3', '1073_jEdit_4.0_4.2', '15_breast-w', '55_hepatitis']
ela_features_flacco_knn_imputer_RF_0_85.csv;0.819987751839476;0.8224799083419774;0.011249219228571873;0.7957878966499656;0.8350592957489509;0.00012654493325247115;0.5551923076923078;0.5599679487179487;0.019338735387572106;0.5173076923076922;0.5778205128205129;0.0003739866863905337;0.6463108974358975;0.645360576923077;0.02117289327998172;0.6046314102564103;0.6901923076923075;0.000448291409845495;['1061_ar4', '1462_banknote-authentication', '1463_blogger', '1490_planning-relax', '1559_breast-tissue', '1456_appendicitis', '1555_autoUniv-au6-1000', '22_mfeat-zernike', '464_prnn_synth', '187_wine', '61_iris', '1063_kc2', '1167_pc1_req', '1510_wdbc', '455_cars', '1100_PopularKids', '333_monks-problems-1', '48_tae', '56_vote', '1494_qsar-biodeg', '1529_volcanoes-a3', '1549_autoUniv-au6-750', '164_molecular-biology_promoters', '1465_breast-tissue', '1512_heart-long-beach', '29_credit-a', '451_irish', '1048_jEdit_4.2_4.3', '335_monks-problems-3', '1073_jEdit_4.0_4.2', '15_breast-w', '55_hepatitis']
ela_features_flacco_knn_imputer_RF_0_9.csv;0.8240868786552443;0.8266175178588971;0.010958520231234945;0.8029055301409125;0.8392360602360602;0.00012008916565838562;0.5622884615384616;0.5579807692307692;0.01530792987188424;0.5434615384615384;0.597820512820513;0.00023433271696252583;0.6735625000000001;0.6750480769230769;0.021163242195009632;0.642724358974359;0.7041666666666667;0.0004478828202046361;['1061_ar4', '1463_blogger', '1490_planning-relax', '1559_breast-tissue', '1456_appendicitis', '1551_autoUniv-au6-400', '22_mfeat-zernike', '187_wine', '61_iris', '1063_kc2', '1167_pc1_req', '1510_wdbc', '455_cars', '1100_PopularKids', '333_monks-problems-1', '48_tae', '56_vote', '1494_qsar-biodeg', '1529_volcanoes-a3', '1549_autoUniv-au6-750', '1465_breast-tissue', '1512_heart-long-beach', '29_credit-a', '451_irish', '1048_jEdit_4.2_4.3', '335_monks-problems-3', '1073_jEdit_4.0_4.2', '15_breast-w', '55_hepatitis']
ela_features_flacco_knn_imputer_RF_0_95.csv;0.813433729106143;0.8142768444837409;0.009274012113733679;0.7923654582964927;0.8259494477425513;8.6007300685679e-05;0.5410448717948718;0.5396153846153846;0.01152385293166017;0.5237820512820514;0.5617948717948719;0.0001327991863905327;0.639639423076923;0.6359855769230769;0.016226102405213196;0.6202243589743589;0.6712179487179487;0.00026328639926446546;['1061_ar4', '1463_blogger', '1490_planning-relax', '1559_breast-tissue', '1456_appendicitis', '1551_autoUniv-au6-400', '22_mfeat-zernike', '444_analcatdata_boxing2', '187_wine', '466_schizo', '61_iris', '1063_kc2', '1167_pc1_req', '1510_wdbc', '455_cars', '1100_PopularKids', '333_monks-problems-1', '48_tae', '56_vote', '1494_qsar-biodeg', '1529_volcanoes-a3', '1549_autoUniv-au6-750', '164_molecular-biology_promoters', '1465_breast-tissue', '29_credit-a', '451_irish', '1048_jEdit_4.2_4.3', '335_monks-problems-3', '1073_jEdit_4.0_4.2', '55_hepatitis']
ela_features_flacco_knn_imputer_SVM_LIN_0_8.csv;0.837576354679803;0.8383579638752053;0.0015632183908046216;0.8344499178981938;0.8383579638752053;2.4436517373497905e-06;0.49923076923076926;0.5;0.0015384615384615328;0.49615384615384617;0.5;2.3668639053254267e-06;0.4287980769230769;0.42943910256410256;0.03903198035227331;0.36464743589743587;0.49028846153846145;0.0015234954902202495;['1061_ar4', '1463_blogger', '1490_planning-relax', '1559_breast-tissue', '1456_appendicitis', '1551_autoUniv-au6-400', '1552_autoUniv-au7-1100', '37_diabetes', '1455_acute-inflammations', '22_mfeat-zernike', '444_analcatdata_boxing2', '464_prnn_synth', '51_heart-h', '1066_kc1-binary', '1556_acute-inflammations', '187_wine', '466_schizo', '61_iris', '1063_kc2', '1167_pc1_req', '1510_wdbc', '455_cars', '49_heart-c', '1100_PopularKids', '333_monks-problems-1', '377_synthetic_control', '48_tae', '56_vote', '1494_qsar-biodeg', '1529_volcanoes-a3', '1533_volcanoes-b3', '1549_autoUniv-au6-750', '164_molecular-biology_promoters', '1465_breast-tissue', '1512_heart-long-beach', '1531_volcanoes-b1', '29_credit-a', '451_irish', '1048_jEdit_4.2_4.3', '1535_volcanoes-b5', '1536_volcanoes-b6', '1553_autoUniv-au7-700', '335_monks-problems-3', '1073_jEdit_4.0_4.2', '15_breast-w', '481_biomed', '55_hepatitis']
ela_features_flacco_knn_imputer_SVM_LIN_0_85.csv;0.8367668308702794;0.8383579638752053;0.0019502308970118301;0.8341707717569786;0.8383579638752053;3.803400551659568e-06;0.4984294871794872;0.5;0.0019254792687019994;0.4958333333333333;0.5;3.707470414201186e-06;0.47019230769230774;0.4845673076923077;0.03194980088299227;0.41788461538461535;0.5186538461538461;0.0010207897764628535;['1061_ar4', '1463_blogger', '1490_planning-relax', '1559_breast-tissue', '1456_appendicitis', '1551_autoUniv-au6-400', '1552_autoUniv-au7-1100', '37_diabetes', '1455_acute-inflammations', '22_mfeat-zernike', '444_analcatdata_boxing2', '464_prnn_synth', '51_heart-h', '1066_kc1-binary', '1556_acute-inflammations', '187_wine', '466_schizo', '61_iris', '1063_kc2', '1167_pc1_req', '1510_wdbc', '455_cars', '49_heart-c', '1100_PopularKids', '333_monks-problems-1', '377_synthetic_control', '48_tae', '56_vote', '1494_qsar-biodeg', '1529_volcanoes-a3', '1533_volcanoes-b3', '1549_autoUniv-au6-750', '164_molecular-biology_promoters', '1465_breast-tissue', '1512_heart-long-beach', '1531_volcanoes-b1', '29_credit-a', '451_irish', '1048_jEdit_4.2_4.3', '1535_volcanoes-b5', '1536_volcanoes-b6', '1553_autoUniv-au7-700', '335_monks-problems-3', '1073_jEdit_4.0_4.2', '15_breast-w', '481_biomed', '55_hepatitis']
ela_features_flacco_knn_imputer_SVM_LIN_0_9.csv;0.8355385878489328;0.8344499178981938;0.001849330018232433;0.8341707717569786;0.8383579638752053;3.4200215163355716e-06;0.49721153846153854;0.49615384615384617;0.0018302937865729847;0.4958333333333333;0.5;3.3499753451676748e-06;0.49519230769230765;0.48362179487179485;0.06930478889637479;0.3969551282051282;0.5900961538461538;0.004803153763971073;['1061_ar4', '1463_blogger', '1490_planning-relax', '1559_breast-tissue', '1456_appendicitis', '1551_autoUniv-au6-400', '1552_autoUniv-au7-1100', '37_diabetes', '1455_acute-inflammations', '22_mfeat-zernike', '444_analcatdata_boxing2', '464_prnn_synth', '51_heart-h', '1066_kc1-binary', '1556_acute-inflammations', '187_wine', '466_schizo', '61_iris', '1063_kc2', '1167_pc1_req', '1510_wdbc', '455_cars', '49_heart-c', '1100_PopularKids', '333_monks-problems-1', '377_synthetic_control', '48_tae', '56_vote', '1494_qsar-biodeg', '1529_volcanoes-a3', '1533_volcanoes-b3', '1549_autoUniv-au6-750', '164_molecular-biology_promoters', '1465_breast-tissue', '1512_heart-long-beach', '1531_volcanoes-b1', '29_credit-a', '451_irish', '1048_jEdit_4.2_4.3', '1535_volcanoes-b5', '1536_volcanoes-b6', '1553_autoUniv-au7-700', '335_monks-problems-3', '1073_jEdit_4.0_4.2', '15_breast-w', '481_biomed', '55_hepatitis']
ela_features_flacco_knn_imputer_SVM_LIN_0_95.csv;0.8349967159277505;0.8343103448275861;0.0014631647578371419;0.8341707717569786;0.8383579638752053;2.140851108576622e-06;0.49737820512820513;0.49599358974358976;0.003167270003771651;0.4958333333333333;0.5061538461538462;1.0031599276791676e-05;0.5117788461538461;0.5193429487179487;0.0580856573673584;0.4285576923076923;0.5823717948717948;0.0033739435917981573;['1061_ar4', '1463_blogger', '1490_planning-relax', '1559_breast-tissue', '1456_appendicitis', '1551_autoUniv-au6-400', '1552_autoUniv-au7-1100', '37_diabetes', '1455_acute-inflammations', '22_mfeat-zernike', '444_analcatdata_boxing2', '464_prnn_synth', '1066_kc1-binary', '1556_acute-inflammations', '187_wine', '466_schizo', '61_iris', '1063_kc2', '1167_pc1_req', '1510_wdbc', '455_cars', '49_heart-c', '1100_PopularKids', '333_monks-problems-1', '377_synthetic_control', '48_tae', '56_vote', '1494_qsar-biodeg', '1529_volcanoes-a3', '1533_volcanoes-b3', '1549_autoUniv-au6-750', '164_molecular-biology_promoters', '1465_breast-tissue', '1512_heart-long-beach', '1531_volcanoes-b1', '29_credit-a', '451_irish', '1048_jEdit_4.2_4.3', '1535_volcanoes-b5', '1536_volcanoes-b6', '1553_autoUniv-au7-700', '335_monks-problems-3', '1073_jEdit_4.0_4.2', '15_breast-w', '481_biomed', '55_hepatitis']
ela_features_flacco_knn_imputer_SVM_RBF_0_8.csv;0.8392446633825944;0.8383579638752053;0.0018925490356944095;0.8383579638752053;0.8442692939244664;3.581741852507839e-06;0.5029999999999999;0.5;0.006403124237432825;0.5;0.5199999999999999;4.0999999999999696e-05;0.528673076923077;0.5364903846153846;0.039403497848151704;0.4373717948717949;0.5674679487179486;0.001552635642669296;['1061_ar4', '1463_blogger', '1490_planning-relax', '1559_breast-tissue', '1456_appendicitis', '1551_autoUniv-au6-400', '1552_autoUniv-au7-1100', '37_diabetes', '1455_acute-inflammations', '22_mfeat-zernike', '444_analcatdata_boxing2', '464_prnn_synth', '51_heart-h', '1066_kc1-binary', '1556_acute-inflammations', '187_wine', '466_schizo', '61_iris', '1063_kc2', '1167_pc1_req', '1510_wdbc', '455_cars', '49_heart-c', '1100_PopularKids', '333_monks-problems-1', '377_synthetic_control', '48_tae', '56_vote', '1494_qsar-biodeg', '1529_volcanoes-a3', '1549_autoUniv-au6-750', '164_molecular-biology_promoters', '1465_breast-tissue', '1512_heart-long-beach', '1531_volcanoes-b1', '29_credit-a', '451_irish', '1048_jEdit_4.2_4.3', '1536_volcanoes-b6', '1553_autoUniv-au7-700', '335_monks-problems-3', '1073_jEdit_4.0_4.2', '15_breast-w', '481_biomed', '55_hepatitis']
ela_features_flacco_knn_imputer_SVM_RBF_0_85.csv;0.8392446633825944;0.8383579638752053;0.001354455870430235;0.8383579638752053;0.8413136288998357;1.834550704942925e-06;0.5029999999999999;0.5;0.004582575694955844;0.5;0.51;2.100000000000004e-05;0.5561538461538461;0.555;0.026754021277251305;0.5094871794871796;0.6041666666666666;0.0007157776545036156;['1061_ar4', '1463_blogger', '1490_planning-relax', '1559_breast-tissue', '1456_appendicitis', '1551_autoUniv-au6-400', '1552_autoUniv-au7-1100', '37_diabetes', '1455_acute-inflammations', '22_mfeat-zernike', '444_analcatdata_boxing2', '464_prnn_synth', '51_heart-h', '1066_kc1-binary', '1556_acute-inflammations', '187_wine', '466_schizo', '61_iris', '1063_kc2', '1167_pc1_req', '1510_wdbc', '455_cars', '49_heart-c', '1100_PopularKids', '333_monks-problems-1', '377_synthetic_control', '48_tae', '56_vote', '1494_qsar-biodeg', '1529_volcanoes-a3', '1533_volcanoes-b3', '1549_autoUniv-au6-750', '164_molecular-biology_promoters', '1465_breast-tissue', '1512_heart-long-beach', '1531_volcanoes-b1', '29_credit-a', '451_irish', '1048_jEdit_4.2_4.3', '1536_volcanoes-b6', '1553_autoUniv-au7-700', '335_monks-problems-3', '1073_jEdit_4.0_4.2', '15_breast-w', '481_biomed', '55_hepatitis']
ela_features_flacco_knn_imputer_SVM_RBF_0_9.csv;0.8395402298850575;0.8383579638752053;0.0019605663785351745;0.8383579638752053;0.8442692939244664;3.843820524642529e-06;0.5039999999999999;0.5;0.006633249580710779;0.5;0.5199999999999999;4.399999999999973e-05;0.6120705128205128;0.6131249999999999;0.013512169740569482;0.5882692307692308;0.6318589743589743;0.00018257873109796155;['1061_ar4', '1463_blogger', '1490_planning-relax', '1559_breast-tissue', '1456_appendicitis', '1551_autoUniv-au6-400', '1552_autoUniv-au7-1100', '37_diabetes', '1455_acute-inflammations', '22_mfeat-zernike', '444_analcatdata_boxing2', '464_prnn_synth', '51_heart-h', '1066_kc1-binary', '1556_acute-inflammations', '187_wine', '466_schizo', '61_iris', '1063_kc2', '1167_pc1_req', '1510_wdbc', '455_cars', '49_heart-c', '1100_PopularKids', '333_monks-problems-1', '377_synthetic_control', '48_tae', '56_vote', '1494_qsar-biodeg', '1529_volcanoes-a3', '1549_autoUniv-au6-750', '164_molecular-biology_promoters', '1465_breast-tissue', '1512_heart-long-beach', '1531_volcanoes-b1', '29_credit-a', '451_irish', '1048_jEdit_4.2_4.3', '1536_volcanoes-b6', '1553_autoUniv-au7-700', '335_monks-problems-3', '1073_jEdit_4.0_4.2', '15_breast-w', '481_biomed', '55_hepatitis']
ela_features_flacco_knn_imputer_SVM_RBF_0_95.csv;0.8383579638752053;0.8383579638752053;0.0;0.8383579638752053;0.8383579638752053;0.0;0.5;0.5;0.0;0.5;0.5;0.0;0.5943814102564102;0.594599358974359;0.024857557921389883;0.5466025641025641;0.6359294871794872;0.000617898185815253;['1061_ar4', '1463_blogger', '1490_planning-relax', '1559_breast-tissue', '1456_appendicitis', '1551_autoUniv-au6-400', '1552_autoUniv-au7-1100', '37_diabetes', '1455_acute-inflammations', '22_mfeat-zernike', '444_analcatdata_boxing2', '464_prnn_synth', '51_heart-h', '1066_kc1-binary', '1556_acute-inflammations', '187_wine', '466_schizo', '61_iris', '1063_kc2', '1167_pc1_req', '1510_wdbc', '455_cars', '49_heart-c', '1100_PopularKids', '333_monks-problems-1', '377_synthetic_control', '48_tae', '56_vote', '1494_qsar-biodeg', '1529_volcanoes-a3', '1533_volcanoes-b3', '1549_autoUniv-au6-750', '164_molecular-biology_promoters', '1465_breast-tissue', '1512_heart-long-beach', '1531_volcanoes-b1', '29_credit-a', '451_irish', '1048_jEdit_4.2_4.3', '1535_volcanoes-b5', '1536_volcanoes-b6', '1553_autoUniv-au7-700', '335_monks-problems-3', '1073_jEdit_4.0_4.2', '15_breast-w', '481_biomed', '55_hepatitis']
ela_features_flacco_knn_imputer_XGBoost_0_8.csv;0.8037291019713809;0.8062444503966244;0.005272524735103562;0.7964475942736813;0.8097474553321631;2.7799517082278887e-05;0.5846730769230769;0.5887820512820512;0.02018592593495312;0.5392948717948718;0.6062820512820513;0.00040747160585141295;0.6738910256410257;0.6686858974358975;0.03184617449109533;0.6248717948717949;0.7339102564102564;0.0010141788297172907;['1460_banana', '1490_planning-relax', '59_ionosphere', '22_mfeat-zernike', '446_prnn_crabs', '187_wine', '1063_kc2', '1167_pc1_req', '1510_wdbc', '455_cars', '1100_PopularKids', '333_monks-problems-1', '48_tae', '56_vote', '1494_qsar-biodeg', '1529_volcanoes-a3', '1549_autoUniv-au6-750', '1465_breast-tissue', '1498_sa-heart', '335_monks-problems-3', '15_breast-w', '55_hepatitis']
ela_features_flacco_knn_imputer_XGBoost_0_85.csv;0.8043958471424737;0.8027691285614824;0.009759475542076169;0.7864110334110335;0.8232545778392856;9.524736285638291e-05;0.5953461538461539;0.5862179487179486;0.01982610960221996;0.5767948717948718;0.633974358974359;0.0003930746219592385;0.6836378205128205;0.681298076923077;0.02671934227411805;0.6283653846153846;0.7191666666666666;0.0007139232515614719;['1490_planning-relax', '1555_autoUniv-au6-1000', '22_mfeat-zernike', '446_prnn_crabs', '187_wine', '1063_kc2', '1167_pc1_req', '1510_wdbc', '1100_PopularKids', '333_monks-problems-1', '56_vote', '1494_qsar-biodeg', '1529_volcanoes-a3', '1549_autoUniv-au6-750', '164_molecular-biology_promoters', '1465_breast-tissue', '1512_heart-long-beach', '451_irish', '1498_sa-heart', '15_breast-w', '55_hepatitis']
ela_features_flacco_knn_imputer_XGBoost_0_9.csv;0.8229227597767329;0.8216487940400983;0.013295488419425539;0.8062645132645134;0.8497191697191697;0.00017677001231107862;0.6234935897435897;0.6240384615384615;0.01933542569273467;0.5902564102564102;0.6569871794871794;0.00037385868671926405;0.7139134615384616;0.7098557692307692;0.0224130536176749;0.6762499999999999;0.7584615384615384;0.00050234497246877;['1463_blogger', '1490_planning-relax', '1555_autoUniv-au6-1000', '22_mfeat-zernike', '446_prnn_crabs', '187_wine', '1510_wdbc', '292_Australian', '455_cars', '333_monks-problems-1', '48_tae', '56_vote', '1494_qsar-biodeg', '1529_volcanoes-a3', '1549_autoUniv-au6-750', '164_molecular-biology_promoters', '1554_autoUniv-au7-500', '451_irish', '1048_jEdit_4.2_4.3', '335_monks-problems-3', '55_hepatitis']
ela_features_flacco_knn_imputer_XGBoost_0_95.csv;0.8281012005707659;0.825721961613266;0.009053167938247621;0.816106120932208;0.8411937144980624;8.195984971811467e-05;0.6449166666666667;0.6487179487179487;0.011924732791000084;0.6281410256410256;0.6604487179487181;0.00014219925213675264;0.7235641025641026;0.7168429487179488;0.017211686481720338;0.7011217948717949;0.7525;0.0002962421515450346;['1463_blogger', '1490_planning-relax', '1456_appendicitis', '1555_autoUniv-au6-1000', '22_mfeat-zernike', '446_prnn_crabs', '187_wine', '1063_kc2', '1510_wdbc', '292_Australian', '455_cars', '333_monks-problems-1', '48_tae', '56_vote', '1494_qsar-biodeg', '1549_autoUniv-au6-750', '1554_autoUniv-au7-500', '451_irish', '335_monks-problems-3']
ela_features_flacco_remove_missing_values_DT_0_8.csv;0.7615796552883508;0.7659003291394595;0.025838636975012576;0.7166200466200466;0.80691970991971;0.0006676351607264871;0.5910192307692308;0.5849358974358974;0.03301881262522149;0.5567307692307693;0.6641025641025642;0.0010902419871794858;0.5910192307692308;0.5849358974358974;0.033018812625221494;0.5567307692307693;0.6641025641025642;0.0010902419871794864;['1462_banknote-authentication', '1490_planning-relax', '1559_breast-tissue', '1549_autoUniv-au6-750', '1073_jEdit_4.0_4.2']
ela_features_flacco_remove_missing_values_DT_0_85.csv;0.7617958873654527;0.7584958696697828;0.03247952134734486;0.713240270196792;0.8260374086461043;0.0010549193069526305;0.5783589743589743;0.5667628205128205;0.04183382839157947;0.509423076923077;0.6599358974358974;0.00175006919789612;0.5783589743589743;0.5667628205128206;0.04183382839157946;0.509423076923077;0.6599358974358974;0.0017500691978961196;['1490_planning-relax', '1559_breast-tissue', '22_mfeat-zernike', '187_wine', '49_heart-c', '56_vote', '1549_autoUniv-au6-750', '1073_jEdit_4.0_4.2']
ela_features_flacco_remove_missing_values_DT_0_9.csv;0.7668557246252583;0.774427511740855;0.026718285912883343;0.7200588339535707;0.8003139050965137;0.0007138668021225804;0.6007243589743589;0.6077884615384616;0.038229449860292836;0.5389102564102564;0.6644230769230769;0.001461490836620644;0.6007243589743589;0.6077884615384616;0.03822944986029284;0.5389102564102564;0.6644230769230769;0.0014614908366206443;['1462_banknote-authentication', '1490_planning-relax', '187_wine', '1549_autoUniv-au6-750']
ela_features_flacco_remove_missing_values_DT_0_95.csv;0.7732243868259887;0.7748809411200716;0.03013496766241836;0.7063012269534009;0.8145175758219236;0.0009081162760150002;0.6103397435897436;0.6112179487179488;0.039905759402181856;0.5357051282051282;0.6652564102564102;0.0015924696334648255;0.6103397435897436;0.6112179487179488;0.039905759402181856;0.5357051282051282;0.6652564102564102;0.0015924696334648255;['1462_banknote-authentication', '1490_planning-relax', '1559_breast-tissue', '187_wine', '1549_autoUniv-au6-750', '15_breast-w']
ela_features_flacco_remove_missing_values_KNN_0_8.csv;0.770211837260413;0.7667288995917181;0.015430564469331534;0.7473535346323953;0.8043906923217268;0.0002381023198421968;0.4940961538461538;0.4921153846153846;0.024145410804522077;0.461923076923077;0.5376282051282051;0.0005830008629191314;0.5816458333333332;0.5763862179487178;0.03303732835167227;0.531025641025641;0.6337820512820513;0.0010914650646162084;['1061_ar4', '1463_blogger', '1490_planning-relax', '38_sick', '1456_appendicitis', '1551_autoUniv-au6-400', '37_diabetes', '22_mfeat-zernike', '51_heart-h', '1066_kc1-binary', '1556_acute-inflammations', '187_wine', '466_schizo', '61_iris', '1510_wdbc', '455_cars', '49_heart-c', '333_monks-problems-1', '338_grub-damage', '377_synthetic_control', '56_vote', '164_molecular-biology_promoters', '29_credit-a', '451_irish', '1048_jEdit_4.2_4.3', '335_monks-problems-3', '15_breast-w', '481_biomed', '55_hepatitis']
ela_features_flacco_remove_missing_values_KNN_0_85.csv;0.7651256152365598;0.7613037446478226;0.017252512805434665;0.7374649085713553;0.7966503866503867;0.00029764919810168705;0.5011474358974358;0.5045192307692308;0.02122746416891888;0.45858974358974364;0.5321153846153847;0.0004506052350427349;0.5909439102564102;0.5851201923076923;0.018881058306549257;0.5691826923076923;0.6314423076923077;0.0003564943627753127;['1061_ar4', '1462_banknote-authentication', '1463_blogger', '1490_planning-relax', '38_sick', '1456_appendicitis', '1551_autoUniv-au6-400', '37_diabetes', '1455_acute-inflammations', '22_mfeat-zernike', '51_heart-h', '1066_kc1-binary', '187_wine', '461_analcatdata_creditscore', '61_iris', '1510_wdbc', '455_cars', '49_heart-c', '333_monks-problems-1', '338_grub-damage', '377_synthetic_control', '56_vote', '1494_qsar-biodeg', '1554_autoUniv-au7-500', '29_credit-a', '451_irish', '1048_jEdit_4.2_4.3', '335_monks-problems-3', '15_breast-w', '481_biomed', '55_hepatitis']
ela_features_flacco_remove_missing_values_KNN_0_9.csv;0.7599799740766758;0.7565858328467024;0.014865972631449903;0.7438312614144698;0.7937855107855107;0.00022099714227901755;0.5146346153846154;0.5101923076923077;0.02919191707789068;0.47480769230769226;0.5859615384615384;0.0008521680226824457;0.5948846153846153;0.5947916666666666;0.017038087120386864;0.5658653846153847;0.6323717948717948;0.00029029641272189274;['1463_blogger', '1484_lsvt', '1490_planning-relax', '38_sick', '1456_appendicitis', '1551_autoUniv-au6-400', '37_diabetes', '1455_acute-inflammations', '22_mfeat-zernike', '464_prnn_synth', '51_heart-h', '187_wine', '461_analcatdata_creditscore', '61_iris', '1510_wdbc', '1530_volcanoes-a4', '455_cars', '49_heart-c', '1443_PizzaCutter1', '333_monks-problems-1', '377_synthetic_control', '40496_LED-display-domain-7digit', '48_tae', '56_vote', '1549_autoUniv-au6-750', '310_mammography', '1554_autoUniv-au7-500', '29_credit-a', '1043_ada_agnostic', '1048_jEdit_4.2_4.3', '335_monks-problems-3', '15_breast-w', '481_biomed', '55_hepatitis']
ela_features_flacco_remove_missing_values_KNN_0_95.csv;0.7843070587472386;0.7834956460608633;0.01013383570054159;0.7677457132239741;0.80221571021571;0.00010269462600557126;0.5584038461538461;0.5548717948717947;0.01695695060730999;0.5374358974358974;0.594102564102564;0.0002875381738987506;0.6526217948717947;0.6572355769230769;0.01346631325575678;0.6275;0.6695512820512821;0.00018134159270217075;['1462_banknote-authentication', '1463_blogger', '1490_planning-relax', '679_rmftsa_sleepdata', '1456_appendicitis', '1551_autoUniv-au6-400', '37_diabetes', '22_mfeat-zernike', '444_analcatdata_boxing2', '464_prnn_synth', '51_heart-h', '1556_acute-inflammations', '187_wine', '31_credit-g', '61_iris', '1510_wdbc', '1528_volcanoes-a2', '455_cars', '49_heart-c', '333_monks-problems-1', '338_grub-damage', '377_synthetic_control', '48_tae', '56_vote', '1549_autoUniv-au6-750', '310_mammography', '1554_autoUniv-au7-500', '29_credit-a', '1048_jEdit_4.2_4.3', '335_monks-problems-3', '15_breast-w', '1507_twonorm', '481_biomed', '55_hepatitis']
ela_features_flacco_remove_missing_values_LogisticRegression_0_8.csv;0.8373928115307427;0.8383579638752053;0.0019513150488683633;0.832893632548805;0.8383579638752053;3.807630419940143e-06;0.49975;0.5;0.0013969212178533677;0.4958333333333333;0.5016666666666667;1.9513888888889357e-06;0.5034102564102564;0.4997115384615384;0.020884036918843385;0.47131410256410244;0.5387500000000001;0.00043614299802761355;['1061_ar4', '1463_blogger', '1490_planning-relax', '1559_breast-tissue', '1456_appendicitis', '1551_autoUniv-au6-400', '1552_autoUniv-au7-1100', '37_diabetes', '1455_acute-inflammations', '22_mfeat-zernike', '444_analcatdata_boxing2', '464_prnn_synth', '1066_kc1-binary', '1556_acute-inflammations', '187_wine', '466_schizo', '61_iris', '1063_kc2', '1167_pc1_req', '1510_wdbc', '455_cars', '49_heart-c', '1100_PopularKids', '333_monks-problems-1', '377_synthetic_control', '48_tae', '56_vote', '1494_qsar-biodeg', '1529_volcanoes-a3', '1533_volcanoes-b3', '1549_autoUniv-au6-750', '164_molecular-biology_promoters', '1465_breast-tissue', '1512_heart-long-beach', '1531_volcanoes-b1', '29_credit-a', '451_irish', '1048_jEdit_4.2_4.3', '1535_volcanoes-b5', '1536_volcanoes-b6', '1553_autoUniv-au7-700', '335_monks-problems-3', '1073_jEdit_4.0_4.2', '15_breast-w', '481_biomed', '55_hepatitis']
ela_features_flacco_remove_missing_values_LogisticRegression_0_85.csv;0.8378115307425654;0.8383579638752053;0.0012719186572861653;0.8341707717569786;0.8383579638752053;1.6177770707526415e-06;0.5001666666666666;0.5;0.00226077666104177;0.4958333333333333;0.5058333333333334;5.111111111111173e-06;0.49615384615384617;0.49227564102564103;0.02092956080404847;0.4654807692307693;0.5291346153846155;0.00043804651545036207;['1061_ar4', '1463_blogger', '1490_planning-relax', '1559_breast-tissue', '1456_appendicitis', '1551_autoUniv-au6-400', '1552_autoUniv-au7-1100', '37_diabetes', '1455_acute-inflammations', '22_mfeat-zernike', '444_analcatdata_boxing2', '464_prnn_synth', '1066_kc1-binary', '1556_acute-inflammations', '187_wine', '466_schizo', '61_iris', '1063_kc2', '1167_pc1_req', '1510_wdbc', '455_cars', '49_heart-c', '1100_PopularKids', '333_monks-problems-1', '377_synthetic_control', '48_tae', '56_vote', '1494_qsar-biodeg', '1529_volcanoes-a3', '1533_volcanoes-b3', '1549_autoUniv-au6-750', '164_molecular-biology_promoters', '1465_breast-tissue', '1512_heart-long-beach', '1531_volcanoes-b1', '29_credit-a', '451_irish', '1048_jEdit_4.2_4.3', '1535_volcanoes-b5', '1536_volcanoes-b6', '1553_autoUniv-au7-700', '335_monks-problems-3', '1073_jEdit_4.0_4.2', '15_breast-w', '481_biomed', '55_hepatitis']
ela_features_flacco_remove_missing_values_LogisticRegression_0_9.csv;0.8365832877212188;0.8383579638752053;0.0022068561656281957;0.832893632548805;0.8383579638752053;4.870214135771182e-06;0.4989487179487179;0.5;0.002030787036958989;0.4958333333333333;0.5016666666666667;4.124095989480669e-06;0.49923076923076926;0.49435897435897436;0.019167368780554042;0.46157051282051276;0.5288141025641026;0.0003673880259697577;['1061_ar4', '1463_blogger', '1490_planning-relax', '1559_breast-tissue', '1456_appendicitis', '1551_autoUniv-au6-400', '1552_autoUniv-au7-1100', '37_diabetes', '1455_acute-inflammations', '22_mfeat-zernike', '444_analcatdata_boxing2', '464_prnn_synth', '1066_kc1-binary', '1556_acute-inflammations', '187_wine', '466_schizo', '61_iris', '1063_kc2', '1167_pc1_req', '1510_wdbc', '455_cars', '49_heart-c', '1100_PopularKids', '333_monks-problems-1', '377_synthetic_control', '48_tae', '56_vote', '1494_qsar-biodeg', '1529_volcanoes-a3', '1533_volcanoes-b3', '1549_autoUniv-au6-750', '164_molecular-biology_promoters', '1465_breast-tissue', '1512_heart-long-beach', '1531_volcanoes-b1', '29_credit-a', '451_irish', '1048_jEdit_4.2_4.3', '1535_volcanoes-b5', '1536_volcanoes-b6', '1553_autoUniv-au7-700', '335_monks-problems-3', '1073_jEdit_4.0_4.2', '15_breast-w', '481_biomed', '55_hepatitis']
ela_features_flacco_remove_missing_values_LogisticRegression_0_95.csv;0.8340988870644044;0.8341707717569786;0.0018564141302069618;0.8302627257799671;0.8383579638752053;3.4462734228320704e-06;0.4964807692307692;0.4958333333333333;0.0024918423776876556;0.49198717948717946;0.5016666666666667;6.209278435240068e-06;0.5096858974358973;0.5039583333333334;0.021634462487588896;0.4756410256410256;0.5484615384615384;0.0004680499671268912;['1061_ar4', '1463_blogger', '1490_planning-relax', '1559_breast-tissue', '1456_appendicitis', '1551_autoUniv-au6-400', '1552_autoUniv-au7-1100', '37_diabetes', '1455_acute-inflammations', '22_mfeat-zernike', '444_analcatdata_boxing2', '464_prnn_synth', '1066_kc1-binary', '1556_acute-inflammations', '187_wine', '466_schizo', '61_iris', '1063_kc2', '1167_pc1_req', '1510_wdbc', '455_cars', '49_heart-c', '1100_PopularKids', '333_monks-problems-1', '377_synthetic_control', '48_tae', '56_vote', '1494_qsar-biodeg', '1529_volcanoes-a3', '1533_volcanoes-b3', '1549_autoUniv-au6-750', '164_molecular-biology_promoters', '1465_breast-tissue', '1512_heart-long-beach', '1531_volcanoes-b1', '29_credit-a', '451_irish', '1048_jEdit_4.2_4.3', '1535_volcanoes-b5', '1536_volcanoes-b6', '1553_autoUniv-au7-700', '335_monks-problems-3', '1073_jEdit_4.0_4.2', '15_breast-w', '481_biomed', '55_hepatitis']
ela_features_flacco_remove_missing_values_NB_0_8.csv;0.8161298963017103;0.8171382959313993;0.008452569618054233;0.798263754125823;0.8273832924807436;7.144593314805349e-05;0.4977948717948718;0.4963141025641026;0.013465969966550462;0.47698717948717945;0.5249999999999999;0.00018133234714003905;0.5472564102564103;0.5507532051282051;0.023537476936001892;0.5080128205128205;0.5846153846153846;0.000554012820512821;['1061_ar4', '1463_blogger', '1490_planning-relax', '1559_breast-tissue', '679_rmftsa_sleepdata', '1456_appendicitis', '1523_vertebra-column', '1551_autoUniv-au6-400', '1552_autoUniv-au7-1100', '37_diabetes', '4550_MiceProtein', '22_mfeat-zernike', '444_analcatdata_boxing2', '464_prnn_synth', '1066_kc1-binary', '1556_acute-inflammations', '187_wine', '466_schizo', '61_iris', '1063_kc2', '1167_pc1_req', '1510_wdbc', '49_heart-c', '1100_PopularKids', '333_monks-problems-1', '377_synthetic_control', '48_tae', '56_vote', '1494_qsar-biodeg', '1506_thoracic-surgery', '1529_volcanoes-a3', '1549_autoUniv-au6-750', '1465_breast-tissue', '1512_heart-long-beach', '1531_volcanoes-b1', '29_credit-a', '451_irish', '1048_jEdit_4.2_4.3', '1535_volcanoes-b5', '1553_autoUniv-au7-700', '335_monks-problems-3', '1073_jEdit_4.0_4.2', '15_breast-w', '55_hepatitis']
ela_features_flacco_remove_missing_values_NB_0_85.csv;0.8119051460838567;0.8147239414480794;0.015148217435406484;0.7737182995803684;0.8273832924807436;0.000229468491470353;0.49571153846153837;0.49256410256410255;0.019814836691806087;0.4628205128205128;0.5249999999999999;0.0003926277531229448;0.5362884615384615;0.5434935897435897;0.023743973075213188;0.4935897435897436;0.5696153846153846;0.0005637762573964488;['1061_ar4', '1463_blogger', '1490_planning-relax', '1559_breast-tissue', '679_rmftsa_sleepdata', '1456_appendicitis', '1523_vertebra-column', '1551_autoUniv-au6-400', '1552_autoUniv-au7-1100', '37_diabetes', '4550_MiceProtein', '1455_acute-inflammations', '22_mfeat-zernike', '444_analcatdata_boxing2', '1066_kc1-binary', '1556_acute-inflammations', '187_wine', '466_schizo', '61_iris', '1063_kc2', '1167_pc1_req', '1510_wdbc', '49_heart-c', '1100_PopularKids', '333_monks-problems-1', '377_synthetic_control', '48_tae', '56_vote', '1494_qsar-biodeg', '1506_thoracic-surgery', '1529_volcanoes-a3', '1549_autoUniv-au6-750', '1465_breast-tissue', '1512_heart-long-beach', '29_credit-a', '451_irish', '1048_jEdit_4.2_4.3', '1535_volcanoes-b5', '1553_autoUniv-au7-700', '335_monks-problems-3', '1073_jEdit_4.0_4.2', '15_breast-w', '55_hepatitis']
ela_features_flacco_remove_missing_values_NB_0_9.csv;0.8098143075426434;0.8164192831434209;0.01471462420439657;0.7770516329137018;0.8229493495010736;0.0002165201654766134;0.4995448717948718;0.5038141025641025;0.01718370714530925;0.4669871794871795;0.520128205128205;0.0002952797912557521;0.5427243589743589;0.5457532051282052;0.029268363139537693;0.5018589743589743;0.5801923076923077;0.0008566370808678486;['1463_blogger', '1490_planning-relax', '1559_breast-tissue', '679_rmftsa_sleepdata', '1456_appendicitis', '1523_vertebra-column', '1551_autoUniv-au6-400', '1552_autoUniv-au7-1100', '37_diabetes', '4550_MiceProtein', '1455_acute-inflammations', '22_mfeat-zernike', '444_analcatdata_boxing2', '1066_kc1-binary', '1556_acute-inflammations', '187_wine', '466_schizo', '61_iris', '1063_kc2', '1167_pc1_req', '1510_wdbc', '49_heart-c', '1100_PopularKids', '333_monks-problems-1', '377_synthetic_control', '48_tae', '1494_qsar-biodeg', '1506_thoracic-surgery', '1549_autoUniv-au6-750', '1465_breast-tissue', '29_credit-a', '451_irish', '1048_jEdit_4.2_4.3', '1535_volcanoes-b5', '1553_autoUniv-au7-700', '335_monks-problems-3', '1073_jEdit_4.0_4.2', '15_breast-w', '55_hepatitis']
ela_features_flacco_remove_missing_values_NB_0_95.csv;0.8020178812046325;0.7978929027549717;0.013858387536376495;0.7792209450830141;0.8317182995803686;0.0001920549051083954;0.49621153846153837;0.4956410256410256;0.019122632935896958;0.4648076923076923;0.5353205128205127;0.00036567509040105105;0.5597884615384615;0.5640865384615383;0.01851247313936476;0.5282371794871794;0.5814743589743591;0.00034271166173570176;['1463_blogger', '1490_planning-relax', '1559_breast-tissue', '679_rmftsa_sleepdata', '1456_appendicitis', '1523_vertebra-column', '1551_autoUniv-au6-400', '1552_autoUniv-au7-1100', '37_diabetes', '4550_MiceProtein', '1455_acute-inflammations', '22_mfeat-zernike', '464_prnn_synth', '1066_kc1-binary', '1556_acute-inflammations', '187_wine', '466_schizo', '61_iris', '1167_pc1_req', '1510_wdbc', '49_heart-c', '1100_PopularKids', '333_monks-problems-1', '377_synthetic_control', '48_tae', '1494_qsar-biodeg', '1506_thoracic-surgery', '1549_autoUniv-au6-750', '1465_breast-tissue', '29_credit-a', '451_irish', '1535_volcanoes-b5', '335_monks-problems-3', '15_breast-w']
ela_features_flacco_remove_missing_values_RF_0_8.csv;0.8054408870878136;0.8041383874607262;0.010133105554188589;0.7896576949620427;0.8252419687592101;0.00010267982817232764;0.5491089743589742;0.5465384615384614;0.01587533228671687;0.5219871794871794;0.585;0.00025202617521367514;0.6727548076923077;0.6687179487179487;0.02243588650411819;0.6411698717948717;0.7284294871794871;0.0005033690032256728;['1460_banana', '1463_blogger', '1490_planning-relax', '1559_breast-tissue', '679_rmftsa_sleepdata', '1456_appendicitis', '1555_autoUniv-au6-1000', '22_mfeat-zernike', '446_prnn_crabs', '1066_kc1-binary', '187_wine', '61_iris', '1167_pc1_req', '1510_wdbc', '455_cars', '49_heart-c', '1100_PopularKids', '48_tae', '56_vote', '1494_qsar-biodeg', '1549_autoUniv-au6-750', '1465_breast-tissue', '1512_heart-long-beach', '29_credit-a', '1553_autoUniv-au7-700', '335_monks-problems-3', '1073_jEdit_4.0_4.2', '15_breast-w', '55_hepatitis']
ela_features_flacco_remove_missing_values_RF_0_85.csv;0.8132624786507845;0.8126625899504458;0.008481001142005687;0.8013015873015872;0.8275012981909533;7.192738037070176e-05;0.5455576923076924;0.5388141025641024;0.020261421199421873;0.5196153846153846;0.5828205128205128;0.00041052518902038205;0.6726891025641026;0.6762820512820513;0.013659058758818536;0.6456570512820512;0.6890544871794871;0.00018656988617685738;['1061_ar4', '1463_blogger', '1490_planning-relax', '1559_breast-tissue', '679_rmftsa_sleepdata', '1456_appendicitis', '1551_autoUniv-au6-400', '1555_autoUniv-au6-1000', '22_mfeat-zernike', '446_prnn_crabs', '1066_kc1-binary', '187_wine', '61_iris', '1063_kc2', '1167_pc1_req', '1510_wdbc', '455_cars', '49_heart-c', '1100_PopularKids', '333_monks-problems-1', '48_tae', '56_vote', '1494_qsar-biodeg', '1529_volcanoes-a3', '1549_autoUniv-au6-750', '1465_breast-tissue', '1512_heart-long-beach', '1554_autoUniv-au7-500', '29_credit-a', '451_irish', '1553_autoUniv-au7-700', '335_monks-problems-3', '1073_jEdit_4.0_4.2', '15_breast-w', '55_hepatitis']
ela_features_flacco_remove_missing_values_RF_0_9.csv;0.8290058344454148;0.8306653474239682;0.009923158885889731;0.8070365842719666;0.8436345136345137;9.846908227461233e-05;0.5815961538461538;0.5821474358974359;0.023548658655167438;0.5511538461538461;0.6348076923076922;0.0005545393244575922;0.7141266025641025;0.7204887820512821;0.015062268454220795;0.6857051282051282;0.731153846153846;0.00022687193098701487;['1061_ar4', '1463_blogger', '1490_planning-relax', '1559_breast-tissue', '679_rmftsa_sleepdata', '1456_appendicitis', '1551_autoUniv-au6-400', '1552_autoUniv-au7-1100', '1555_autoUniv-au6-1000', '22_mfeat-zernike', '446_prnn_crabs', '1066_kc1-binary', '187_wine', '61_iris', '1167_pc1_req', '1510_wdbc', '455_cars', '49_heart-c', '333_monks-problems-1', '48_tae', '56_vote', '1494_qsar-biodeg', '1549_autoUniv-au6-750', '1465_breast-tissue', '1554_autoUniv-au7-500', '29_credit-a', '451_irish', '335_monks-problems-3', '1073_jEdit_4.0_4.2', '15_breast-w', '55_hepatitis']
ela_features_flacco_remove_missing_values_RF_0_95.csv;0.8344966268724889;0.835567969067969;0.009533375451888799;0.8213157953157953;0.8457588592761006;9.088524750667596e-05;0.6047435897435897;0.6025641025641026;0.013115547533890458;0.5875000000000001;0.6351282051282051;0.0001720175871137401;0.7135448717948718;0.7197516025641024;0.021493095777281316;0.6785576923076924;0.7467307692307694;0.0004619531660913879;['1061_ar4', '1463_blogger', '1490_planning-relax', '1559_breast-tissue', '679_rmftsa_sleepdata', '1456_appendicitis', '1551_autoUniv-au6-400', '1552_autoUniv-au7-1100', '1555_autoUniv-au6-1000', '22_mfeat-zernike', '187_wine', '61_iris', '1167_pc1_req', '1510_wdbc', '455_cars', '333_monks-problems-1', '48_tae', '56_vote', '1494_qsar-biodeg', '1549_autoUniv-au6-750', '1465_breast-tissue', '1554_autoUniv-au7-500', '29_credit-a', '451_irish', '335_monks-problems-3', '1073_jEdit_4.0_4.2', '15_breast-w', '55_hepatitis']
ela_features_flacco_remove_missing_values_SVM_LIN_0_8.csv;0.8383579638752053;0.8383579638752053;0.0;0.8383579638752053;0.8383579638752053;0.0;0.5;0.5;0.0;0.5;0.5;0.0;0.46353846153846145;0.4586538461538461;0.0498675930106504;0.38708333333333333;0.5667628205128203;0.0024867768326758684;['1061_ar4', '1463_blogger', '1490_planning-relax', '1559_breast-tissue', '1456_appendicitis', '1551_autoUniv-au6-400', '1552_autoUniv-au7-1100', '37_diabetes', '1455_acute-inflammations', '22_mfeat-zernike', '444_analcatdata_boxing2', '464_prnn_synth', '51_heart-h', '1066_kc1-binary', '1556_acute-inflammations', '187_wine', '466_schizo', '61_iris', '1063_kc2', '1167_pc1_req', '1510_wdbc', '455_cars', '49_heart-c', '1100_PopularKids', '333_monks-problems-1', '377_synthetic_control', '48_tae', '56_vote', '1494_qsar-biodeg', '1529_volcanoes-a3', '1533_volcanoes-b3', '1549_autoUniv-au6-750', '164_molecular-biology_promoters', '1465_breast-tissue', '1512_heart-long-beach', '1531_volcanoes-b1', '29_credit-a', '451_irish', '1048_jEdit_4.2_4.3', '1535_volcanoes-b5', '1536_volcanoes-b6', '1553_autoUniv-au7-700', '335_monks-problems-3', '1073_jEdit_4.0_4.2', '15_breast-w', '481_biomed', '55_hepatitis']
ela_features_flacco_remove_missing_values_SVM_LIN_0_85.csv;0.8383579638752053;0.8383579638752053;0.0;0.8383579638752053;0.8383579638752053;0.0;0.5;0.5;0.0;0.5;0.5;0.0;0.45630128205128206;0.4473717948717949;0.042217264958216684;0.3863461538461538;0.5461217948717949;0.0017822974605522703;['1061_ar4', '1463_blogger', '1490_planning-relax', '1559_breast-tissue', '1456_appendicitis', '1551_autoUniv-au6-400', '1552_autoUniv-au7-1100', '37_diabetes', '1455_acute-inflammations', '22_mfeat-zernike', '444_analcatdata_boxing2', '464_prnn_synth', '51_heart-h', '1066_kc1-binary', '1556_acute-inflammations', '187_wine', '466_schizo', '61_iris', '1063_kc2', '1167_pc1_req', '1510_wdbc', '455_cars', '49_heart-c', '1100_PopularKids', '333_monks-problems-1', '377_synthetic_control', '48_tae', '56_vote', '1494_qsar-biodeg', '1529_volcanoes-a3', '1533_volcanoes-b3', '1549_autoUniv-au6-750', '164_molecular-biology_promoters', '1465_breast-tissue', '1512_heart-long-beach', '1531_volcanoes-b1', '29_credit-a', '451_irish', '1048_jEdit_4.2_4.3', '1535_volcanoes-b5', '1536_volcanoes-b6', '1553_autoUniv-au7-700', '335_monks-problems-3', '1073_jEdit_4.0_4.2', '15_breast-w', '481_biomed', '55_hepatitis']
ela_features_flacco_remove_missing_values_SVM_LIN_0_9.csv;0.8383579638752053;0.8383579638752053;0.0;0.8383579638752053;0.8383579638752053;0.0;0.5;0.5;0.0;0.5;0.5;0.0;0.4614583333333333;0.45934294871794856;0.03130702308893317;0.4160576923076923;0.5255769230769232;0.0009801296946909946;['1061_ar4', '1463_blogger', '1490_planning-relax', '1559_breast-tissue', '1456_appendicitis', '1551_autoUniv-au6-400', '1552_autoUniv-au7-1100', '37_diabetes', '1455_acute-inflammations', '22_mfeat-zernike', '444_analcatdata_boxing2', '464_prnn_synth', '51_heart-h', '1066_kc1-binary', '1556_acute-inflammations', '187_wine', '466_schizo', '61_iris', '1063_kc2', '1167_pc1_req', '1510_wdbc', '455_cars', '49_heart-c', '1100_PopularKids', '333_monks-problems-1', '377_synthetic_control', '48_tae', '56_vote', '1494_qsar-biodeg', '1529_volcanoes-a3', '1533_volcanoes-b3', '1549_autoUniv-au6-750', '164_molecular-biology_promoters', '1465_breast-tissue', '1512_heart-long-beach', '1531_volcanoes-b1', '29_credit-a', '451_irish', '1048_jEdit_4.2_4.3', '1535_volcanoes-b5', '1536_volcanoes-b6', '1553_autoUniv-au7-700', '335_monks-problems-3', '1073_jEdit_4.0_4.2', '15_breast-w', '481_biomed', '55_hepatitis']
ela_features_flacco_remove_missing_values_SVM_LIN_0_95.csv;0.8383579638752053;0.8383579638752053;0.0;0.8383579638752053;0.8383579638752053;0.0;0.5;0.5;0.0;0.5;0.5;0.0;0.44336858974358967;0.41740384615384607;0.044611268529737486;0.3928525641025641;0.5290705128205128;0.0019901652798323464;['1061_ar4', '1463_blogger', '1490_planning-relax', '1559_breast-tissue', '1456_appendicitis', '1551_autoUniv-au6-400', '1552_autoUniv-au7-1100', '37_diabetes', '1455_acute-inflammations', '22_mfeat-zernike', '444_analcatdata_boxing2', '464_prnn_synth', '51_heart-h', '1066_kc1-binary', '1556_acute-inflammations', '187_wine', '466_schizo', '61_iris', '1063_kc2', '1167_pc1_req', '1510_wdbc', '455_cars', '49_heart-c', '1100_PopularKids', '333_monks-problems-1', '377_synthetic_control', '48_tae', '56_vote', '1494_qsar-biodeg', '1529_volcanoes-a3', '1533_volcanoes-b3', '1549_autoUniv-au6-750', '164_molecular-biology_promoters', '1465_breast-tissue', '1512_heart-long-beach', '1531_volcanoes-b1', '29_credit-a', '451_irish', '1048_jEdit_4.2_4.3', '1535_volcanoes-b5', '1536_volcanoes-b6', '1553_autoUniv-au7-700', '335_monks-problems-3', '1073_jEdit_4.0_4.2', '15_breast-w', '481_biomed', '55_hepatitis']
ela_features_flacco_remove_missing_values_SVM_RBF_0_8.csv;0.8379392446633828;0.8383579638752053;0.0012561576354680136;0.8341707717569786;0.8383579638752053;1.5779320051445912e-06;0.4995833333333334;0.5;0.0012500000000000122;0.4958333333333333;0.5;1.5625000000000306e-06;0.5392083333333334;0.5269070512820513;0.04669136350321068;0.4752884615384616;0.6267628205128205;0.002180083425788954;['1061_ar4', '1463_blogger', '1490_planning-relax', '1559_breast-tissue', '1456_appendicitis', '1551_autoUniv-au6-400', '1552_autoUniv-au7-1100', '37_diabetes', '1455_acute-inflammations', '22_mfeat-zernike', '444_analcatdata_boxing2', '464_prnn_synth', '51_heart-h', '1066_kc1-binary', '1556_acute-inflammations', '187_wine', '466_schizo', '61_iris', '1063_kc2', '1167_pc1_req', '1510_wdbc', '455_cars', '49_heart-c', '1100_PopularKids', '333_monks-problems-1', '377_synthetic_control', '48_tae', '56_vote', '1494_qsar-biodeg', '1529_volcanoes-a3', '1533_volcanoes-b3', '1549_autoUniv-au6-750', '164_molecular-biology_promoters', '1465_breast-tissue', '1512_heart-long-beach', '1531_volcanoes-b1', '29_credit-a', '451_irish', '1048_jEdit_4.2_4.3', '1535_volcanoes-b5', '1536_volcanoes-b6', '1553_autoUniv-au7-700', '335_monks-problems-3', '1073_jEdit_4.0_4.2', '15_breast-w', '481_biomed', '55_hepatitis']
ela_features_flacco_remove_missing_values_SVM_RBF_0_85.csv;0.8371018062397374;0.8383579638752053;0.0019188124831096393;0.8341707717569786;0.8383579638752053;3.6818413453373796e-06;0.4987500000000001;0.5;0.0019094065395649517;0.4958333333333333;0.5;3.645833333333404e-06;0.578426282051282;0.5648557692307692;0.037002783697947766;0.533653846153846;0.6346794871794872;0.001369206001397109;['1061_ar4', '1463_blogger', '1490_planning-relax', '1559_breast-tissue', '1456_appendicitis', '1551_autoUniv-au6-400', '1552_autoUniv-au7-1100', '37_diabetes', '1455_acute-inflammations', '22_mfeat-zernike', '444_analcatdata_boxing2', '464_prnn_synth', '51_heart-h', '1066_kc1-binary', '1556_acute-inflammations', '187_wine', '466_schizo', '61_iris', '1063_kc2', '1167_pc1_req', '1510_wdbc', '455_cars', '49_heart-c', '1100_PopularKids', '333_monks-problems-1', '377_synthetic_control', '48_tae', '56_vote', '1494_qsar-biodeg', '1529_volcanoes-a3', '1533_volcanoes-b3', '1549_autoUniv-au6-750', '164_molecular-biology_promoters', '1465_breast-tissue', '1512_heart-long-beach', '1531_volcanoes-b1', '29_credit-a', '451_irish', '1048_jEdit_4.2_4.3', '1535_volcanoes-b5', '1536_volcanoes-b6', '1553_autoUniv-au7-700', '335_monks-problems-3', '1073_jEdit_4.0_4.2', '15_breast-w', '481_biomed', '55_hepatitis']
ela_features_flacco_remove_missing_values_SVM_RBF_0_9.csv;0.8354223681809888;0.8341707717569786;0.00192184489186467;0.8341251596424011;0.8383579638752053;3.693487788386325e-06;0.4970833333333333;0.4958333333333333;0.0019094065395649517;0.4958333333333333;0.5;3.645833333333404e-06;0.6426538461538461;0.6610576923076923;0.045162546574385065;0.5725961538461537;0.6950641025641026;0.0020396556130835002;['1061_ar4', '1463_blogger', '1490_planning-relax', '1559_breast-tissue', '1456_appendicitis', '1551_autoUniv-au6-400', '1552_autoUniv-au7-1100', '37_diabetes', '1455_acute-inflammations', '22_mfeat-zernike', '444_analcatdata_boxing2', '464_prnn_synth', '51_heart-h', '1066_kc1-binary', '1556_acute-inflammations', '187_wine', '466_schizo', '61_iris', '1063_kc2', '1167_pc1_req', '1510_wdbc', '455_cars', '49_heart-c', '1100_PopularKids', '333_monks-problems-1', '377_synthetic_control', '48_tae', '56_vote', '1494_qsar-biodeg', '1529_volcanoes-a3', '1533_volcanoes-b3', '1549_autoUniv-au6-750', '164_molecular-biology_promoters', '1465_breast-tissue', '1512_heart-long-beach', '1531_volcanoes-b1', '29_credit-a', '451_irish', '1048_jEdit_4.2_4.3', '1535_volcanoes-b5', '1536_volcanoes-b6', '1553_autoUniv-au7-700', '335_monks-problems-3', '1073_jEdit_4.0_4.2', '15_breast-w', '481_biomed', '55_hepatitis']
ela_features_flacco_remove_missing_values_SVM_RBF_0_95.csv;0.8370972450282796;0.8383579638752053;0.0019258158591409264;0.8341251596424011;0.8383579638752053;3.7087667233187043e-06;0.49874999999999997;0.5;0.0019094065395649517;0.4958333333333333;0.5;3.645833333333404e-06;0.7051538461538461;0.7057371794871794;0.01659428191600027;0.6820833333333333;0.7298397435897436;0.0002753701923076936;['1061_ar4', '1463_blogger', '1490_planning-relax', '1559_breast-tissue', '1456_appendicitis', '1551_autoUniv-au6-400', '1552_autoUniv-au7-1100', '37_diabetes', '1455_acute-inflammations', '22_mfeat-zernike', '444_analcatdata_boxing2', '464_prnn_synth', '51_heart-h', '1066_kc1-binary', '1556_acute-inflammations', '187_wine', '466_schizo', '61_iris', '1063_kc2', '1167_pc1_req', '1510_wdbc', '455_cars', '49_heart-c', '1100_PopularKids', '333_monks-problems-1', '377_synthetic_control', '48_tae', '56_vote', '1494_qsar-biodeg', '1529_volcanoes-a3', '1533_volcanoes-b3', '1549_autoUniv-au6-750', '164_molecular-biology_promoters', '1465_breast-tissue', '1512_heart-long-beach', '1531_volcanoes-b1', '29_credit-a', '451_irish', '1048_jEdit_4.2_4.3', '1535_volcanoes-b5', '1536_volcanoes-b6', '1553_autoUniv-au7-700', '335_monks-problems-3', '1073_jEdit_4.0_4.2', '15_breast-w', '481_biomed', '55_hepatitis']
ela_features_flacco_remove_missing_values_XGBoost_0_8.csv;0.8062158985664232;0.8130374653942869;0.02346298640526815;0.7746151996151995;0.8393033696272078;0.0005505117310537981;0.5866794871794871;0.5835256410256411;0.0308491323668001;0.5349358974358974;0.6491666666666667;0.0009516689677843534;0.6958429487179488;0.691025641025641;0.020564108808506648;0.6627564102564102;0.7256089743589744;0.0004228825710881007;['1463_blogger', '1490_planning-relax', '679_rmftsa_sleepdata', '1456_appendicitis', '22_mfeat-zernike', '446_prnn_crabs', '464_prnn_synth', '1066_kc1-binary', '187_wine', '1167_pc1_req', '1510_wdbc', '455_cars', '56_vote', '1494_qsar-biodeg', '1465_breast-tissue', '451_irish', '1073_jEdit_4.0_4.2', '15_breast-w', '55_hepatitis']
ela_features_flacco_remove_missing_values_XGBoost_0_85.csv;0.805287357131735;0.8124414972001178;0.021068736270975642;0.764856254856255;0.8382020442215345;0.00044389164805592465;0.5917628205128204;0.5951923076923077;0.03197515639105996;0.5317948717948717;0.655;0.0010224106262327424;0.7039775641025641;0.7049839743589743;0.016764833249267374;0.6756730769230769;0.7256730769230769;0.0002810596338757408;['1463_blogger', '1490_planning-relax', '679_rmftsa_sleepdata', '22_mfeat-zernike', '446_prnn_crabs', '51_heart-h', '1066_kc1-binary', '187_wine', '1167_pc1_req', '1510_wdbc', '333_monks-problems-1', '56_vote', '1494_qsar-biodeg', '1511_wholesale-customers', '1465_breast-tissue', '1554_autoUniv-au7-500', '451_irish', '335_monks-problems-3', '1073_jEdit_4.0_4.2', '15_breast-w']
ela_features_flacco_remove_missing_values_XGBoost_0_9.csv;0.8221259654943314;0.8207158645951749;0.008166046687666228;0.8107073440746605;0.835338578573961;6.668431850514457e-05;0.6337499999999999;0.6304807692307692;0.023307047923449724;0.5951282051282052;0.681602564102564;0.0005432184829059821;0.7270769230769231;0.7261057692307691;0.016182766897055757;0.7063461538461538;0.760801282051282;0.00026188194444444365;['1463_blogger', '1490_planning-relax', '1456_appendicitis', '1555_autoUniv-au6-1000', '22_mfeat-zernike', '446_prnn_crabs', '187_wine', '3_kr-vs-kp', '1510_wdbc', '333_monks-problems-1', '56_vote', '1494_qsar-biodeg', '1549_autoUniv-au6-750', '1554_autoUniv-au7-500', '451_irish', '1073_jEdit_4.0_4.2', '15_breast-w', '55_hepatitis']
ela_features_flacco_remove_missing_values_XGBoost_0_95.csv;0.8343913401385665;0.8348019982682652;0.014543943404843784;0.8046199043335476;0.8539419807245894;0.000211526289763299;0.6634166666666665;0.6661217948717948;0.02459255501828584;0.6084615384615385;0.6994871794871795;0.000604793762327416;0.7494391025641025;0.757051282051282;0.017638052319588284;0.716025641025641;0.7698717948717948;0.0003111008896285337;['1463_blogger', '1490_planning-relax', '1456_appendicitis', '1555_autoUniv-au6-1000', '22_mfeat-zernike', '446_prnn_crabs', '187_wine', '1510_wdbc', '292_Australian', '455_cars', '333_monks-problems-1', '48_tae', '56_vote', '1494_qsar-biodeg', '1549_autoUniv-au6-750', '1554_autoUniv-au7-500', '451_irish', '335_monks-problems-3', '1073_jEdit_4.0_4.2', '15_breast-w', '55_hepatitis']
ela_features_flacco_set_ela_error_DT_0_8.csv;0.7579247928696442;0.759718342044429;0.021177594684898455;0.727177259133781;0.7905994939038418;0.0004484905166378393;0.5906025641025641;0.5859294871794871;0.029532715676018104;0.5282051282051283;0.6267307692307693;0.0008721812952005255;0.5906025641025641;0.5859294871794871;0.029532715676018104;0.5282051282051283;0.6267307692307693;0.0008721812952005255;['1462_banknote-authentication', '1490_planning-relax', '1559_breast-tissue', '1066_kc1-binary', '1549_autoUniv-au6-750', '1073_jEdit_4.0_4.2']
ela_features_flacco_set_ela_error_DT_0_85.csv;0.7669605873378225;0.7687378643900382;0.018201434150014857;0.7331927701927702;0.7907206093922735;0.00033129220511732705;0.5850448717948717;0.5835897435897437;0.026252031792630613;0.5444230769230769;0.6249358974358975;0.0006891691732412884;0.5850448717948717;0.5835897435897436;0.026252031792630623;0.5444230769230769;0.6249358974358975;0.000689169173241289;['1462_banknote-authentication', '1490_planning-relax', '1559_breast-tissue', '187_wine', '56_vote', '1549_autoUniv-au6-750', '1073_jEdit_4.0_4.2']
ela_features_flacco_set_ela_error_DT_0_9.csv;0.7637178162713633;0.7601796968604748;0.021071331259342758;0.7339720054502663;0.7995220319133363;0.00044400100104095527;0.6008012820512819;0.5978846153846153;0.034374329830297055;0.529551282051282;0.6547435897435896;0.0011815945512820502;0.6008012820512821;0.5978846153846153;0.0343743298302971;0.529551282051282;0.6547435897435898;0.0011815945512820528;['1462_banknote-authentication', '1490_planning-relax', '22_mfeat-zernike', '187_wine', '56_vote']
ela_features_flacco_set_ela_error_DT_0_95.csv;0.760199631769197;0.7619745166266906;0.027730188135814172;0.6991569075047336;0.795120459250894;0.0007689633340476491;0.594698717948718;0.6006089743589744;0.04621911384071428;0.5157051282051283;0.6800641025641025;0.0021362064842209067;0.594698717948718;0.6006089743589744;0.0462191138407143;0.5157051282051281;0.6800641025641025;0.0021362064842209085;['1462_banknote-authentication', '1490_planning-relax', '1559_breast-tissue', '22_mfeat-zernike', '187_wine', '1549_autoUniv-au6-750']
ela_features_flacco_set_ela_error_KNN_0_8.csv;0.7446294844641171;0.7452603069649546;0.012196974261443264;0.727486577834404;0.7735062523683214;0.00014876618113430945;0.4669551282051282;0.46144230769230765;0.01793489050709941;0.44192307692307686;0.5051282051282051;0.0003216602975016445;0.5781923076923077;0.5872916666666667;0.026999216779189712;0.5090544871794871;0.6142147435897436;0.0007289577066896793;['1061_ar4', '1460_banana', '1463_blogger', '1490_planning-relax', '1559_breast-tissue', '38_sick', '679_rmftsa_sleepdata', '37_diabetes', '22_mfeat-zernike', '444_analcatdata_boxing2', '464_prnn_synth', '1556_acute-inflammations', '187_wine', '466_schizo', '61_iris', '1510_wdbc', '455_cars', '333_monks-problems-1', '377_synthetic_control', '56_vote', '1494_qsar-biodeg', '1549_autoUniv-au6-750', '164_molecular-biology_promoters', '310_mammography', '1554_autoUniv-au7-500', '29_credit-a', '1048_jEdit_4.2_4.3', '1536_volcanoes-b6', '335_monks-problems-3', '481_biomed', '55_hepatitis']
ela_features_flacco_set_ela_error_KNN_0_85.csv;0.746297579093681;0.7440809701986614;0.011349599302924751;0.7271509971509971;0.765594845656315;0.00012881340433695002;0.4868846153846154;0.48910256410256414;0.02018815993215866;0.45993589743589747;0.5241025641025641;0.0004075618014464163;0.5804599358974358;0.5798637820512821;0.019349482743304326;0.5417628205128205;0.6108814102564103;0.0003744024824334319;['1061_ar4', '1462_banknote-authentication', '1463_blogger', '1490_planning-relax', '1559_breast-tissue', '679_rmftsa_sleepdata', '37_diabetes', '1455_acute-inflammations', '1527_volcanoes-a1', '22_mfeat-zernike', '444_analcatdata_boxing2', '464_prnn_synth', '187_wine', '466_schizo', '61_iris', '1510_wdbc', '1528_volcanoes-a2', '455_cars', '333_monks-problems-1', '377_synthetic_control', '56_vote', '1494_qsar-biodeg', '1549_autoUniv-au6-750', '310_mammography', '1554_autoUniv-au7-500', '1043_ada_agnostic', '1048_jEdit_4.2_4.3', '1536_volcanoes-b6', '335_monks-problems-3', '15_breast-w', '481_biomed', '55_hepatitis']
ela_features_flacco_set_ela_error_KNN_0_9.csv;0.7543521137644077;0.7632772505688548;0.017313516379717828;0.7121023236855321;0.7685978465978466;0.00029975784943075755;0.5080897435897435;0.516025641025641;0.023106992517884367;0.4607692307692308;0.5346153846153847;0.0005339331032215641;0.5915753205128206;0.590801282051282;0.018573664091977412;0.5665064102564104;0.6183173076923076;0.00034498099780161113;['1061_ar4', '1463_blogger', '1490_planning-relax', '1559_breast-tissue', '679_rmftsa_sleepdata', '1456_appendicitis', '685_visualizing_livestock', '1455_acute-inflammations', '1527_volcanoes-a1', '22_mfeat-zernike', '444_analcatdata_boxing2', '464_prnn_synth', '187_wine', '461_analcatdata_creditscore', '466_schizo', '61_iris', '1510_wdbc', '1528_volcanoes-a2', '292_Australian', '455_cars', '1443_PizzaCutter1', '333_monks-problems-1', '377_synthetic_control', '40496_LED-display-domain-7digit', '56_vote', '1549_autoUniv-au6-750', '310_mammography', '1531_volcanoes-b1', '1554_autoUniv-au7-500', '1043_ada_agnostic', '1048_jEdit_4.2_4.3', '335_monks-problems-3', '1496_ringnorm', '15_breast-w', '481_biomed', '55_hepatitis']
ela_features_flacco_set_ela_error_KNN_0_95.csv;0.7728209392140426;0.7713607439259613;0.013357541687636438;0.757922077922078;0.7995119003379872;0.0001784239199369453;0.538948717948718;0.5324358974358975;0.027365386867758492;0.500448717948718;0.5821153846153846;0.0007488643984220889;0.6220496794871796;0.6216346153846155;0.019432155270811657;0.5906891025641027;0.6637179487179486;0.00037760865846893333;['1061_ar4', '1462_banknote-authentication', '1463_blogger', '1490_planning-relax', '1559_breast-tissue', '679_rmftsa_sleepdata', '1115_teachingAssistant', '1456_appendicitis', '1551_autoUniv-au6-400', '1504_steel-plates-fault', '1527_volcanoes-a1', '22_mfeat-zernike', '444_analcatdata_boxing2', '464_prnn_synth', '187_wine', '461_analcatdata_creditscore', '466_schizo', '61_iris', '1510_wdbc', '1528_volcanoes-a2', '455_cars', '333_monks-problems-1', '377_synthetic_control', '40496_LED-display-domain-7digit', '48_tae', '56_vote', '1494_qsar-biodeg', '1549_autoUniv-au6-750', '310_mammography', '1531_volcanoes-b1', '1554_autoUniv-au7-500', '1048_jEdit_4.2_4.3', '335_monks-problems-3', '1496_ringnorm', '15_breast-w', '1507_twonorm', '481_biomed', '55_hepatitis']
ela_features_flacco_set_ela_error_LogisticRegression_0_8.csv;0.8343574165298303;0.8341707717569786;0.002218051510648382;0.8296734172596242;0.8383579638752053;4.919752503889569e-06;0.4976987179487179;0.4958333333333333;0.004362409091717294;0.4916666666666667;0.5083333333333333;1.9030613083497705e-05;0.6025865384615384;0.6048397435897436;0.013468710314814057;0.5762179487179486;0.6222756410256409;0.0001814061575443786;['1061_ar4', '1463_blogger', '1490_planning-relax', '1559_breast-tissue', '1456_appendicitis', '1551_autoUniv-au6-400', '1552_autoUniv-au7-1100', '37_diabetes', '1455_acute-inflammations', '22_mfeat-zernike', '444_analcatdata_boxing2', '464_prnn_synth', '1066_kc1-binary', '1556_acute-inflammations', '187_wine', '466_schizo', '61_iris', '1063_kc2', '1167_pc1_req', '1510_wdbc', '455_cars', '49_heart-c', '1100_PopularKids', '333_monks-problems-1', '377_synthetic_control', '48_tae', '56_vote', '1494_qsar-biodeg', '1529_volcanoes-a3', '1533_volcanoes-b3', '1549_autoUniv-au6-750', '164_molecular-biology_promoters', '1465_breast-tissue', '1512_heart-long-beach', '1531_volcanoes-b1', '29_credit-a', '451_irish', '1048_jEdit_4.2_4.3', '1535_volcanoes-b5', '1536_volcanoes-b6', '1553_autoUniv-au7-700', '335_monks-problems-3', '1073_jEdit_4.0_4.2', '15_breast-w', '481_biomed', '55_hepatitis']
ela_features_flacco_set_ela_error_LogisticRegression_0_85.csv;0.833997628170042;0.8341707717569786;0.00192385846991194;0.8299835796387521;0.8383579638752053;3.7012314122519104e-06;0.4973141025641025;0.4958333333333333;0.0034902006614895877;0.4916666666666666;0.5044871794871795;1.2181500657462354e-05;0.5986634615384616;0.5973878205128205;0.014015077190024315;0.5763141025641026;0.6181730769230769;0.00019642238864233985;['1061_ar4', '1463_blogger', '1490_planning-relax', '1559_breast-tissue', '1456_appendicitis', '1551_autoUniv-au6-400', '1552_autoUniv-au7-1100', '37_diabetes', '1455_acute-inflammations', '22_mfeat-zernike', '444_analcatdata_boxing2', '464_prnn_synth', '1066_kc1-binary', '1556_acute-inflammations', '187_wine', '466_schizo', '61_iris', '1063_kc2', '1167_pc1_req', '1510_wdbc', '455_cars', '49_heart-c', '1100_PopularKids', '333_monks-problems-1', '377_synthetic_control', '48_tae', '56_vote', '1494_qsar-biodeg', '1529_volcanoes-a3', '1533_volcanoes-b3', '1549_autoUniv-au6-750', '164_molecular-biology_promoters', '1465_breast-tissue', '1512_heart-long-beach', '1531_volcanoes-b1', '29_credit-a', '451_irish', '1048_jEdit_4.2_4.3', '1535_volcanoes-b5', '1536_volcanoes-b6', '1553_autoUniv-au7-700', '335_monks-problems-3', '1073_jEdit_4.0_4.2', '15_breast-w', '481_biomed', '55_hepatitis']
ela_features_flacco_set_ela_error_LogisticRegression_0_9.csv;0.8331291735084838;0.8341707717569786;0.003155099125231436;0.8254862251413975;0.8383579638752053;9.954650490036173e-06;0.4964807692307692;0.4958333333333333;0.0045422852572594985;0.4875;0.5044871794871795;2.0632355358316986e-05;0.604323717948718;0.6112179487179488;0.01864483685204344;0.5729487179487179;0.629423076923077;0.0003476299412393172;['1061_ar4', '1463_blogger', '1490_planning-relax', '1559_breast-tissue', '1456_appendicitis', '1551_autoUniv-au6-400', '1552_autoUniv-au7-1100', '37_diabetes', '1455_acute-inflammations', '22_mfeat-zernike', '444_analcatdata_boxing2', '464_prnn_synth', '1066_kc1-binary', '1556_acute-inflammations', '187_wine', '466_schizo', '61_iris', '1063_kc2', '1167_pc1_req', '1510_wdbc', '455_cars', '49_heart-c', '1100_PopularKids', '333_monks-problems-1', '377_synthetic_control', '48_tae', '56_vote', '1494_qsar-biodeg', '1529_volcanoes-a3', '1533_volcanoes-b3', '1549_autoUniv-au6-750', '164_molecular-biology_promoters', '1465_breast-tissue', '1512_heart-long-beach', '1531_volcanoes-b1', '29_credit-a', '451_irish', '1048_jEdit_4.2_4.3', '1535_volcanoes-b5', '1536_volcanoes-b6', '1553_autoUniv-au7-700', '335_monks-problems-3', '1073_jEdit_4.0_4.2', '15_breast-w', '481_biomed', '55_hepatitis']
ela_features_flacco_set_ela_error_LogisticRegression_0_95.csv;0.8348071519795658;0.8341707717569786;0.001589650666006512;0.832893632548805;0.8383579638752053;2.5269892399349475e-06;0.49811538461538457;0.4958333333333333;0.00394542820005489;0.4958333333333333;0.5083333333333333;1.5566403681788368e-05;0.6022467948717948;0.6095993589743589;0.018739874813815446;0.5627884615384615;0.6228525641025641;0.00035118290803747454;['1061_ar4', '1463_blogger', '1490_planning-relax', '1559_breast-tissue', '1456_appendicitis', '1551_autoUniv-au6-400', '1552_autoUniv-au7-1100', '37_diabetes', '1455_acute-inflammations', '22_mfeat-zernike', '444_analcatdata_boxing2', '464_prnn_synth', '1066_kc1-binary', '1556_acute-inflammations', '187_wine', '466_schizo', '61_iris', '1063_kc2', '1167_pc1_req', '1510_wdbc', '455_cars', '49_heart-c', '1100_PopularKids', '333_monks-problems-1', '377_synthetic_control', '48_tae', '56_vote', '1494_qsar-biodeg', '1529_volcanoes-a3', '1533_volcanoes-b3', '1549_autoUniv-au6-750', '164_molecular-biology_promoters', '1465_breast-tissue', '1512_heart-long-beach', '1531_volcanoes-b1', '29_credit-a', '451_irish', '1048_jEdit_4.2_4.3', '1535_volcanoes-b5', '1536_volcanoes-b6', '1553_autoUniv-au7-700', '335_monks-problems-3', '1073_jEdit_4.0_4.2', '15_breast-w', '481_biomed', '55_hepatitis']
ela_features_flacco_set_ela_error_NB_0_8.csv;0.811196595902293;0.8119003532421822;0.008186484060184034;0.7959213647144681;0.8211443728685108;6.701852126764725e-05;0.492775641025641;0.4933974358974358;0.01682020134366078;0.4686538461538462;0.5151282051282051;0.0002829191732412879;0.5704198717948719;0.5805608974358973;0.024353181033417697;0.5265064102564103;0.6076602564102563;0.0005930774264464154;['1061_ar4', '1463_blogger', '1490_planning-relax', '1559_breast-tissue', '679_rmftsa_sleepdata', '1456_appendicitis', '1551_autoUniv-au6-400', '1552_autoUniv-au7-1100', '37_diabetes', '4550_MiceProtein', '22_mfeat-zernike', '444_analcatdata_boxing2', '1066_kc1-binary', '1556_acute-inflammations', '187_wine', '466_schizo', '61_iris', '1063_kc2', '1167_pc1_req', '1510_wdbc', '49_heart-c', '1100_PopularKids', '333_monks-problems-1', '377_synthetic_control', '48_tae', '56_vote', '1494_qsar-biodeg', '1506_thoracic-surgery', '1549_autoUniv-au6-750', '1465_breast-tissue', '1531_volcanoes-b1', '29_credit-a', '451_irish', '1535_volcanoes-b5', '1553_autoUniv-au7-700', '335_monks-problems-3', '15_breast-w', '55_hepatitis']
ela_features_flacco_set_ela_error_NB_0_85.csv;0.8057280328311812;0.8067963875205255;0.009460164112763084;0.7883816821747855;0.8245334475619334;8.949470504041053e-05;0.48922435897435895;0.48939102564102566;0.01640348042197075;0.46314102564102555;0.5153205128205128;0.0002690741699539777;0.5629519230769231;0.5742467948717949;0.02518153375181934;0.5220512820512819;0.5926602564102563;0.0006341096420940165;['1061_ar4', '1490_planning-relax', '1559_breast-tissue', '679_rmftsa_sleepdata', '1456_appendicitis', '1551_autoUniv-au6-400', '1552_autoUniv-au7-1100', '37_diabetes', '4550_MiceProtein', '1455_acute-inflammations', '22_mfeat-zernike', '444_analcatdata_boxing2', '1066_kc1-binary', '1556_acute-inflammations', '187_wine', '466_schizo', '61_iris', '1063_kc2', '1167_pc1_req', '1510_wdbc', '49_heart-c', '1100_PopularKids', '333_monks-problems-1', '377_synthetic_control', '48_tae', '56_vote', '1494_qsar-biodeg', '1506_thoracic-surgery', '1549_autoUniv-au6-750', '1465_breast-tissue', '1531_volcanoes-b1', '29_credit-a', '451_irish', '1535_volcanoes-b5', '1553_autoUniv-au7-700', '335_monks-problems-3', '15_breast-w', '55_hepatitis']
ela_features_flacco_set_ela_error_NB_0_9.csv;0.7980685613237337;0.7993979902600592;0.009540823646610226;0.7762652800583835;0.8134222559050146;9.102731585571686e-05;0.48603846153846153;0.48907051282051284;0.014093114549737794;0.46448717948717955;0.5067948717948718;0.0001986158777120311;0.5602339743589744;0.5553365384615385;0.026790477993636992;0.5171153846153846;0.5972115384615385;0.0007177297111275479;['1061_ar4', '1463_blogger', '1490_planning-relax', '1559_breast-tissue', '679_rmftsa_sleepdata', '1456_appendicitis', '1551_autoUniv-au6-400', '1552_autoUniv-au7-1100', '37_diabetes', '4550_MiceProtein', '1455_acute-inflammations', '22_mfeat-zernike', '444_analcatdata_boxing2', '1066_kc1-binary', '1556_acute-inflammations', '187_wine', '466_schizo', '61_iris', '1063_kc2', '1167_pc1_req', '1510_wdbc', '49_heart-c', '1100_PopularKids', '333_monks-problems-1', '377_synthetic_control', '48_tae', '56_vote', '1494_qsar-biodeg', '1506_thoracic-surgery', '1549_autoUniv-au6-750', '1465_breast-tissue', '1531_volcanoes-b1', '29_credit-a', '451_irish', '1535_volcanoes-b5', '335_monks-problems-3', '15_breast-w', '55_hepatitis']
ela_features_flacco_set_ela_error_NB_0_95.csv;0.7877991811619998;0.7857420906041596;0.012011361145935297;0.7711660000280689;0.8074171192791884;0.00014427279657808407;0.502576923076923;0.507724358974359;0.023100625292162273;0.4601282051282052;0.546602564102564;0.0005336388888888873;0.5770384615384614;0.576298076923077;0.017512541293715846;0.5486538461538462;0.6015064102564103;0.00030668910256410263;['1061_ar4', '1463_blogger', '1490_planning-relax', '1559_breast-tissue', '679_rmftsa_sleepdata', '1551_autoUniv-au6-400', '4550_MiceProtein', '1455_acute-inflammations', '22_mfeat-zernike', '444_analcatdata_boxing2', '1556_acute-inflammations', '187_wine', '61_iris', '1167_pc1_req', '1510_wdbc', '1100_PopularKids', '333_monks-problems-1', '377_synthetic_control', '48_tae', '56_vote', '1494_qsar-biodeg', '1506_thoracic-surgery', '1549_autoUniv-au6-750', '1531_volcanoes-b1', '451_irish', '1535_volcanoes-b5', '335_monks-problems-3', '15_breast-w', '55_hepatitis']
ela_features_flacco_set_ela_error_RF_0_8.csv;0.8149631839757777;0.8097872913360169;0.012494049278401614;0.8027117698781867;0.8404471390678288;0.0001561012673711279;0.5515576923076922;0.5454807692307692;0.01991694725525078;0.5292948717948718;0.5894871794871794;0.00039668478796844154;0.6854342948717949;0.6792307692307692;0.023741647734188284;0.6531730769230768;0.7351602564102564;0.0005636658371342876;['1061_ar4', '1460_banana', '1463_blogger', '1490_planning-relax', '1559_breast-tissue', '679_rmftsa_sleepdata', '1456_appendicitis', '22_mfeat-zernike', '446_prnn_crabs', '1066_kc1-binary', '187_wine', '466_schizo', '1167_pc1_req', '1510_wdbc', '455_cars', '48_tae', '56_vote', '1494_qsar-biodeg', '1549_autoUniv-au6-750', '1465_breast-tissue', '1512_heart-long-beach', '1531_volcanoes-b1', '451_irish', '1048_jEdit_4.2_4.3', '1553_autoUniv-au7-700', '1073_jEdit_4.0_4.2', '15_breast-w', '481_biomed', '55_hepatitis']
ela_features_flacco_set_ela_error_RF_0_85.csv;0.8121109093416438;0.8056257140050243;0.01500780186138882;0.7961263263362214;0.844781412712447;0.00022523411671070576;0.5441730769230769;0.5453205128205127;0.019428078606234987;0.5123076923076924;0.5728205128205128;0.0003774502383300456;0.6877195512820512;0.6880608974358974;0.02063614153525356;0.6482371794871795;0.7253846153846154;0.0004258503374630172;['1061_ar4', '1463_blogger', '1490_planning-relax', '1559_breast-tissue', '679_rmftsa_sleepdata', '1456_appendicitis', '1551_autoUniv-au6-400', '1555_autoUniv-au6-1000', '22_mfeat-zernike', '446_prnn_crabs', '1066_kc1-binary', '187_wine', '466_schizo', '1167_pc1_req', '1510_wdbc', '455_cars', '49_heart-c', '1100_PopularKids', '333_monks-problems-1', '48_tae', '56_vote', '1494_qsar-biodeg', '1549_autoUniv-au6-750', '1465_breast-tissue', '1512_heart-long-beach', '1531_volcanoes-b1', '1554_autoUniv-au7-500', '451_irish', '1553_autoUniv-au7-700', '335_monks-problems-3', '1073_jEdit_4.0_4.2', '15_breast-w', '481_biomed', '55_hepatitis']
ela_features_flacco_set_ela_error_RF_0_9.csv;0.8279399077628462;0.8304820550652635;0.009979433833831756;0.8070663233706711;0.841982091982092;9.9589099643826e-05;0.5837628205128206;0.5803205128205127;0.018089853758591647;0.5559615384615385;0.6189743589743589;0.0003272428090072324;0.709576923076923;0.7008012820512821;0.018248090276365495;0.6955769230769231;0.7533333333333333;0.00033299279873438495;['1061_ar4', '1463_blogger', '1490_planning-relax', '1559_breast-tissue', '1456_appendicitis', '1551_autoUniv-au6-400', '1552_autoUniv-au7-1100', '1555_autoUniv-au6-1000', '22_mfeat-zernike', '446_prnn_crabs', '187_wine', '61_iris', '1167_pc1_req', '1510_wdbc', '292_Australian', '455_cars', '333_monks-problems-1', '48_tae', '56_vote', '1494_qsar-biodeg', '1549_autoUniv-au6-750', '1554_autoUniv-au7-500', '29_credit-a', '451_irish', '335_monks-problems-3', '1073_jEdit_4.0_4.2', '15_breast-w', '481_biomed', '55_hepatitis']
ela_features_flacco_set_ela_error_RF_0_95.csv;0.8298538737291361;0.8301277764381214;0.010758912485517403;0.8123740156783634;0.8494890180062594;0.00011575419787102225;0.5896602564102565;0.591378205128205;0.02248527624755797;0.5469871794871795;0.626474358974359;0.0005055876479289946;0.7118301282051281;0.7087660256410255;0.0188283179708153;0.6713621794871794;0.7401602564102564;0.00035450555761012633;['1061_ar4', '1463_blogger', '1490_planning-relax', '1559_breast-tissue', '679_rmftsa_sleepdata', '1456_appendicitis', '1551_autoUniv-au6-400', '1552_autoUniv-au7-1100', '1555_autoUniv-au6-1000', '22_mfeat-zernike', '187_wine', '61_iris', '1167_pc1_req', '1510_wdbc', '455_cars', '333_monks-problems-1', '48_tae', '56_vote', '1494_qsar-biodeg', '1549_autoUniv-au6-750', '1465_breast-tissue', '1512_heart-long-beach', '29_credit-a', '451_irish', '335_monks-problems-3', '1073_jEdit_4.0_4.2', '15_breast-w', '55_hepatitis']
ela_features_flacco_set_ela_error_SVM_LIN_0_8.csv;0.8383579638752053;0.8383579638752053;0.0;0.8383579638752053;0.8383579638752053;0.0;0.5;0.5;0.0;0.5;0.5;0.0;0.44481730769230776;0.43911858974358975;0.037019350232907484;0.38971153846153844;0.4971153846153847;0.0013704322916666674;['1061_ar4', '1463_blogger', '1490_planning-relax', '1559_breast-tissue', '1456_appendicitis', '1551_autoUniv-au6-400', '1552_autoUniv-au7-1100', '37_diabetes', '1455_acute-inflammations', '22_mfeat-zernike', '444_analcatdata_boxing2', '464_prnn_synth', '51_heart-h', '1066_kc1-binary', '1556_acute-inflammations', '187_wine', '466_schizo', '61_iris', '1063_kc2', '1167_pc1_req', '1510_wdbc', '455_cars', '49_heart-c', '1100_PopularKids', '333_monks-problems-1', '377_synthetic_control', '48_tae', '56_vote', '1494_qsar-biodeg', '1529_volcanoes-a3', '1533_volcanoes-b3', '1549_autoUniv-au6-750', '164_molecular-biology_promoters', '1465_breast-tissue', '1512_heart-long-beach', '1531_volcanoes-b1', '29_credit-a', '451_irish', '1048_jEdit_4.2_4.3', '1535_volcanoes-b5', '1536_volcanoes-b6', '1553_autoUniv-au7-700', '335_monks-problems-3', '1073_jEdit_4.0_4.2', '15_breast-w', '481_biomed', '55_hepatitis']
ela_features_flacco_set_ela_error_SVM_LIN_0_85.csv;0.8383579638752053;0.8383579638752053;0.0;0.8383579638752053;0.8383579638752053;0.0;0.5;0.5;0.0;0.5;0.5;0.0;0.4381025641025641;0.4332692307692308;0.041486404445075835;0.3850320512820512;0.5099679487179487;0.0017211217537804083;['1061_ar4', '1463_blogger', '1490_planning-relax', '1559_breast-tissue', '1456_appendicitis', '1551_autoUniv-au6-400', '1552_autoUniv-au7-1100', '37_diabetes', '1455_acute-inflammations', '22_mfeat-zernike', '444_analcatdata_boxing2', '464_prnn_synth', '51_heart-h', '1066_kc1-binary', '1556_acute-inflammations', '187_wine', '466_schizo', '61_iris', '1063_kc2', '1167_pc1_req', '1510_wdbc', '455_cars', '49_heart-c', '1100_PopularKids', '333_monks-problems-1', '377_synthetic_control', '48_tae', '56_vote', '1494_qsar-biodeg', '1529_volcanoes-a3', '1533_volcanoes-b3', '1549_autoUniv-au6-750', '164_molecular-biology_promoters', '1465_breast-tissue', '1512_heart-long-beach', '1531_volcanoes-b1', '29_credit-a', '451_irish', '1048_jEdit_4.2_4.3', '1535_volcanoes-b5', '1536_volcanoes-b6', '1553_autoUniv-au7-700', '335_monks-problems-3', '1073_jEdit_4.0_4.2', '15_breast-w', '481_biomed', '55_hepatitis']
ela_features_flacco_set_ela_error_SVM_LIN_0_9.csv;0.8383579638752053;0.8383579638752053;0.0;0.8383579638752053;0.8383579638752053;0.0;0.5;0.5;0.0;0.5;0.5;0.0;0.47225641025641024;0.4873557692307692;0.06455693167800927;0.35801282051282046;0.5853525641025641;0.004167597427679157;['1061_ar4', '1463_blogger', '1490_planning-relax', '1559_breast-tissue', '1456_appendicitis', '1551_autoUniv-au6-400', '1552_autoUniv-au7-1100', '37_diabetes', '1455_acute-inflammations', '22_mfeat-zernike', '444_analcatdata_boxing2', '464_prnn_synth', '51_heart-h', '1066_kc1-binary', '1556_acute-inflammations', '187_wine', '466_schizo', '61_iris', '1063_kc2', '1167_pc1_req', '1510_wdbc', '455_cars', '49_heart-c', '1100_PopularKids', '333_monks-problems-1', '377_synthetic_control', '48_tae', '56_vote', '1494_qsar-biodeg', '1529_volcanoes-a3', '1533_volcanoes-b3', '1549_autoUniv-au6-750', '164_molecular-biology_promoters', '1465_breast-tissue', '1512_heart-long-beach', '1531_volcanoes-b1', '29_credit-a', '451_irish', '1048_jEdit_4.2_4.3', '1535_volcanoes-b5', '1536_volcanoes-b6', '1553_autoUniv-au7-700', '335_monks-problems-3', '1073_jEdit_4.0_4.2', '15_breast-w', '481_biomed', '55_hepatitis']
ela_features_flacco_set_ela_error_SVM_LIN_0_95.csv;0.8383579638752053;0.8383579638752053;0.0;0.8383579638752053;0.8383579638752053;0.0;0.5;0.5;0.0;0.5;0.5;0.0;0.4708621794871795;0.4615544871794871;0.06942485474024043;0.3866666666666666;0.5862179487179487;0.004819810455703484;['1061_ar4', '1463_blogger', '1490_planning-relax', '1559_breast-tissue', '1456_appendicitis', '1551_autoUniv-au6-400', '1552_autoUniv-au7-1100', '37_diabetes', '1455_acute-inflammations', '22_mfeat-zernike', '444_analcatdata_boxing2', '464_prnn_synth', '51_heart-h', '1066_kc1-binary', '1556_acute-inflammations', '187_wine', '466_schizo', '61_iris', '1063_kc2', '1167_pc1_req', '1510_wdbc', '455_cars', '49_heart-c', '1100_PopularKids', '333_monks-problems-1', '377_synthetic_control', '48_tae', '56_vote', '1494_qsar-biodeg', '1529_volcanoes-a3', '1533_volcanoes-b3', '1549_autoUniv-au6-750', '164_molecular-biology_promoters', '1465_breast-tissue', '1512_heart-long-beach', '1531_volcanoes-b1', '29_credit-a', '451_irish', '1048_jEdit_4.2_4.3', '1535_volcanoes-b5', '1536_volcanoes-b6', '1553_autoUniv-au7-700', '335_monks-problems-3', '1073_jEdit_4.0_4.2', '15_breast-w', '481_biomed', '55_hepatitis']
ela_features_flacco_set_ela_error_SVM_RBF_0_8.csv;0.8383579638752053;0.8383579638752053;0.0;0.8383579638752053;0.8383579638752053;0.0;0.5;0.5;0.0;0.5;0.5;0.0;0.44669871794871796;0.4490064102564102;0.03317627880001669;0.38519230769230767;0.5016987179487179;0.0011006654750164366;['1061_ar4', '1463_blogger', '1490_planning-relax', '1559_breast-tissue', '1456_appendicitis', '1551_autoUniv-au6-400', '1552_autoUniv-au7-1100', '37_diabetes', '1455_acute-inflammations', '22_mfeat-zernike', '444_analcatdata_boxing2', '464_prnn_synth', '51_heart-h', '1066_kc1-binary', '1556_acute-inflammations', '187_wine', '466_schizo', '61_iris', '1063_kc2', '1167_pc1_req', '1510_wdbc', '455_cars', '49_heart-c', '1100_PopularKids', '333_monks-problems-1', '377_synthetic_control', '48_tae', '56_vote', '1494_qsar-biodeg', '1529_volcanoes-a3', '1533_volcanoes-b3', '1549_autoUniv-au6-750', '164_molecular-biology_promoters', '1465_breast-tissue', '1512_heart-long-beach', '1531_volcanoes-b1', '29_credit-a', '451_irish', '1048_jEdit_4.2_4.3', '1535_volcanoes-b5', '1536_volcanoes-b6', '1553_autoUniv-au7-700', '335_monks-problems-3', '1073_jEdit_4.0_4.2', '15_breast-w', '481_biomed', '55_hepatitis']
ela_features_flacco_set_ela_error_SVM_RBF_0_85.csv;0.8383579638752053;0.8383579638752053;0.0;0.8383579638752053;0.8383579638752053;0.0;0.5;0.5;0.0;0.5;0.5;0.0;0.4595352564102563;0.4600641025641025;0.03518084632499151;0.38394230769230764;0.5089102564102563;0.0012376919481426685;['1061_ar4', '1463_blogger', '1490_planning-relax', '1559_breast-tissue', '1456_appendicitis', '1551_autoUniv-au6-400', '1552_autoUniv-au7-1100', '37_diabetes', '1455_acute-inflammations', '22_mfeat-zernike', '444_analcatdata_boxing2', '464_prnn_synth', '51_heart-h', '1066_kc1-binary', '1556_acute-inflammations', '187_wine', '466_schizo', '61_iris', '1063_kc2', '1167_pc1_req', '1510_wdbc', '455_cars', '49_heart-c', '1100_PopularKids', '333_monks-problems-1', '377_synthetic_control', '48_tae', '56_vote', '1494_qsar-biodeg', '1529_volcanoes-a3', '1533_volcanoes-b3', '1549_autoUniv-au6-750', '164_molecular-biology_promoters', '1465_breast-tissue', '1512_heart-long-beach', '1531_volcanoes-b1', '29_credit-a', '451_irish', '1048_jEdit_4.2_4.3', '1535_volcanoes-b5', '1536_volcanoes-b6', '1553_autoUniv-au7-700', '335_monks-problems-3', '1073_jEdit_4.0_4.2', '15_breast-w', '481_biomed', '55_hepatitis']
ela_features_flacco_set_ela_error_SVM_RBF_0_9.csv;0.8383579638752053;0.8383579638752053;0.0;0.8383579638752053;0.8383579638752053;0.0;0.5;0.5;0.0;0.5;0.5;0.0;0.5410160256410256;0.5212339743589742;0.0656451571998291;0.4467948717948718;0.6560897435897436;0.0043092866637902735;['1061_ar4', '1463_blogger', '1490_planning-relax', '1559_breast-tissue', '1456_appendicitis', '1551_autoUniv-au6-400', '1552_autoUniv-au7-1100', '37_diabetes', '1455_acute-inflammations', '22_mfeat-zernike', '444_analcatdata_boxing2', '464_prnn_synth', '51_heart-h', '1066_kc1-binary', '1556_acute-inflammations', '187_wine', '466_schizo', '61_iris', '1063_kc2', '1167_pc1_req', '1510_wdbc', '455_cars', '49_heart-c', '1100_PopularKids', '333_monks-problems-1', '377_synthetic_control', '48_tae', '56_vote', '1494_qsar-biodeg', '1529_volcanoes-a3', '1533_volcanoes-b3', '1549_autoUniv-au6-750', '164_molecular-biology_promoters', '1465_breast-tissue', '1512_heart-long-beach', '1531_volcanoes-b1', '29_credit-a', '451_irish', '1048_jEdit_4.2_4.3', '1535_volcanoes-b5', '1536_volcanoes-b6', '1553_autoUniv-au7-700', '335_monks-problems-3', '1073_jEdit_4.0_4.2', '15_breast-w', '481_biomed', '55_hepatitis']
ela_features_flacco_set_ela_error_SVM_RBF_0_95.csv;0.8383579638752053;0.8383579638752053;0.0;0.8383579638752053;0.8383579638752053;0.0;0.5;0.5;0.0;0.5;0.5;0.0;0.5989455128205128;0.6177564102564101;0.055833223766414926;0.4788782051282051;0.6685576923076922;0.0031173488761505608;['1061_ar4', '1463_blogger', '1490_planning-relax', '1559_breast-tissue', '1456_appendicitis', '1551_autoUniv-au6-400', '1552_autoUniv-au7-1100', '37_diabetes', '1455_acute-inflammations', '22_mfeat-zernike', '444_analcatdata_boxing2', '464_prnn_synth', '51_heart-h', '1066_kc1-binary', '1556_acute-inflammations', '187_wine', '466_schizo', '61_iris', '1063_kc2', '1167_pc1_req', '1510_wdbc', '455_cars', '49_heart-c', '1100_PopularKids', '333_monks-problems-1', '377_synthetic_control', '48_tae', '56_vote', '1494_qsar-biodeg', '1529_volcanoes-a3', '1533_volcanoes-b3', '1549_autoUniv-au6-750', '164_molecular-biology_promoters', '1465_breast-tissue', '1512_heart-long-beach', '1531_volcanoes-b1', '29_credit-a', '451_irish', '1048_jEdit_4.2_4.3', '1535_volcanoes-b5', '1536_volcanoes-b6', '1553_autoUniv-au7-700', '335_monks-problems-3', '1073_jEdit_4.0_4.2', '15_breast-w', '481_biomed', '55_hepatitis']
ela_features_flacco_set_ela_error_XGBoost_0_8.csv;0.8096457329443837;0.8138456229760578;0.021117438151476448;0.7772974111234981;0.8346353001765296;0.00044594619408143296;0.6035769230769231;0.6052243589743591;0.025204404350927943;0.5623076923076923;0.6326282051282051;0.0006352619986850754;0.7038173076923078;0.7032692307692308;0.021440561089801184;0.6649999999999999;0.7346794871794872;0.0004596976598454966;['1490_planning-relax', '1559_breast-tissue', '679_rmftsa_sleepdata', '1456_appendicitis', '22_mfeat-zernike', '446_prnn_crabs', '187_wine', '1167_pc1_req', '455_cars', '333_monks-problems-1', '56_vote', '1494_qsar-biodeg', '1465_breast-tissue', '451_irish', '1073_jEdit_4.0_4.2', '15_breast-w', '55_hepatitis']
ela_features_flacco_set_ela_error_XGBoost_0_85.csv;0.8049189520235996;0.8100991918570629;0.016687182526122255;0.7705923979402239;0.8293201740787948;0.0002784620606601199;0.5924807692307692;0.5884615384615384;0.023622869891691614;0.5481410256410256;0.6333333333333334;0.0005580399819197902;0.7130416666666666;0.7179807692307693;0.015977822568184388;0.6859935897435897;0.7301923076923077;0.0002552908140203823;['1463_blogger', '1490_planning-relax', '1559_breast-tissue', '679_rmftsa_sleepdata', '1555_autoUniv-au6-1000', '22_mfeat-zernike', '446_prnn_crabs', '187_wine', '1167_pc1_req', '1510_wdbc', '333_monks-problems-1', '56_vote', '1494_qsar-biodeg', '1549_autoUniv-au6-750', '1465_breast-tissue', '1554_autoUniv-au7-500', '23_cmc', '451_irish', '1073_jEdit_4.0_4.2', '15_breast-w', '1558_bank-marketing', '55_hepatitis']
ela_features_flacco_set_ela_error_XGBoost_0_9.csv;0.819797416287971;0.8197553433295562;0.009210617854549788;0.8063146113146112;0.8334936737980216;8.483548126255132e-05;0.6274615384615385;0.6251282051282051;0.029115695106113528;0.5751282051282051;0.6841025641025641;0.0008477237015121633;0.7379326923076924;0.7374358974358974;0.018857527801465317;0.7145192307692309;0.7753525641025641;0.0003556063547830373;['1463_blogger', '1490_planning-relax', '679_rmftsa_sleepdata', '1456_appendicitis', '1552_autoUniv-au7-1100', '1555_autoUniv-au6-1000', '22_mfeat-zernike', '446_prnn_crabs', '187_wine', '3_kr-vs-kp', '1510_wdbc', '333_monks-problems-1', '56_vote', '1494_qsar-biodeg', '1549_autoUniv-au6-750', '1554_autoUniv-au7-500', '451_irish', '1073_jEdit_4.0_4.2', '15_breast-w', '55_hepatitis']
ela_features_flacco_set_ela_error_XGBoost_0_95.csv;0.828005028632315;0.827461363113537;0.007243820502457535;0.8141211445559271;0.8375410145410145;5.247293547182414e-05;0.6499807692307693;0.646474358974359;0.015840054890112056;0.6281410256410257;0.6776282051282052;0.0002509073389217629;0.7570705128205127;0.7602083333333334;0.014372412438983231;0.7325320512820512;0.7783653846153846;0.0002065662393162399;['1463_blogger', '1490_planning-relax', '1456_appendicitis', '1552_autoUniv-au7-1100', '53_heart-statlog', '1555_autoUniv-au6-1000', '22_mfeat-zernike', '446_prnn_crabs', '187_wine', '3_kr-vs-kp', '1510_wdbc', '292_Australian', '455_cars', '333_monks-problems-1', '48_tae', '56_vote', '1494_qsar-biodeg', '1549_autoUniv-au6-750', '1554_autoUniv-au7-500', '451_irish', '335_monks-problems-3', '1073_jEdit_4.0_4.2', '15_breast-w', '55_hepatitis']
