avail.datasets,simple.classes,simple.attributes,simple.numeric,simple.nominal,simple.samples,simple.dimensionality,simple.numeric_rate,simple.nominal_rate,simple.symbols_min,simple.symbols_max,simple.symbols_mean,simple.symbols_sd,simple.symbols_sum,simple.class_prob_min,simple.class_prob_max,simple.class_prob_mean,simple.class_prob_sd,statistical.skewness,statistical.skewness_prep,statistical.kurtosis,statistical.kurtosis_prep,statistical.abs_cor,statistical.cancor_1,statistical.fract_1,inftheo.class_entropy,inftheo.normalized_class_entropy,inftheo.attribute_entropy,inftheo.normalized_attribute_entropy,inftheo.joint_entropy,inftheo.mutual_information,inftheo.equivalent_attributes,inftheo.noise_signal_ratio,modelbased.nodes,modelbased.leaves,modelbased.nodes_per_attribute,modelbased.nodes_per_instance,modelbased.leaf_corrobation,modelbased.level_min,modelbased.level_max,modelbased.level_mean,modelbased.level_sd,modelbased.branch_min,modelbased.branch_max,modelbased.branch_mean,modelbased.branch_sd,modelbased.attribute_min,modelbased.attribute_max,modelbased.attribute_mean,modelbased.attribute_sd,landmarking.naive_bayes,landmarking.stump_min,landmarking.stump_max,landmarking.stump_mean,landmarking.stump_sd,landmarking.stump_min_gain,landmarking.stump_random,landmarking.nn_1,f1,f1v,f2,f3,f4,l1,l2,l3,n1,n2,n3,n4,t1,t2,edges,degree,density,maxComp,closeness,betweenness,clsCoef,hubs,avgPath,ela_meta.lin_simple.adj_r2,ela_meta.lin_simple.intercept,ela_meta.lin_simple.coef.min,ela_meta.lin_simple.coef.max,ela_meta.lin_simple.coef.max_by_min,ela_meta.lin_w_interact.adj_r2,ela_meta.quad_simple.adj_r2,ela_meta.quad_simple.cond,ela_meta.quad_w_interact.adj_r2,ela_meta.costs_fun_evals,ela_meta.costs_runtime,ela_distr.skewness,ela_distr.kurtosis,ela_distr.number_of_peaks,ela_distr.costs_fun_evals,ela_distr.costs_runtime,ela_level.mmce_lda_10,ela_level.mmce_qda_10,ela_level.mmce_mda_10,ela_level.lda_qda_10,ela_level.lda_mda_10,ela_level.qda_mda_10,ela_level.mmce_lda_25,ela_level.mmce_qda_25,ela_level.mmce_mda_25,ela_level.lda_qda_25,ela_level.lda_mda_25,ela_level.qda_mda_25,ela_level.mmce_lda_50,ela_level.mmce_qda_50,ela_level.mmce_mda_50,ela_level.lda_qda_50,ela_level.lda_mda_50,ela_level.qda_mda_50,ela_level.costs_fun_evals,ela_level.costs_runtime,Class
1037_ada_prior,2,14,6,8,4562,0.003069,0.428571,0.571429,2,39,10.888889,11.580635,98,0.248137,0.751863,0.5,0.356188,3.304282,13.855256,57.613233,390.196049,0.184244,0.609164,1.0,0.560279,0.808312,1.300331,0.498574,1.2347,0.04622,12.122069,27.133671,7,8,0.5,0.001534,0.125,2,4,3.5,1.0,3,5,4.25,0.886405,0,3,0.5,0.85485,0.821131,0.751863,0.792416,0.75584,0.011272,0.751863,0.751863,0.767646,0.365,3.302,0.267,0.026,0.04,0.781,0.196,0.389,0.326,0.603,0.231,0.271,0.996,325.857,1137615,498.735204,0.109348,3430,0.0,4534.469531,0.202783,0.786903,4.324817,0.5474385153865,0.555297666856803,0.0050378236953597,0.0057606682572681,1.1434834971645,0.761785057826205,0.551706461510108,1.21918498139703,0.860248148766879,0,0.0900000000001455,1.27585858453519,-0.0791327814787208,33.0,0.0,0.0,0.0169,0.0169,0.0169,1.0,1.0,1.0,0.0169,0.0169,0.0169,1.0,1.0,1.0,0.0169,0.0169,0.0169,1.0,1.0,1.0,0,318.720000000001,Tuning
1043_ada_agnostic,2,47,47,0,4562,0.010302,1.0,0.0,2,2,2.0,0.0,2,0.248137,0.751863,0.5,0.356188,6.494871,6.494871,158.014522,158.014522,0.054273,0.597873,1.0,0.560279,0.808312,0.417184,0.09887,0.560279,0.014956,37.462413,26.894542,5,6,0.106383,0.001096,0.166667,2,4,2.5,1.0,3,5,3.833333,0.983192,0,2,0.106383,0.374981,0.680842,0.751863,0.792416,0.753108,0.00627,0.751863,0.751863,0.770715,0.693,2.976,0.0,0.026,0.046,0.988,0.178,0.248,0.328,0.485,0.229,0.25,0.998,97.064,1507931,661.083297,0.144943,3430,0.0,1320.599079,0.280013,0.595926,1.941041,0.540736995278986,0.560597528432006,0.0054893313324916,0.0059664992895249,1.08692642657748,0.744880888600251,0.543863314657847,3.55115032937567,0.85425569513808,0,0.0400000000008731,1.15609613465304,-0.413838772599503,21.0,0.0,0.0,0.0156333333333333,0.0156333333333333,0.0156333333333333,1.0,1.0,1.0,0.0156333333333333,0.0156333333333333,0.0156333333333333,1.0,1.0,1.0,0.0156333333333333,0.0156333333333333,0.0156333333333333,1.0,1.0,1.0,0,226.129999999997,Tuning
1048_jEdit_4.2_4.3,2,8,8,0,369,0.02168,1.0,0.0,2,2,2.0,0.0,2,0.447154,0.552846,0.5,0.074735,3.699077,3.699077,29.002704,29.002704,0.29935,0.340004,1.0,0.687551,0.991927,0.694714,0.235941,0.687551,0.019753,34.808049,34.170662,6,7,0.75,0.01626,0.142857,2,4,2.4,0.894427,2,6,4.428571,1.397276,0,3,0.75,1.164965,0.539295,0.566396,0.631436,0.60332,0.021822,0.566396,0.604336,0.688347,0.156,0.566,0.004,0.049,0.079,0.876,0.447,0.5,0.542,0.777,0.312,0.411,0.995,46.125,7005,37.96748,0.103172,204,1.5e-05,213.124661,0.189859,0.759316,2.967594,0.486886974405047,0.536509034571953,0.0014827682579848,0.0035244277519428,2.37692419767115,0.567683011981038,0.571894290329017,26.0467982550354,0.764204518307656,0,0.0399999999990541,0.849830726198501,-0.827325687040585,61.0,0.0,0.0,0.0114333333333333,0.0114333333333333,0.0114333333333333,1.0,1.0,1.0,0.0114333333333333,0.0114333333333333,0.0114333333333333,1.0,1.0,1.0,0.0948333333333333,0.0913666666666667,0.063,1.03794235680409,1.50529100529101,1.45026455026455,0,230.050000000003,Defaults
1049_pc4,2,37,37,0,1458,0.025377,1.0,0.0,2,2,2.0,0.0,2,0.122085,0.877915,0.5,0.534452,4.278449,4.278449,46.50384,46.50384,0.3649,0.568092,1.0,0.371059,0.535325,0.675501,0.1857,0.371059,0.014632,25.3587,45.164711,21,22,0.567568,0.014403,0.045455,2,6,3.5,1.732051,2,13,8.318182,3.137885,0,3,0.567568,0.834684,0.879287,0.877915,0.877915,0.877915,0.0,0.877915,0.877915,0.874486,0.592,5.899,0.0,0.123,0.349,0.265,0.122,0.5,0.197,0.446,0.126,0.287,0.998,39.405,157182,215.613169,0.147984,1280,3e-06,1728.109053,0.24485,0.779664,4.031724,0.439388993465959,0.536891617811577,0.0034631924535502,0.0042379892680756,1.22372329141893,0.639280254689818,0.46138110372267,1.39806099992913,0.791770786351463,0,0.0399999999990541,,,,,,0.0936333333333333,0.0916333333333333,0.0908333333333333,1.02182611858858,1.03082568807339,1.00880733944954,0.0936333333333333,0.0916333333333333,0.0912,1.02182611858858,1.02668128654971,1.0047514619883,0.0936333333333333,0.0916333333333333,0.091,1.02182611858858,1.02893772893773,1.00695970695971,0,283.760000000002,Tuning
1050_pc3,2,37,37,0,1563,0.023672,1.0,0.0,2,2,2.0,0.0,2,0.102367,0.897633,0.5,0.562338,6.428958,6.428958,124.244943,124.244943,0.419897,0.444716,1.0,0.330253,0.476455,0.566095,0.15346,0.330253,0.009452,34.941598,58.894161,21,22,0.567568,0.013436,0.045455,2,6,3.818182,1.88776,3,12,7.181818,2.575274,0,4,0.567568,0.834684,0.458093,0.897633,0.897633,0.897633,0.0,0.897633,0.897633,0.873321,0.505,0.417,0.0,0.065,0.137,0.205,0.102,0.5,0.193,0.489,0.128,0.363,1.0,42.243,186830,239.065899,0.153051,1403,4e-06,1932.414587,0.259441,0.777148,4.042278,0.236486293140208,0.509727232842426,0.0007377486628917,0.0012362024640287,1.67564175471785,0.325306659232294,0.309128711125608,1.17578354501771,0.568459234538959,0,0.0299999999988358,,,,,,0.0959,0.094,0.0927,1.02021276595745,1.03451995685005,1.01402373247033,0.107933333333333,0.0874,0.0640333333333333,1.23493516399695,1.68558042686101,1.36491410723581,0.107933333333333,0.0874,0.0666333333333333,1.23493516399695,1.61980990495248,1.31165582791396,0,214.989999999998,Tuning
1054_mc2,2,39,39,0,161,0.242236,1.0,0.0,2,2,2.0,0.0,2,0.322981,0.677019,0.5,0.250342,2.327212,2.327212,11.197692,11.197692,0.507705,0.635978,1.0,0.629096,0.907594,0.720494,0.2809,0.629096,0.03882,16.205318,17.559686,7,8,0.179487,0.043478,0.125,2,2,2.0,0.0,2,8,5.375,2.263846,0,1,0.179487,0.388776,0.73913,0.677019,0.757764,0.711897,0.029015,0.677019,0.708075,0.695652,0.295,6.46,1e-06,0.161,0.988,0.609,0.292,0.478,0.509,0.772,0.311,0.273,1.0,4.128,1473,18.298137,0.114363,109,9.5e-05,132.509317,0.184703,0.779501,3.876147,0.398769332557066,0.519149748250244,0.0020915916480594,0.0023054431183519,1.10224341376143,0.608369858725662,0.407054311938524,1.6093605994194,0.706176708686042,0,0.0299999999988358,2.03543893759397,3.08139800382916,77.0,0.0,0.0,0.0464333333333333,0.0464333333333333,0.0464333333333333,1.0,1.0,1.0,0.1425,0.136,0.134366666666667,1.04779411764706,1.06053088563632,1.01215579260729,0.1425,0.136,0.136933333333333,1.04779411764706,1.04065238558909,0.993184031158715,0,221.129999999997,Tuning
1056_mc1,2,38,38,0,9466,0.004014,1.0,0.0,2,2,2.0,0.0,2,0.007184,0.992816,0.5,0.696948,11.008148,11.008148,445.882156,445.882156,0.452292,0.358243,1.0,0.042616,0.061481,0.425107,0.092925,0.042616,0.004162,10.238068,101.128397,8,9,0.210526,0.000845,0.111111,2,4,2.285714,0.755929,2,8,5.333333,2.061553,0,2,0.210526,0.474079,0.938306,0.992816,0.992816,0.992816,0.0,0.992816,0.992816,0.99419,1.738,10.56,0.0,0.535,0.631,0.015,0.007,0.5,0.014,0.021,0.008,0.378,0.999,249.105,9145460,1932.275512,0.20415,9398,1e-06,8704.553349,0.412297,0.750416,2.865985,0.216143611082258,0.50662042435535,0.0004621964344447,0.0008448975935469,1.82800543358129,0.287558960731662,0.30087145315989,1.38530863253405,0.509364190116168,0,0.0300000000006548,,,,,,0.0644,0.0644,0.0644,1.0,1.0,1.0,0.0977,0.0713,0.0557666666666667,1.37026647966339,1.7519426180514,1.27854154213987,0.0977,0.0713,0.0568666666666667,1.37026647966339,1.71805392731536,1.25381008206331,0,218.639999999999,Tuning
1061_ar4,2,29,29,0,107,0.271028,1.0,0.0,2,2,2.0,0.0,2,0.186916,0.813084,0.5,0.442768,2.632114,2.632114,14.16589,14.16589,0.542723,0.716624,1.0,0.48172,0.694975,0.508659,0.220908,0.48172,0.069946,6.887068,6.272207,1,2,0.034483,0.009346,0.5,2,2,2.0,0.0,2,2,2.0,0.0,0,1,0.034483,0.185695,0.859813,0.813084,0.878505,0.851112,0.027918,0.813084,0.813084,0.766355,0.974,7.332,0.0,0.439,0.981,0.409,0.178,0.5,0.336,0.731,0.234,0.257,0.991,3.69,800,14.953271,0.141069,87,0.000346,105.056075,0.231281,0.771435,3.977279,0.364026652264252,0.523210980405153,0.0025660626937297,0.0026475058165561,1.03173855534606,0.556567144481274,0.372830168217479,1.26555963500292,0.661740664139181,0,0.0500000000010914,,,,,,0.0261,0.0261,0.0261,1.0,1.0,1.0,0.0261,0.0261,0.0261,1.0,1.0,1.0,0.0261,0.0261,0.0261,1.0,1.0,1.0,0,413.890000000007,Defaults
1063_kc2,2,21,21,0,522,0.04023,1.0,0.0,2,2,2.0,0.0,2,0.204981,0.795019,0.5,0.41722,4.42648,4.42648,32.985683,32.985683,0.742975,0.598582,1.0,0.50723,0.731779,0.304279,0.097043,0.50723,0.041356,12.265086,6.357616,7,8,0.333333,0.01341,0.125,2,4,2.8,1.095445,2,6,4.625,1.30247,0,2,0.333333,0.658281,0.837165,0.795019,0.854406,0.82859,0.018381,0.795019,0.795019,0.808429,0.85,6.758,0.0,0.042,0.151,0.42,0.197,0.492,0.289,0.75,0.192,0.241,1.0,24.857,21570,82.643678,0.158625,415,1.5e-05,397.047893,0.269719,0.767708,3.334102,0.446637747734451,0.534107259066827,0.0031539840997176,0.0033555161996025,1.06389762710059,0.637902807882902,0.460934367402711,3.31858820782,0.77768448434447,0,0.0600000000013097,1.2134061659466,-0.222352005219589,57.0,0.0,0.0,0.0903333333333333,0.0799333333333333,0.0776333333333333,1.13010842368641,1.1635895234006,1.02962644911979,0.0629333333333333,0.0300666666666667,0.0235,2.09312638580931,2.67801418439716,1.27943262411348,0.0629333333333333,0.0300666666666667,0.0225333333333333,2.09312638580931,2.79289940828402,1.33431952662722,0,538.189999999995,Defaults
1064_ar6,2,29,29,0,101,0.287129,1.0,0.0,2,2,2.0,0.0,2,0.148515,0.851485,0.5,0.497075,1.583703,1.583703,5.716994,5.716994,0.50794,0.693683,1.0,0.420124,0.606111,0.649516,0.282081,0.420124,0.028968,14.503265,21.422194,1,2,0.034483,0.009901,0.5,2,2,2.0,0.0,2,2,2.0,0.0,0,1,0.034483,0.185695,0.871287,0.851485,0.881188,0.854216,0.007893,0.851485,0.851485,0.841584,0.53,20.095,0.0,0.218,0.99,0.29,0.149,0.5,0.267,0.589,0.158,0.252,0.921,3.483,753,14.910891,0.149109,86,0.00048,100.247525,0.23928,0.748891,3.763064,0.240605757152767,0.512561029843945,0.0014363955974133,0.0015974756912286,1.11214187380232,0.389863659085543,0.260667222778287,1.57242950309292,0.494849251770941,0,0.0500000000010914,,,,,,0.0753333333333333,0.0753333333333333,0.0634333333333333,1.0,1.18759852863899,1.18759852863899,0.0753333333333333,0.0753333333333333,0.0634666666666667,1.0,1.18697478991597,1.18697478991597,0.0753333333333333,0.0753333333333333,0.0620666666666667,1.0,1.21374865735768,1.21374865735768,0,538.510000000002,Tuning
1065_kc3,2,39,39,0,458,0.085153,1.0,0.0,2,2,2.0,0.0,2,0.093886,0.906114,0.5,0.574331,2.587199,2.587199,14.705653,14.705653,0.564353,0.537445,1.0,0.311439,0.449311,0.73937,0.242853,0.311439,0.030952,10.062047,22.887771,6,7,0.153846,0.0131,0.142857,2,4,3.0,1.154701,3,5,4.0,0.816497,0,1,0.153846,0.365518,0.847162,0.906114,0.91048,0.906449,0.001067,0.906114,0.906114,0.884279,0.708,8.929,1.3e-05,0.286,0.644,0.19,0.094,0.5,0.19,0.413,0.118,0.332,0.998,11.744,17213,75.165939,0.164477,415,4.3e-05,545.331878,0.303781,0.787374,3.894442,0.304977930771789,0.511712960270738,0.0013565038304466,0.0014745129996514,1.08699508733852,0.48723299115997,0.328310708091662,10.3584539227379,0.628090521628368,0,0.0500000000010914,,,,,,0.0586,0.0586,0.0568,1.0,1.03169014084507,1.03169014084507,0.161866666666667,0.159433333333333,0.151033333333333,1.01526238762283,1.07172809534319,1.05561686161995,0.161866666666667,0.159433333333333,0.148566666666667,1.01526238762283,1.08952210006731,1.07314336997981,0,475.909999999996,Tuning
1066_kc1-binary,2,86,86,0,145,0.593103,1.0,0.0,2,2,2.0,0.0,2,0.413793,0.586207,0.5,0.121915,2.319703,2.319703,10.788349,10.788349,0.421319,0.910263,1.0,0.678209,0.978449,0.735869,0.296136,0.678209,0.055605,12.19701,12.233972,4,5,0.046512,0.027586,0.2,2,2,2.0,0.0,2,5,3.8,1.30384,0,1,0.046512,0.211825,0.682759,0.586207,0.772414,0.693504,0.069455,0.586207,0.744828,0.717241,0.917,11.311,0.0,0.359,1.0,0.644,0.262,0.203,0.421,0.78,0.283,0.224,1.0,1.686,1437,19.82069,0.137644,85,9.8e-05,76.082759,0.236058,0.760179,3.367507,0.456976970865816,0.545473797522406,0.0041618229782317,0.005233532962918,1.25750974760144,0.648521646344822,0.46628072053826,2.40848991131626,0.750478509904415,0,0.0500000000010914,1.51860487820511,0.616824252456007,135.0,0.0,0.0,0.0368333333333333,0.0368333333333333,0.0368333333333333,1.0,1.0,1.0,0.0368333333333333,0.0368333333333333,0.0368333333333333,1.0,1.0,1.0,0.0368333333333333,0.0368333333333333,0.0368333333333333,1.0,1.0,1.0,0,485.980000000003,Defaults
1067_kc1,2,21,21,0,2109,0.009957,1.0,0.0,2,2,2.0,0.0,2,0.154576,0.845424,0.5,0.488504,3.796243,3.796243,34.634973,34.634973,0.707575,0.467723,1.0,0.430565,0.621173,0.747348,0.195199,0.430565,0.04141,10.397722,17.047733,7,8,0.333333,0.003319,0.125,2,6,3.5,1.914854,2,5,4.5,1.069045,0,1,0.333333,0.483046,0.825036,0.845424,0.845424,0.845424,0.0,0.845424,0.845424,0.84495,0.533,3.934,0.001,0.009,0.042,0.31,0.155,0.5,0.366,0.679,0.261,0.414,0.986,100.429,362224,343.503082,0.162952,1783,1e-06,1771.630631,0.274453,0.734393,3.295469,0.369635853142044,0.515883272829297,0.0015266171422305,0.001709473599616,1.11977885766325,0.530826992758278,0.422012798909903,3.36798527231949,0.743062465734596,0,0.0399999999990541,1.59655416214874,1.36420839358612,86.0,0.0,0.0,0.106333333333333,0.0691,0.0740333333333333,1.53883260974433,1.43628995947771,0.933363349842413,0.0693666666666667,0.0372,0.0298,1.86469534050179,2.32774049217002,1.24832214765101,0.0693666666666667,0.0372,0.0289,1.86469534050179,2.4002306805075,1.28719723183391,0,208.25,Tuning
1068_pc1,2,21,21,0,1109,0.018936,1.0,0.0,2,2,2.0,0.0,2,0.069432,0.930568,0.5,0.608915,5.560927,5.560927,69.03357,69.03357,0.667721,0.386223,1.0,0.252167,0.3638,0.363026,0.103825,0.252167,0.013649,18.475103,25.597212,5,6,0.238095,0.004509,0.166667,2,4,2.5,1.0,3,5,3.833333,0.983192,0,1,0.238095,0.436436,0.889991,0.930568,0.935978,0.930955,0.001293,0.930568,0.930568,0.920649,0.248,5.838,4e-06,0.053,0.237,0.14,0.069,0.5,0.138,0.517,0.087,0.387,0.993,52.81,101391,182.851217,0.165028,1032,1e-05,1433.893598,0.318676,0.773848,3.981515,0.367669501798556,0.512577978284887,0.0006320302277466,0.001515510189182,2.39784447428294,0.441315320590157,0.485363627442085,1.62484772890828,0.691797933614554,0,0.0300000000006548,1.91990354182556,3.00852227556372,99.0,0.0,0.0100000000020373,0.0764333333333333,0.0691,0.0596666666666667,1.10612638687892,1.28100558659218,1.15810055865922,0.0838666666666667,0.0749333333333333,0.0659333333333333,1.11921708185053,1.27199191102123,1.13650151668352,0.0839,0.0749333333333333,0.0659333333333333,1.11966192170819,1.27249747219414,1.13650151668352,0,205.419999999998,Tuning
1069_pc2,2,36,36,0,5589,0.006441,1.0,0.0,2,2,2.0,0.0,2,0.004115,0.995885,0.5,0.701287,10.228512,10.228512,377.406224,377.406224,0.511614,0.341067,1.0,0.026712,0.038537,0.401288,0.092945,0.026712,0.002956,9.036328,134.750946,0,1,0.0,0.0,1.0,0,1,0.5,0.707107,1,1,1.0,0.0,0,0,0.0,0.0,0.972088,0.995885,0.995885,0.995885,0.0,0.995885,0.995885,0.992127,1.066,18.799,0.0,0.336,0.618,0.009,0.004,0.5,0.011,0.057,0.008,0.424,0.988,155.25,3043051,1088.942924,0.194872,5566,7e-06,5526.462158,0.325794,0.777504,2.994354,0.0801289186189955,0.501501391599298,0.0001743029131429,0.0002174923770025,1.24778394738707,0.130118350030357,0.101902692574034,3.34423495650538,0.220568595515458,0,0.0300000000006548,5.27473337318936,34.2544113089745,97.0,0.0,0.0,0.0809333333333333,0.0606333333333333,0.0441,1.33479934029687,1.83522297808012,1.37490551776266,0.204133333333333,0.201633333333333,0.141966666666667,1.01239874359398,1.4378962197699,1.42028645221883,0.181533333333333,0.176166666666667,0.1651,1.03046357615894,1.09953563496871,1.06703008277811,0,433.279999999999,Tuning
1071_mw1,2,37,37,0,403,0.091811,1.0,0.0,2,2,2.0,0.0,2,0.076923,0.923077,0.5,0.598321,1.991251,1.991251,11.087073,11.087073,0.480686,0.510496,1.0,0.271189,0.391244,0.930843,0.310723,0.271189,0.027158,9.985627,33.275129,2,3,0.054054,0.004963,0.333333,2,2,2.0,0.0,2,3,2.666667,0.57735,0,1,0.054054,0.229243,0.833747,0.923077,0.92804,0.923278,0.000902,0.923077,0.925558,0.873449,0.658,7.521,3e-06,0.362,0.851,0.156,0.077,0.5,0.181,0.582,0.136,0.357,1.0,10.892,12813,63.588089,0.158179,372,6.6e-05,528.253102,0.251653,0.772783,4.068936,0.266096312204604,0.511584518223413,0.0014411143957303,0.0014516870592489,1.00733644986814,0.43245392392077,0.287040756581527,6.9491725496146,0.567471731873041,0,0.0400000000008731,2.8420045656402,7.47196894746886,145.0,0.0,0.0,0.0909333333333333,0.0909333333333333,0.0898333333333333,1.0,1.01224489795918,1.01224489795918,0.1284,0.0993,0.0863,1.29305135951662,1.48783314020857,1.15063731170336,0.115933333333333,0.077,0.0580333333333333,1.50562770562771,1.99770246984492,1.3268236645606,0,320.970000000001,Tuning
1073_jEdit_4.0_4.2,2,8,8,0,274,0.029197,1.0,0.0,2,2,2.0,0.0,2,0.489051,0.510949,0.5,0.015484,4.213328,4.213328,33.820364,33.820364,0.306971,0.52327,1.0,0.692907,0.999654,0.655495,0.231361,0.692907,0.039057,17.740802,15.78291,5,6,0.625,0.018248,0.166667,2,2,2.0,0.0,2,6,4.333333,1.632993,0,2,0.625,0.744024,0.69708,0.543796,0.740876,0.648266,0.059999,0.543796,0.609489,0.664234,0.298,14.17,0.051,0.018,0.066,0.795,0.358,0.359,0.504,0.794,0.336,0.305,1.0,34.25,4551,33.218978,0.121681,140,2.6e-05,132.839416,0.201067,0.770793,3.004008,0.461634443984589,0.594140628584776,0.00314253059123,0.007020984212331,2.23418165981417,0.532102112915865,0.662853568809941,9.91251529876358,0.826840288939632,0,0.0500000000010914,0.372843237206364,-1.56236753781208,34.0,0.0,0.0,0.0392,0.0392,0.0392,1.0,1.0,1.0,0.0392,0.0392,0.0392,1.0,1.0,1.0,0.231566666666667,0.140166666666667,0.101566666666667,1.65208085612366,2.27994748933377,1.38004594683295,0,187.849999999999,Defaults
1075_datatrieve,2,8,8,0,130,0.061538,1.0,0.0,2,2,2.0,0.0,2,0.084615,0.915385,0.5,0.587443,1.330007,1.330007,5.277147,5.277147,0.618744,0.421726,1.0,0.289899,0.418237,0.957921,0.399484,0.289899,0.034667,8.362505,26.632409,1,2,0.125,0.007692,0.5,2,2,2.0,0.0,2,2,2.0,0.0,0,1,0.125,0.353553,0.846154,0.915385,0.923077,0.916346,0.00272,0.915385,0.923077,0.892308,0.733,8.533,0.125,0.208,0.9,0.17,0.085,0.5,0.177,0.209,0.108,0.346,0.923,16.25,1255,19.307692,0.149672,119,0.000481,174.492308,0.289092,0.749117,4.230736,0.103902625146866,0.508075784268374,0.0006119550119636,0.001075837615054,1.7580338325882,0.14072026251287,0.139199032097312,1.0793204565789,0.269138589309804,0,0.0299999999988358,,,,,,0.0775,0.0775,0.0759666666666667,1.0,1.02018429135586,1.02018429135586,0.1015,0.1154,0.103666666666667,0.879549393414211,0.979099678456592,1.11318327974277,0.1015,0.1154,0.103733333333333,0.879549393414211,0.978470437017995,1.11246786632391,0,187.940000000002,Tuning
1100_PopularKids,3,10,6,4,478,0.020921,0.6,0.4,2,9,3.8,2.949576,19,0.188285,0.516736,0.333333,0.167551,0.44569,1.678991,2.202891,6.239706,0.248379,0.328771,0.524743,1.015684,0.924516,1.17905,0.581071,1.426036,0.02075,48.948155,55.821113,8,9,0.8,0.016736,0.111111,2,6,3.2,1.788854,2,6,4.777778,1.20185,0,3,0.8,1.032796,0.543933,0.516736,0.516736,0.516736,0.0,0.516736,0.516736,0.560669,0.084,0.315,1.917,0.013,0.013,0.638667,0.316333,0.474333,0.773,1.404,0.658,0.526,0.995,39.2,9261,38.748954,0.081235,247,7e-06,113.774059,0.16743,0.600961,2.262664,0.340900017553937,0.328542723771546,0.0004234824245639,0.002136514819875,5.04510859470666,0.599648076190931,0.341963929221713,1.72180574275309,0.676705616474939,0,0.0600000000013097,0.320625765560964,0.246930050949758,52.0,0.0,0.0,0.102533333333333,0.118966666666667,0.104066666666667,0.86186606892687,0.985265855221012,1.14317745035234,0.0883666666666667,0.0430666666666667,0.0251666666666667,2.05185758513932,3.5112582781457,1.7112582781457,0.102933333333333,0.0631666666666667,0.0403666666666667,1.62955145118734,2.54995871180842,1.56482246077622,0,184.830000000002,Defaults
1115_teachingAssistant,3,6,2,4,151,0.039735,0.333333,0.666667,2,26,11.6,12.700394,58,0.324503,0.344371,0.333333,0.010116,0.285015,4.177003,2.076022,22.366793,0.489219,0.767461,0.517663,1.098306,0.999721,1.588005,0.710919,2.070442,0.133606,8.220498,10.88575,9,10,1.5,0.059603,0.1,2,6,3.6,1.67332,2,6,5.0,1.247219,0,3,1.5,1.378405,0.701987,0.377483,0.503311,0.43819,0.052717,0.410596,0.423841,0.609272,8.251,0.662333,1.285,0.338,0.563,0.657,0.333333,0.5,0.629,0.735,0.371,0.45,0.914,25.167,725,9.602649,0.064018,28,5e-05,8.119205,0.089136,0.793922,2.547619,0.465904553000592,0.396854886103934,0.0044279538992622,0.0057014182949217,1.28759657951082,0.597667440837986,0.506372436432877,23.5471403416069,0.742703623442996,0,0.0300000000006548,1.0812515422477,-0.473013314772278,42.0,0.0,0.0,0.0186,0.0186,0.0186,1.0,1.0,1.0,0.0186,0.0186,0.0186,1.0,1.0,1.0,0.0186,0.0186,0.0186,1.0,1.0,1.0,0,185.849999999999,Tuning
1121_badges2,2,11,8,3,294,0.037415,0.727273,0.272727,2,2,2.0,0.0,8,0.285714,0.714286,0.5,0.303046,0.879203,1.170131,3.591574,6.470265,0.238791,1.0,1.0,0.59827,0.863121,0.960701,0.4973,0.681488,0.076856,7.784264,11.499966,1,2,0.090909,0.003401,0.5,2,2,2.0,0.0,2,2,2.0,0.0,0,1,0.090909,0.301511,1.0,0.714286,1.0,0.755102,0.085833,0.714286,1.0,1.0,0.061,1.547,0.07,0.973,0.973,0.000231,0.0,0.0,0.014,0.16,0.0,0.0,0.721,26.727,4378,29.782313,0.101646,210,3.1e-05,257.996599,0.27774,0.795673,4.453224,0.483873653027506,0.632581953382965,0.011379479632036,0.0127002652524141,1.11606731266162,0.659237633580269,0.49913280273115,21.9290933375098,0.790032471895513,0,0.0500000000010914,1.03318530533616,-0.866736919695721,7.0,0.0,0.0,,,,,,,,,,,,,,,,,,,0,0.709999999999127,Tuning
1167_pc1_req,2,8,7,1,320,0.025,0.875,0.125,2,3,2.5,0.707107,5,0.334375,0.665625,0.5,0.234229,2.13844,3.919587,11.674521,31.438188,0.291523,0.322516,1.0,0.637234,0.919334,0.658517,0.233067,0.646353,0.010621,59.999957,61.003957,5,6,0.625,0.015625,0.166667,2,4,3.333333,1.154701,3,4,3.666667,0.516398,0,2,0.625,0.744024,0.665625,0.665625,0.665625,0.665625,0.0,0.665625,0.665625,0.634375,0.163,0.242,0.0,0.024,0.063,0.777,0.389,0.5,0.675,0.891,0.532,0.313,0.984,15.75,5921,37.00625,0.116007,213,2.4e-05,122.934375,0.220617,0.655555,2.473425,0.416851113767092,0.478056589706311,0.0021925746093674,0.0025357951066461,1.15653765934002,0.588413690769666,0.425522008102203,5.30874812727389,0.649696593099721,0,0.0599999999994907,-0.552296774955509,-0.095715460266502,61.0,0.0,0.0,0.105133333333333,0.118433333333333,0.104733333333333,0.887700534759358,1.00381922342457,1.13080840229153,0.1042,0.0890666666666667,0.0794666666666667,1.16991017964072,1.31124161073825,1.12080536912752,0.117333333333333,0.0847333333333333,0.064,1.38473642800944,1.83333333333333,1.32395833333333,0,185.720000000001,Defaults
11_balance-scale,3,4,4,0,625,0.0064,1.0,0.0,3,3,3.0,0.0,3,0.0784,0.4608,0.333333,0.220779,0.373424,0.373424,2.003462,2.003462,0.236134,0.822601,0.999058,0.913649,0.831639,1.609438,0.5,0.913649,0.09382,9.738265,16.154444,12,13,3.0,0.0192,0.076923,2,8,4.8,3.03315,4,6,4.846154,0.688737,1,4,3.0,1.414214,0.9088,0.6352,0.6352,0.6352,0.0,0.6352,0.6352,0.8064,0.204,0.161356,3.0,0.0,0.0,0.625,0.333333,0.5,0.317,0.677,0.208,0.327,0.914,156.25,23303,74.5696,0.119503,288,5e-06,111.7232,0.238548,0.585038,1.819396,0.466722747941007,0.563561233287449,0.0089635728854598,0.0108095194852056,1.2059387058413,0.570433411419363,0.61433424636139,4.16180723730108,0.760596173862529,0,0.0300000000006548,0.67684189693087,-0.210685604933877,10.0,0.0,0.0,,,,,,,0.119733333333333,0.1233,0.118333333333333,0.971073263044066,1.01183098591549,1.04197183098592,0.253333333333333,0.1898,0.182533333333333,1.33473832103969,1.38787436084733,1.03981008035062,0,124.809999999998,Tuning
13_breast-cancer,2,9,0,9,286,0.031469,0.0,1.0,2,11,4.3,2.983287,43,0.297203,0.702797,0.5,0.286799,0.0,3.143176,3.0,21.165878,0.286746,0.468648,1.0,0.608476,0.877845,1.043799,0.797878,1.628801,0.023474,25.921312,43.466269,8,9,0.888889,0.027972,0.111111,2,6,4.0,1.632993,3,5,4.444444,0.881917,0,3,0.888889,1.054093,0.758741,0.702797,0.723776,0.709013,0.009378,0.702797,0.72028,0.678322,0.021,0.849,0.667,0.003,0.007,0.586,0.297,0.5,0.437,0.865,0.357,0.392,1.0,31.778,5926,41.440559,0.145405,102,1.6e-05,11.454545,0.233062,0.693721,1.455446,0.287348538538025,0.510039777137044,0.0011690019552772,0.0018002182228307,1.53996168672261,0.486737816831795,0.302415276717406,1.39895531341597,0.591131465431122,0,0.0299999999988358,,,,,,0.0768333333333333,0.0768333333333333,0.0768333333333333,1.0,1.0,1.0,0.142633333333333,0.124466666666667,0.117466666666667,1.14595607927156,1.21424517593644,1.05959137343927,0.1144,0.0549,0.0284,2.08378870673953,4.02816901408451,1.9330985915493,0,185.139999999999,Tuning
1442_MegaWatt1,2,37,37,0,253,0.146245,1.0,0.0,2,2,2.0,0.0,2,0.106719,0.893281,0.5,0.556183,1.707479,1.707479,8.381491,8.381491,0.458417,0.521175,1.0,0.339601,0.489941,1.003954,0.3621,0.339601,0.030069,11.294025,32.388261,2,3,0.054054,0.007905,0.333333,2,2,2.0,0.0,2,3,2.666667,0.57735,0,1,0.054054,0.229243,0.798419,0.893281,0.901186,0.893601,0.001437,0.893281,0.893281,0.814229,0.578,2.621,2e-06,0.237,1.0,0.216,0.107,0.5,0.249,0.694,0.186,0.356,1.0,6.838,4541,35.897233,0.142449,226,0.000116,328.316206,0.278352,0.781078,4.263284,0.248893079619723,0.512241526527289,0.0013538921976822,0.0015168974895382,1.12039754135152,0.396241945867633,0.269106411092426,10.5036024791387,0.523977457974397,0,0.069999999999709,,,,,,0.0964666666666667,0.0964666666666667,0.0592666666666667,1.0,1.62767154105737,1.62767154105737,0.0964666666666667,0.0964666666666667,0.0585,1.0,1.64900284900285,1.64900284900285,0.0964666666666667,0.0964666666666667,0.0598333333333333,1.0,1.61225626740947,1.61225626740947,0,185.580000000002,Tuning
1443_PizzaCutter1,2,37,37,0,661,0.055976,1.0,0.0,2,2,2.0,0.0,2,0.078669,0.921331,0.5,0.595852,3.313726,3.313726,19.602723,19.602723,0.495604,0.496889,1.0,0.275506,0.397471,0.609075,0.186942,0.275506,0.017856,15.429559,33.110947,6,7,0.162162,0.009077,0.142857,2,2,2.0,0.0,2,7,4.857143,1.9518,0,1,0.162162,0.373684,0.889561,0.921331,0.931921,0.921863,0.002261,0.921331,0.921331,0.907716,0.438,3.404,0.0,0.389,0.852,0.163,0.079,0.5,0.151,0.499,0.092,0.365,1.0,17.865,34278,103.715582,0.157145,609,2.5e-05,874.251135,0.37733,0.778236,4.102854,0.387600200383593,0.522030548439656,0.0015032707803958,0.0026756957628361,1.77991603224778,0.512119830094915,0.462086767864188,1.24646562718167,0.711234129059429,0,0.0500000000010914,2.21648825164309,4.71551484207023,80.0,0.0,0.0100000000020373,0.0203333333333333,0.0203333333333333,0.0203333333333333,1.0,1.0,1.0,0.0203333333333333,0.0203333333333333,0.0203333333333333,1.0,1.0,1.0,0.0203333333333333,0.0203333333333333,0.0203333333333333,1.0,1.0,1.0,0,184.629999999997,Tuning
1444_PizzaCutter3,2,37,37,0,1043,0.035475,1.0,0.0,2,2,2.0,0.0,2,0.121764,0.878236,0.5,0.534906,5.895785,5.895785,96.625446,96.625446,0.396921,0.466118,1.0,0.370425,0.534411,0.615253,0.177525,0.370425,0.009414,39.350222,64.358292,11,12,0.297297,0.010547,0.083333,2,4,2.444444,0.881917,2,10,6.416667,2.539088,0,3,0.297297,0.661012,0.310642,0.878236,0.878236,0.878236,0.0,0.878236,0.878236,0.853308,0.499,1.965,0.0,0.236,0.46,0.244,0.122,0.5,0.234,0.592,0.147,0.355,0.999,28.189,78300,150.143816,0.144092,916,7e-06,1273.87536,0.271755,0.78201,4.128425,0.241588686999862,0.511279156572528,0.000813787868398,0.0014165208408019,1.74065121367606,0.325818248191736,0.313718227275896,1.21998713034649,0.56785507789223,0,0.0399999999990541,,,,,,0.0416333333333333,0.0416333333333333,0.0416333333333333,1.0,1.0,1.0,0.0416333333333333,0.0416333333333333,0.0416333333333333,1.0,1.0,1.0,0.0416333333333333,0.0416333333333333,0.0416333333333333,1.0,1.0,1.0,0,182.389999999999,Tuning
1446_CostaMadre1,2,37,37,0,296,0.125,1.0,0.0,2,2,2.0,0.0,2,0.128378,0.871622,0.5,0.525552,2.951975,2.951975,22.359202,22.359202,0.519389,0.514031,1.0,0.383292,0.552974,0.633829,0.223714,0.383292,0.018062,21.221512,34.092807,10,11,0.27027,0.033784,0.090909,2,6,4.0,2.0,3,6,4.727273,0.904534,0,2,0.27027,0.607758,0.807432,0.871622,0.881757,0.871896,0.001666,0.871622,0.871622,0.780405,0.344,1.59,0.0,0.267,0.973,0.258,0.128,0.5,0.324,0.693,0.22,0.326,0.986,8.0,6175,41.722973,0.141434,258,7.3e-05,353.638514,0.350544,0.769651,4.11284,0.240278816488344,0.511513202542783,0.0009794740143934,0.0015057243618608,1.53727851860713,0.347242669442824,0.29475737293369,1.6055006117724,0.534565879054146,0,0.0300000000006548,,,,,,0.0325333333333333,0.0325333333333333,0.0325333333333333,1.0,1.0,1.0,0.0325333333333333,0.0325333333333333,0.0325333333333333,1.0,1.0,1.0,0.0325333333333333,0.0325333333333333,0.0325333333333333,1.0,1.0,1.0,0,185.689999999995,Tuning
1447_CastMetal1,2,37,37,0,327,0.11315,1.0,0.0,2,2,2.0,0.0,2,0.12844,0.87156,0.5,0.525465,3.026812,3.026812,19.027262,19.027262,0.537719,0.496736,1.0,0.383411,0.553145,0.663316,0.229491,0.383411,0.017318,22.13949,37.302153,6,7,0.162162,0.018349,0.142857,2,4,3.0,1.154701,2,5,4.285714,1.112697,0,1,0.162162,0.373684,0.825688,0.87156,0.877676,0.871725,0.001005,0.87156,0.87156,0.767584,0.232,1.542,2e-06,0.242,0.982,0.258,0.128,0.5,0.321,0.699,0.232,0.381,0.991,8.838,7643,46.746177,0.143393,285,6e-05,386.874618,0.33146,0.773642,4.077094,0.18889227469026,0.506619085490188,0.0005845160148979,0.0009141574026042,1.56395612661515,0.276643066805759,0.241390032219917,1.95744284419994,0.444464944678958,0,0.0399999999990541,,,,,,0.0571,0.0571,0.0571,1.0,1.0,1.0,0.0571,0.0571,0.0571,1.0,1.0,1.0,0.0571,0.0571,0.0571,1.0,1.0,1.0,0,186.109999999993,Tuning
1451_PieChart1,2,37,37,0,705,0.052482,1.0,0.0,2,2,2.0,0.0,2,0.086525,0.913475,0.5,0.584742,3.834355,3.834355,33.609222,33.609222,0.477759,0.483184,1.0,0.294423,0.424763,0.609319,0.184875,0.294423,0.017662,16.670305,33.499781,12,13,0.324324,0.017021,0.076923,2,4,3.0,1.069045,3,9,6.230769,2.278664,0,2,0.324324,0.579945,0.883688,0.913475,0.921986,0.913859,0.001556,0.913475,0.913475,0.896454,0.451,2.873,0.0,0.372,0.82,0.176,0.087,0.5,0.157,0.513,0.104,0.385,1.0,19.054,38412,108.970213,0.154787,644,2e-05,918.659574,0.347781,0.778379,4.105576,0.354332521752799,0.52172983046047,0.0013266584415481,0.0026260393286379,1.97943890182731,0.454810748101579,0.450835931342331,1.42666772916143,0.70374824510449,0,0.0300000000006548,2.29649779589266,4.85769198431696,95.0,0.0,0.0,0.0208,0.0208,0.0208,1.0,1.0,1.0,0.0208,0.0208,0.0208,1.0,1.0,1.0,0.0208,0.0208,0.0208,1.0,1.0,1.0,0,185.360000000001,Tuning
1452_PieChart2,2,36,36,0,745,0.048322,1.0,0.0,2,2,2.0,0.0,2,0.021477,0.978523,0.5,0.676734,5.615619,5.615619,80.174624,80.174624,0.535228,0.388561,1.0,0.103731,0.149652,0.480302,0.14573,0.103731,0.005765,17.993813,82.315981,2,3,0.055556,0.002685,0.333333,2,2,2.0,0.0,2,3,2.666667,0.57735,0,1,0.055556,0.232311,0.932886,0.978523,0.978523,0.978523,0.0,0.978523,0.978523,0.957047,0.709,3.343,0.0,0.642,1.0,0.044,0.021,0.5,0.062,0.366,0.043,0.358,0.993,20.694,48914,131.312752,0.176496,729,6.6e-05,1105.409396,0.26987,0.77912,4.103235,0.0877265149712014,0.502406161310283,0.0002304189663258,0.0003480008603189,1.51029607444257,0.132702854441022,0.113404101796194,2.5638894887543,0.22323345961455,0,0.0499999999992724,,,,,,0.0870333333333333,0.109833333333333,0.0928666666666667,0.792412746585736,0.937185929648241,1.1826992103374,0.123433333333333,0.134766666666667,0.1333,0.915904031659659,0.925981495373843,1.01100275068767,0.123433333333333,0.134766666666667,0.135,0.915904031659659,0.914320987654321,0.998271604938272,0,182.709999999999,Tuning
1453_PieChart3,2,37,37,0,1077,0.034355,1.0,0.0,2,2,2.0,0.0,2,0.12442,0.87558,0.5,0.531151,5.700726,5.700726,90.680765,90.680765,0.39994,0.472092,1.0,0.375639,0.541933,0.607104,0.173632,0.375639,0.009756,38.503155,61.228376,12,13,0.324324,0.011142,0.076923,2,4,3.0,1.069045,3,9,6.230769,2.488435,0,4,0.324324,0.818333,0.318477,0.87558,0.87558,0.87558,0.0,0.87558,0.87558,0.849582,0.473,1.884,0.0,0.228,0.455,0.249,0.124,0.5,0.237,0.592,0.15,0.36,0.999,29.108,83195,154.493965,0.143582,943,6e-06,1306.082637,0.259783,0.781819,4.123266,0.239211994253585,0.511179720917231,0.0008099823838475,0.0014040215260462,1.73339760721326,0.324992467698889,0.308270434229956,1.19939504733715,0.560318282510184,0,0.0300000000006548,,,,,,0.0410666666666667,0.0410666666666667,0.0410666666666667,1.0,1.0,1.0,0.0410666666666667,0.0410666666666667,0.0410666666666667,1.0,1.0,1.0,0.0410666666666667,0.0410666666666667,0.0410666666666667,1.0,1.0,1.0,0,184.860000000001,Tuning
1455_acute-inflammations,2,6,1,5,120,0.05,0.166667,0.833333,2,2,2.0,0.0,12,0.416667,0.583333,0.5,0.117851,1.233305,0.749793,3.758493,2.01105,0.506774,0.961077,1.0,0.679193,0.979869,0.736995,0.861363,1.104283,0.174892,3.88349,3.21399,2,3,0.333333,0.016667,0.333333,2,2,2.0,0.0,2,3,2.666667,0.57735,0,1,0.333333,0.516398,0.958333,0.583333,0.916667,0.734722,0.142441,0.583333,0.583333,1.0,2.276,13.794,0.0,0.465,0.818,0.262,0.0,0.005,0.02,0.015,0.0,0.0,1.0,16.5,1094,18.233333,0.153221,60,0.000123,35.575,0.243489,0.782241,2.30113,0.540498106361938,0.704643366058432,0.0074259590394383,0.0184997422273733,2.49122599910981,0.606438065794229,0.672350921983412,6.03110775753041,0.843417583483214,0,0.0400000000008731,0.350245960238375,-1.81158262621738,9.0,0.0,0.0,,,,,,,,,,,,,,,,,,,0,0.75,Defaults
1456_appendicitis,2,7,7,0,106,0.066038,1.0,0.0,2,2,2.0,0.0,2,0.198113,0.801887,0.5,0.426932,1.180186,1.180186,5.230625,5.230625,0.452904,0.613146,1.0,0.497776,0.718138,1.05518,0.458259,0.497776,0.108488,4.588316,8.726268,4,5,0.571429,0.037736,0.2,2,2,2.0,0.0,2,5,3.8,1.30384,0,1,0.571429,0.534522,0.858491,0.801887,0.886792,0.851752,0.034325,0.801887,0.867925,0.801887,0.852,1.093,0.045,0.292,0.755,0.418,0.198,0.5,0.292,0.639,0.198,0.189,0.972,15.143,864,16.301887,0.155256,85,0.000355,39.886792,0.37943,0.561833,2.136415,0.407459295538648,0.552329268212263,0.0042552295022636,0.0054534664030152,1.28159160395794,0.569366204811521,0.433514107813347,3.29191148420399,0.719723213048078,0,0.0399999999990541,1.41224732734576,0.317155423162305,74.0,0.0,0.0,0.0061,0.0061,0.0061,1.0,1.0,1.0,0.0061,0.0061,0.0061,1.0,1.0,1.0,0.0061,0.0061,0.0061,1.0,1.0,1.0,0,186.640000000007,Defaults
1459_artificial-characters,10,7,7,0,4891,0.001431,1.0,0.0,10,10,10.0,0.0,10,0.060519,0.143324,0.1,0.027303,0.593622,0.593622,2.770189,2.770189,0.338574,0.662662,0.477219,2.267849,0.984914,2.123806,0.499896,2.267849,0.158588,14.300239,12.391955,12,13,1.714286,0.002453,0.076923,2,6,3.428571,1.902379,2,8,5.692308,1.601282,0,4,1.714286,1.704336,0.278675,0.143324,0.190759,0.170371,0.020998,0.143324,0.175479,0.552648,0.365,0.4094,3.508,0.469,1.79,0.2005,0.1001,0.5,0.6,0.666,0.452,0.63,0.994,698.714,1664132,325.725582,0.031881,1416,0.0,468.485907,0.057224,0.707328,2.010699,0.483379711375593,0.250177514885764,0.0070901322908846,0.0139264612273468,1.96420329776517,0.572762155021068,0.641434097894398,40.58853557257,0.869050558352303,0,0.0299999999988358,0.834631587913913,-1.00152990370172,22.0,0.0,0.0199999999967986,0.0015333333333333,0.0010333333333333,0.0015333333333333,1.48387096774194,1.0,0.673913043478261,0.0015333333333333,0.0010333333333333,0.0015333333333333,1.48387096774194,1.0,0.673913043478261,0.162133333333333,0.125166666666667,0.0484666666666667,1.29533954727031,3.34525447042641,2.58253094910591,0,184.659999999996,Tuning
1460_banana,2,2,2,0,5300,0.000377,1.0,0.0,2,2,2.0,0.0,2,0.448302,0.551698,0.5,0.073112,0.142119,0.142119,2.245302,2.245302,0.202706,0.083539,1.0,0.687792,0.992274,2.446841,0.570298,0.687792,0.065544,10.493522,36.331015,6,7,3.0,0.001132,0.142857,2,4,3.0,1.154701,3,5,4.0,0.816497,2,4,3.0,1.414214,0.613962,0.588868,0.596981,0.592925,0.005737,0.596981,0.588868,0.872264,0.01,0.003,0.626,0.004,0.008,0.897,0.448,0.5,0.191,0.152,0.128,0.344,0.837,2646.0,1587721,599.14,0.113067,2924,0.0,2258.284151,0.151652,0.764875,2.858089,0.354948481156767,0.648928318459676,0.0039158105414179,0.0111079179998381,2.83668422727516,0.362727302805087,0.674289628964874,4.94722335849768,0.828293610986103,0,0.069999999999709,0.483302598033245,-1.58815907724786,13.0,0.0,0.0100000000020373,0.0051666666666666,0.0047,0.0051666666666666,1.09929078014184,1.0,0.909677419354839,0.0051666666666666,0.0047,0.0051666666666666,1.09929078014184,1.0,0.909677419354839,0.178933333333333,0.1329,0.0575666666666667,1.34637572109355,3.10828025477707,2.30862767805443,0,185.200000000004,Tuning
1462_banknote-authentication,2,4,4,0,1372,0.002915,1.0,0.0,2,2,2.0,0.0,2,0.444606,0.555394,0.5,0.078338,0.64085,0.64085,2.843861,2.843861,0.446389,0.929974,1.0,0.686998,0.991128,2.103905,0.582651,0.686998,0.153973,4.461802,12.6641,9,10,2.25,0.00656,0.1,2,6,3.0,1.67332,3,7,4.8,1.398412,1,4,2.25,1.5,0.841108,0.555394,0.853499,0.685313,0.127796,0.555394,0.853499,0.998542,2.259,0.838,0.156,0.339,0.647,0.4,0.054,0.052,0.004,0.11,0.001,0.067,0.731,343.0,143714,209.495627,0.152805,762,1e-06,413.344752,0.213893,0.733529,2.204935,0.520088627774134,0.722710838452836,0.0093537959614025,0.0171429220768825,1.832723543214,0.59394588071504,0.691331451187727,2.70221388897895,0.844442870062655,0,0.0300000000006548,0.19976707319247,-1.88864807601739,6.0,0.0,0.0100000000020373,,,,,,,,,,,,,0.186533333333333,0.120866666666667,0.041,1.54329840044126,4.54959349593496,2.9479674796748,0,62.0900000000038,Tuning
1463_blogger,2,5,0,5,100,0.05,0.0,1.0,2,5,2.833333,1.169045,17,0.32,0.68,0.5,0.254558,0.0,1.715738,3.0,6.677651,0.399556,0.557849,1.0,0.626869,0.904381,0.894711,0.834218,1.487517,0.034063,18.403046,25.266083,3,4,0.6,0.03,0.25,2,2,2.0,0.0,2,4,3.25,0.957427,0,1,0.6,0.547723,0.77,0.68,0.74,0.706,0.027928,0.68,0.7,0.78,0.412,0.425,1.0,0.0,0.0,0.825,0.415,0.5,0.634,1.24,0.463,0.402,1.0,8.2,0,0.0,0.0,1,0.000101,0.0,1.0,0.745433,0.0,0.227779238261427,0.481285054132998,0.0013782138238963,0.0018122887834544,1.31495472765678,0.276637197935662,0.229183874661949,3.34519873141072,0.308488399019333,0,0.0300000000006548,-0.169362253223542,1.8231325680186,58.0,0.0,0.0199999999967986,0.0763666666666667,0.0763666666666667,0.0763666666666667,1.0,1.0,1.0,0.208166666666667,0.202166666666667,0.192533333333333,1.02967848309975,1.08119806094183,1.05003462603878,0.1325,0.127733333333333,0.1131,1.03731732776618,1.17152961980548,1.12938402593575,0,184.470000000001,Defaults
1464_blood-transfusion-service-center,2,4,4,0,748,0.005348,1.0,0.0,2,2,2.0,0.0,2,0.237968,0.762032,0.5,0.370569,2.040092,2.040092,10.227575,10.227575,0.472525,0.359244,1.0,0.548726,0.791645,1.216929,0.369232,0.548726,0.026031,21.079797,45.749399,8,9,2.0,0.010695,0.111111,2,4,2.666667,1.032796,2,7,5.222222,1.715938,0,4,2.0,1.825742,0.751337,0.762032,0.762032,0.762032,0.0,0.762032,0.762032,0.715241,0.29,0.771,0.271,0.009,0.013,0.477,0.238,0.5,0.43,0.606,0.33,0.423,0.985,187.0,32447,86.756684,0.11614,570,6e-06,629.425134,0.161769,0.792492,3.751919,0.148767137625416,0.5101451383796,0.0010463514720265,0.001053089549953,1.00643959329795,0.223593657235359,0.31914492676228,19.2221154162947,0.544257024116491,0,0.0500000000010914,1.94881223246382,3.79723235918055,124.0,0.0,0.0,0.0769,0.0632666666666667,0.0563333333333333,1.21548998946259,1.36508875739645,1.12307692307692,0.0683333333333333,0.0415,0.0299666666666667,1.64658634538153,2.28031145717464,1.38487208008899,0.0683333333333333,0.0415,0.0325333333333333,1.64658634538153,2.10040983606557,1.27561475409836,0,181.420000000006,Tuning
1465_breast-tissue,6,9,9,0,106,0.084906,1.0,0.0,6,6,6.0,0.0,6,0.132075,0.207547,0.166667,0.030811,0.424758,0.424758,2.241524,2.241524,0.231231,0.702341,0.494257,1.777651,0.992126,1.385337,0.601644,1.777651,0.153297,11.596143,8.036964,6,7,0.666667,0.056604,0.142857,2,6,4.0,2.0,3,4,3.857143,0.377964,0,2,0.666667,0.707107,0.632075,0.245283,0.386792,0.301887,0.046217,0.301887,0.273585,0.311321,0.397,0.567667,2.098,0.667,0.981,0.334167,0.166667,0.5,0.819,1.136,0.695,0.286,1.0,11.667,254,4.792453,0.045642,22,0.000105,7.688679,0.10037,0.52145,1.900433,0.454491405266015,0.227732783683045,0.0028574521349173,0.0047951525766501,1.67812174981152,0.545034825449707,0.475776988123149,4.13760095414331,0.655006755778454,0,0.0399999999990541,1.17731248188901,0.34821570882798,25.0,0.0,0.0100000000020373,0.0021,0.0021,0.0021,1.0,1.0,1.0,0.0021,0.0021,0.0021,1.0,1.0,1.0,0.1225,0.1224,0.1239,1.00081699346405,0.988700564971751,0.987893462469734,0,207.200000000004,Defaults
1466_cardiotocography,10,35,35,0,2126,0.016463,1.0,0.0,10,10,10.0,0.0,10,0.024929,0.272342,0.1,0.082073,1.478155,1.478155,9.884095,9.884095,0.215097,1.0,0.111111,2.019385,0.877008,1.207218,0.315312,2.019385,0.248655,8.121226,3.85499,9,10,0.257143,0.004233,0.1,2,2,2.0,0.0,2,10,6.4,2.875181,0,1,0.257143,0.44344,0.988711,0.272342,0.452963,0.32454,0.055773,0.272342,0.340075,1.0,1.815,8.9538,0.001,0.957,0.957,0.000498,0.0,0.0,0.008,0.168,0.0,0.0,0.845,60.743,250324,235.488241,0.110818,1655,1e-06,1375.98777,0.190914,0.756429,3.048691,0.530041627750203,0.345788829316995,0.0205805627966585,0.0242588751598711,1.1787274915441,0.706501395796564,0.538246780293904,2.74904883977831,0.823037220668162,0,0.0400000000008731,1.02657240063147,-0.838996579843648,6.0,0.0,0.0199999999967986,,,,,,,,,,,,,0.1393,0.1203,0.0710666666666667,1.15793848711554,1.96013133208255,1.69277673545966,0,127.669999999998,Tuning
1468_cnae-9,9,856,856,0,1080,0.792593,1.0,0.0,9,9,9.0,0.0,9,0.111111,0.111111,0.111111,0.0,7.932292,7.932292,75.308206,75.308206,0.054548,0.995248,0.130186,2.197225,1.0,0.035551,0.010167,2.197225,0.011369,193.26791,2.127023,15,16,0.017523,0.013889,0.0625,2,4,2.142857,0.534522,2,15,9.125,4.272002,0,1,0.017523,0.131288,0.185185,0.111111,0.205556,0.114264,0.011249,0.111111,0.121296,0.861111,2.944,180.111556,0.0,0.317,1.099,0.160222,0.062444,0.272778,0.209,0.768,0.142,0.061,1.0,1.262,38379,71.072222,0.065869,120,1e-06,23.989815,0.090551,0.753552,1.220308,0.525970553773694,0.261390309909309,0.0115796969045706,0.0183702657150365,1.58642025490198,0.723039522261475,0.581296378724534,8.82731027583402,0.849419643372923,0,0.0399999999990541,1.7261238516143,1.3503930600036,12.0,0.0,0.0,0.0720333333333333,0.0487333333333333,0.0509333333333333,1.4781121751026,1.41426701570681,0.956806282722513,0.107366666666667,0.105266666666667,0.1138,1.01994933502217,0.943468072642062,0.925014645577036,0.0962,0.0964333333333333,0.0921666666666667,0.997580366401659,1.04376130198915,1.04629294755877,0,569.959999999999,Tuning
1473_fertility,2,9,9,0,100,0.09,1.0,0.0,2,2,2.0,0.0,2,0.12,0.88,0.5,0.537401,0.641454,0.641454,2.75136,2.75136,0.194426,0.344723,1.0,0.366925,0.529361,0.86304,0.374813,0.366925,0.014072,26.073973,60.328257,3,4,0.333333,0.03,0.25,2,2,2.0,0.0,2,4,3.25,0.957427,0,1,0.333333,0.5,0.87,0.88,0.88,0.88,0.0,0.88,0.88,0.84,0.194,0.77,0.384,0.02,0.05,0.24,0.12,0.5,0.27,0.577,0.17,0.375,0.98,11.111,722,14.44,0.145859,88,0.000644,46.97,0.455149,0.525339,2.225967,0.0861936399746331,0.506096746194762,0.0005572769805923,0.0008036745954299,1.44214568951988,0.123429683321125,0.124395488021189,1.41373132259913,0.249236391207012,0,0.0299999999988358,,,,,,0.0305333333333333,0.0305333333333333,0.0305333333333333,1.0,1.0,1.0,0.181633333333333,0.174766666666667,0.1658,1.03929048254816,1.09549658222758,1.05408122235625,0.181633333333333,0.174766666666667,0.168133333333333,1.03929048254816,1.08029341792228,1.03945281522601,0,490.519999999997,Tuning
1475_first-order-theorem-proving,6,51,51,0,5636,0.009049,1.0,0.0,6,6,6.0,0.0,6,0.080021,0.411994,0.166667,0.124817,4.123905,4.123905,49.889011,49.889011,0.256059,0.443804,0.456559,1.601071,0.893575,1.140462,0.264149,1.601071,0.03572,44.822517,30.927605,6,7,0.117647,0.001065,0.142857,2,4,2.4,0.894427,2,6,4.428571,1.397276,0,1,0.117647,0.325396,0.178495,0.411994,0.427608,0.412854,0.003476,0.411994,0.413449,0.559439,0.082,0.428667,9.9e-05,0.036,0.415,0.3335,0.166667,0.5,0.637,0.917,0.463,0.75,0.998,110.51,1078383,352.52795,0.057631,2554,0.0,703.266754,0.126611,0.708,1.942496,0.522590521362899,0.237677308397676,0.0023682393995142,0.006840386825744,2.88838485971778,0.586911436496793,0.665557684677333,25.2014425812133,0.884491934535728,0,0.0500000000010914,0.893095100667016,-0.758706900854278,26.0,0.0,0.0,0.0044,0.0044,0.0044,1.0,1.0,1.0,0.0044,0.0044,0.0044,1.0,1.0,1.0,0.121533333333333,0.108266666666667,0.0665333333333333,1.12253694581281,1.82665330661323,1.62725450901804,0,503.790000000001,Tuning
1479_hill-valley,2,100,100,0,1212,0.082508,1.0,0.0,2,2,2.0,0.0,2,0.5,0.5,0.5,0.0,3.008036,3.008036,12.615729,12.615729,0.992225,0.421947,1.0,0.693147,1.0,0.81382,0.2289,0.693147,0.005216,132.881469,155.015375,3,4,0.03,0.002475,0.25,2,2,2.0,0.0,2,4,3.25,0.957427,0,1,0.03,0.171447,0.510726,0.534653,0.542079,0.538548,0.001582,0.541254,0.539604,0.60066,0.003,0.0,0.001,0.007,0.705,0.986,0.498,0.499,0.554,0.951,0.399,0.457,1.0,12.12,74160,122.376238,0.101054,606,1e-06,818.235149,0.200553,0.77248,3.706407,0.765200052146323,0.558943347352436,0.0012634691203638,0.0064666726257602,5.11818810727877,0.773794237507482,0.928668185961845,2.34470467449221,0.949527672872302,0,0.0299999999988358,0.865237487750949,-0.663703126832726,16.0,0.0,0.0,0.100566666666667,0.1,0.100433333333333,1.00566666666667,1.00132758048457,0.995685363425158,0.202333333333333,0.198333333333333,0.179033333333333,1.02016806722689,1.13014336250233,1.10780115434742,0.109733333333333,0.107866666666667,0.0838,1.01730531520396,1.30946698488465,1.28719172633254,0,509.950000000004,Tuning
1480_ilpd,2,10,9,1,583,0.017153,0.9,0.1,2,2,2.0,0.0,4,0.286449,0.713551,0.5,0.302006,2.674483,2.518022,20.318655,18.515442,0.198598,0.34665,1.0,0.598942,0.86409,0.940207,0.358468,0.654127,0.018592,32.215811,49.571757,19,20,1.9,0.03259,0.05,2,6,3.8,1.135292,2,11,7.75,2.788605,0,6,1.9,2.024846,0.555746,0.713551,0.713551,0.713551,0.0,0.713551,0.713551,0.655232,0.222,0.436,1.9e-05,0.111,0.228,0.573,0.286,0.5,0.496,0.7,0.345,0.38,0.998,58.3,22544,77.337907,0.132883,416,8e-06,208.358491,0.297297,0.657358,2.220239,0.20857221802544,0.512495373917984,0.0004323531757205,0.0014707443150099,3.40171969954658,0.233658456430642,0.358736316910005,2.85674425128662,0.554678290151761,0,0.0499999999992724,,,,,,0.0494333333333333,0.0494333333333333,0.0494333333333333,1.0,1.0,1.0,0.0494333333333333,0.0494333333333333,0.0494333333333333,1.0,1.0,1.0,0.0494333333333333,0.0494333333333333,0.0494333333333333,1.0,1.0,1.0,0,503.629999999997,Tuning
1484_lsvt,2,310,310,0,126,2.460317,1.0,0.0,2,2,2.0,0.0,2,0.333333,0.666667,0.5,0.235702,2.591995,2.591995,15.644969,15.644969,0.294537,1.0,1.0,0.636514,0.918296,0.740077,0.308636,0.636514,0.031295,20.339452,22.648734,2,3,0.006452,0.015873,0.333333,2,2,2.0,0.0,2,3,2.666667,0.57735,0,1,0.006452,0.080192,0.531746,0.666667,0.81746,0.689478,0.03934,0.666667,0.666667,0.753968,0.959,77.979,0.0,0.302,0.984,0.56,0.119,0.115,0.373,0.887,0.246,0.056,1.0,0.41,784,12.444444,0.099556,84,0.000147,101.484127,0.184319,0.756645,4.12249,0.395174237520074,0.546761242605575,0.0048804753799512,0.0061544694387664,1.26103892748823,0.599961337530534,0.432521732048927,6.65060650194153,0.719101669820026,0,0.0400000000008731,,,,,,6.66666666666667e-05,,,,,,6.66666666666667e-05,,,,,,6.66666666666667e-05,,,,,,0,239.840000000004,Tuning
1487_ozone-level-8hr,2,72,72,0,2526,0.028504,1.0,0.0,2,2,2.0,0.0,2,0.063341,0.936659,0.5,0.617529,0.71679,0.71679,4.447025,4.447025,0.326277,0.420737,1.0,0.236064,0.340568,2.078224,0.53124,0.236064,0.018969,12.444653,108.558406,31,32,0.430556,0.012272,0.03125,2,14,6.888889,4.702245,2,10,7.5625,1.721543,0,3,0.430556,0.747322,0.686461,0.936659,0.938638,0.936686,0.000233,0.936659,0.936725,0.921219,0.808,2.194,0.0,0.256,0.719,0.132,0.063,0.5,0.12,0.673,0.079,0.242,1.0,35.083,566509,447.126283,0.17652,2374,2e-06,1318.328729,0.444656,0.610732,2.181126,0.308335239045548,0.521348774875889,0.002213971159524,0.002663395085453,1.20299448075266,0.472239273210193,0.336235925953412,3.86418361476001,0.633990943853532,0,0.0299999999988358,,,,,,0.0002333333333333,0.0002333333333333,0.0002333333333333,1.0,1.0,1.0,0.0002333333333333,0.0002333333333333,0.0002333333333333,1.0,1.0,1.0,0.0002333333333333,0.0002333333333333,0.0002333333333333,1.0,1.0,1.0,0,459.349999999999,Tuning
1488_parkinsons,2,22,22,0,195,0.112821,1.0,0.0,2,2,2.0,0.0,2,0.246154,0.753846,0.5,0.358993,1.414976,1.414976,6.623472,6.623472,0.443076,0.701957,1.0,0.55807,0.805125,1.007683,0.381834,0.55807,0.081545,6.843701,11.357375,4,5,0.181818,0.020513,0.2,2,4,2.666667,1.154701,3,4,3.4,0.547723,0,1,0.181818,0.394771,0.697436,0.753846,0.866667,0.787646,0.039396,0.753846,0.866667,0.964103,1.517,3.641,0.0,0.359,0.99,0.555,0.246,0.5,0.133,0.469,0.036,0.192,1.0,8.864,2495,25.589744,0.131906,147,8.6e-05,101.092308,0.261527,0.715863,2.535738,0.437274430847517,0.574134502514333,0.0060753234280653,0.0078311372537163,1.28900746543631,0.600001929144988,0.470931754509586,2.77242693589587,0.770152523247947,0,0.0100000000002183,1.40633036428781,0.326601615999978,71.0,0.0,0.0100000000020373,,,,,,,,,,,,,,,,,,,0,1.68000000000029,Tuning
1489_phoneme,2,5,5,0,5404,0.000925,1.0,0.0,2,2,2.0,0.0,2,0.293486,0.706514,0.5,0.292054,0.81705,0.81705,3.709803,3.709803,0.153697,0.497794,1.0,0.605244,0.873182,2.247152,0.5221,0.605244,0.092708,6.528499,23.239042,15,16,3.0,0.002776,0.0625,2,8,5.0,2.097618,3,7,5.6875,1.352467,2,5,3.0,1.224745,0.761658,0.706514,0.754626,0.722761,0.02287,0.706514,0.706514,0.907661,0.27,0.174,0.271,0.122,0.135,0.667,0.257,0.346,0.199,0.269,0.092,0.27,0.986,1080.8,1897175,702.137306,0.129953,3818,0.0,1579.020355,0.297209,0.689367,2.030064,0.48548312394542,0.614502311807632,0.0038678336696601,0.0098401697353248,2.54410364450585,0.537407416527869,0.664379053494643,6.34525200974273,0.835611691365953,0,0.0100000000002183,0.625179040114587,-1.29432261560785,29.0,0.0,0.0,0.0001,,,,,,0.0001,,,,,,0.152266666666667,0.1281,0.0690333333333333,1.18865469685142,2.20569773056494,1.85562530178658,0,275.590000000004,Tuning
1490_planning-relax,2,12,12,0,182,0.065934,1.0,0.0,2,2,2.0,0.0,2,0.285714,0.714286,0.5,0.303046,0.307841,0.307841,3.345649,3.345649,0.223603,0.146523,1.0,0.59827,0.863121,1.327449,0.517534,0.59827,0.007753,77.169498,170.224712,8,9,0.666667,0.043956,0.111111,2,4,2.285714,0.755929,2,8,5.666667,2.236068,0,5,0.666667,1.435481,0.708791,0.714286,0.714286,0.714286,0.0,0.714286,0.714286,0.631868,0.006,0.045,0.072,0.102,0.438,0.568,0.284,0.5,0.619,0.963,0.403,0.347,1.0,14.667,2048,22.505495,0.12434,130,8.6e-05,51.532967,0.282775,0.473324,1.955754,0.0919388694911165,0.496439980912816,0.0002988973646169,0.0004748039837135,1.58851846794337,0.130172489438117,0.118172930728687,1.10332273770766,0.233005466202396,0,0.0400000000008731,,,,,,0.104466666666667,0.0475333333333333,0.0506,2.19775596072931,2.06455862977602,0.939393939393939,0.114166666666667,0.0529666666666667,0.0510333333333333,2.15544367526746,2.23709993468321,1.03788373612018,0.114166666666667,0.0529666666666667,0.0503333333333333,2.15544367526746,2.2682119205298,1.0523178807947,0,501.620000000003,Defaults
1491_one-hundred-plants-margin,100,64,64,0,1600,0.04,1.0,0.0,100,100,100.0,0.0,100,0.01,0.01,0.01,0.0,0.818981,0.818981,3.421019,3.421019,0.239439,0.987148,0.046158,4.60517,1.0,1.356927,0.367843,4.60517,0.64422,7.148441,1.106309,5,6,0.078125,0.003125,0.166667,2,2,2.0,0.0,2,6,4.333333,1.632993,0,1,0.078125,0.27049,0.970625,0.01,0.02,0.018594,0.003504,0.02,0.02,0.736875,7.907,7.57436,0.0,1.0,1.0,0.02219,0.01,0.5,0.411,0.86,0.263,0.018,1.0,25.0,11756,14.695,0.00919,16,0.0,0.154375,0.72,0.988633,1.125,0.705608016656186,0.352231246535236,0.0065277932431061,0.0271670014539882,4.16174355440541,0.751860192533748,0.7209211932111,5.29869954122102,0.8142776820585,0,0.0300000000006548,0.247690257857749,-1.20599291738055,14.0,0.0,0.0,,,,,,,0.0437333333333333,0.0115,0.0192666666666667,3.80289855072464,2.26989619377163,0.596885813148789,0.1608,0.162833333333333,0.160466666666667,0.987512794268168,1.0020772746157,1.0147486497715,0,329.779999999999,Tuning
1492_one-hundred-plants-shape,100,64,64,0,1600,0.04,1.0,0.0,100,100,100.0,0.0,100,0.01,0.01,0.01,0.0,0.527716,0.527716,2.833357,2.833357,0.582035,0.976942,0.09082,4.60517,1.0,1.65931,0.449814,4.60517,1.046318,4.401312,0.585857,5,6,0.078125,0.003125,0.166667,2,4,2.5,1.0,2,5,4.0,1.095445,0,1,0.078125,0.27049,0.6275,0.02,0.02,0.02,0.0,0.02,0.02,0.645,12.665,2.60016,0.0,1.0,1.0,0.02062,0.01,0.5,0.582,0.861,0.355,0.257,1.0,25.0,10932,13.665,0.008546,16,0.0,0.66125,0.35,0.963659,1.0,0.575900358747547,0.318188182544985,0.0078787829182052,0.0158571658267883,2.01264154519952,0.667071274414157,0.700491934001337,4.68492606447381,0.835063502236656,0,0.0300000000006548,0.419960510262877,-0.63267342316849,16.0,0.0,0.0,0.0656666666666667,0.0059,0.0356,11.1299435028249,1.84456928838951,0.165730337078652,0.164133333333333,0.1771,0.150133333333333,0.92678336156597,1.09325044404973,1.17961811722913,0.118,0.114966666666667,0.118133333333333,1.02638445926355,0.998871331828442,0.973194130925508,0,480.080000000002,Tuning
1494_qsar-biodeg,2,41,41,0,1052,0.038973,1.0,0.0,2,2,2.0,0.0,2,0.336502,0.663498,0.5,0.231221,3.710539,3.710539,37.876992,37.876992,0.166348,0.703039,1.0,0.638688,0.921432,0.892581,0.257544,0.638688,0.037345,17.102447,22.901061,16,17,0.390244,0.015209,0.058824,2,6,4.0,1.511858,3,9,6.235294,2.016476,0,2,0.390244,0.586432,0.707224,0.663498,0.745247,0.676737,0.023878,0.663498,0.680577,0.840304,0.419,3.395,0.0,0.08,0.336,0.685,0.197,0.26,0.272,0.597,0.16,0.159,0.999,25.659,66894,126.81327,0.120316,699,2e-06,340.988626,0.194854,0.690475,2.206369,0.514291283553624,0.589395332308378,0.0079849100606121,0.0082459885820843,1.03269648868808,0.701196314880122,0.521286337622069,1.63160205061433,0.828929845624326,0,0.0300000000006548,1.07055893027606,-0.726089649520473,30.0,0.0,0.0,0.0408,0.0409,0.0408,0.997555012224939,1.0,1.00245098039216,0.0408,0.0409,0.0408,0.997555012224939,1.0,1.00245098039216,0.0408,0.0409,0.0408,0.997555012224939,1.0,1.00245098039216,0,497.25,Defaults
1495_qualitative-bankruptcy,2,6,0,6,250,0.024,0.0,1.0,2,3,2.857143,0.377964,20,0.428,0.572,0.5,0.101823,0.0,1.71359,3.0,6.513243,0.235517,0.979367,1.0,0.682743,0.98499,1.070792,0.974677,1.495913,0.257621,2.650181,3.156456,1,2,0.166667,0.004,0.5,2,2,2.0,0.0,2,2,2.0,0.0,0,1,0.166667,0.408248,1.0,0.592,0.984,0.783333,0.165204,0.64,0.892,0.992,0.056,0.276,0.5,0.515,0.515,0.486,0.243,0.5,0.058,0.613,0.019,0.024,1.0,17.167,3979,31.832,0.127839,143,3.3e-05,72.02,0.212391,0.590019,2.443219,0.419181689701673,0.592027983991675,0.0094353993964303,0.0098991595485746,1.04915108864599,0.616809121552828,0.420056875184575,2.6146479985681,0.726282072902769,0,0.0299999999988358,,,,,,,,,,,,,,,,,,,,,,,,0,1.66999999999825,Tuning
1496_ringnorm,2,20,20,0,7400,0.002703,1.0,0.0,2,2,2.0,0.0,2,0.495135,0.504865,0.5,0.00688,0.08585,0.08585,3.303942,3.303942,0.012855,0.537062,1.0,0.6931,0.999932,2.088017,0.468759,0.6931,0.083291,8.321465,24.069051,10,11,0.5,0.001351,0.090909,2,2,2.0,0.0,2,11,6.909091,3.176619,0,1,0.5,0.512989,0.98,0.585135,0.614595,0.601946,0.007231,0.601892,0.597838,0.754054,0.05,0.012,1e-06,0.054,0.406,0.721,0.232,0.2,0.442,0.866,0.246,0.28,1.0,370.0,3310396,894.701622,0.120922,3736,0.0,1421.061216,0.224257,0.510606,1.596722,0.477111721280628,0.645567295007613,0.009719981773065,0.0133504388988889,1.37350451992453,0.609498277045201,0.508047125358606,1.20684177645933,0.794163154993635,0,0.0299999999988358,0.779187866365635,-1.28824741820498,5.0,0.0,0.0,0.0001666666666666,0.0001666666666666,0.0001666666666666,1.0,1.0,1.0,0.0001666666666666,0.0001666666666666,0.0001666666666666,1.0,1.0,1.0,0.0001666666666666,0.0001666666666666,0.0001666666666666,1.0,1.0,1.0,0,499.189999999995,Tuning
1497_wall-robot-navigation,4,4,4,0,5406,0.00074,1.0,0.0,4,4,4.0,0.0,4,0.060673,0.407325,0.25,0.172799,1.771276,1.771276,11.509324,11.509324,0.188209,0.688241,0.54302,1.184892,0.854719,1.740969,0.404494,1.184892,0.310324,3.81824,4.610164,3,4,0.75,0.000555,0.25,2,2,2.0,0.0,2,4,3.25,0.957427,0,2,0.75,0.957427,0.891232,0.407325,0.792638,0.561922,0.165172,0.407325,0.597916,0.973363,0.878,0.3005,0.004,1.0,1.0,0.49875,0.25,0.5,0.062,0.116,0.027,0.114,0.967,1351.5,1943522,712.434751,0.130602,2205,0.0,885.41239,0.240631,0.809149,2.155249,0.565994696415467,0.443522858126055,0.0118761337835227,0.0170262664573559,1.43365397929237,0.700451199406958,0.641677624235678,7.407603025517,0.905501242593508,0,0.0500000000010914,0.867273540795669,-0.86634317293889,17.0,0.0,0.0200000000040745,,,,,,,,,,,,,0.1599,0.109166666666667,0.0463333333333333,1.46473282442748,3.45107913669065,2.35611510791367,0,169.75,Tuning
1498_sa-heart,2,9,8,1,462,0.019481,0.888889,0.111111,2,2,2.0,0.0,4,0.34632,0.65368,0.5,0.217336,1.044785,0.994834,5.015073,4.612205,0.180293,0.485813,1.0,0.645139,0.930739,1.32992,0.520865,0.71645,0.03136,20.571869,41.40783,8,9,0.888889,0.017316,0.111111,2,6,3.2,1.788854,3,6,4.444444,1.013794,0,2,0.888889,0.781736,0.718615,0.65368,0.69697,0.663781,0.016161,0.65368,0.65368,0.645022,0.392,0.495,0.359,0.05,0.091,0.726,0.346,0.5,0.5,0.886,0.355,0.311,0.998,51.333,12586,54.484848,0.118188,302,1.1e-05,132.794372,0.235734,0.594436,2.056676,0.417925655618057,0.530107505313361,0.0029807497262605,0.0031160693102137,1.04539783490074,0.616026534998733,0.418099047883537,1.45788269501047,0.735813798082243,0,0.0300000000006548,1.63382156579842,1.02679115506309,138.0,0.0,0.0,0.0279,0.0279333333333333,0.0279,0.998806682577566,1.0,1.00119474313023,0.0279,0.0279333333333333,0.0279,0.998806682577566,1.0,1.00119474313023,0.0279,0.0279333333333333,0.0279,0.998806682577566,1.0,1.00119474313023,0,486.449999999997,Tuning
14_mfeat-fourier,10,76,76,0,2000,0.038,1.0,0.0,10,10,10.0,0.0,10,0.1,0.1,0.1,0.0,0.447565,0.447565,3.117321,3.117321,0.153904,0.970848,0.184534,2.302585,1.0,2.09383,0.550043,2.302585,0.201015,11.454774,9.416269,13,14,0.171053,0.0065,0.071429,2,6,3.714286,1.380131,2,8,6.071429,1.817195,0,3,0.171053,0.500351,0.7965,0.1245,0.1985,0.158533,0.019783,0.1535,0.182,0.8015,2.412,22.0059,0.000227,0.979,0.979,0.5999,0.0479,0.2236,0.298,0.801,0.198,0.043,1.0,26.316,141664,141.664,0.070867,200,0.0,28.764,0.099675,0.873041,1.003467,0.694053761372647,0.375573991221415,0.0052120111444619,0.0263078937353134,5.04755132061966,0.731553161796016,0.699546182827105,4.07814692218123,0.779290275832023,0,0.0100000000002183,0.450651391986628,-1.38304440446445,18.0,0.0,0.0299999999988358,,,,,,,,,,,,,0.176,0.178,0.172866666666667,0.98876404494382,1.01812572310066,1.02969533359044,0,61.1700000000055,Tuning
1504_steel-plates-fault,2,33,33,0,1941,0.017002,1.0,0.0,2,2,2.0,0.0,2,0.346728,0.653272,0.5,0.216759,2.768141,2.768141,46.516907,46.516907,0.238996,1.0,1.0,0.645398,0.931112,1.219939,0.322378,0.645398,0.029387,21.962181,40.513195,6,7,0.181818,0.003091,0.142857,2,2,2.0,0.0,2,7,4.857143,1.9518,0,1,0.181818,0.391675,0.410098,0.653272,0.706337,0.656519,0.010202,0.653272,0.653272,0.997424,0.464,26.962,0.0,0.207,0.878,0.000325,0.0,0.05,0.02,0.265,0.003,0.126,0.682,58.818,200065,206.146316,0.106261,1268,1e-06,931.890263,0.288079,0.721733,2.603068,0.489204076471836,0.630932947970613,0.0116684207248894,0.0124541938721619,1.06734185934831,0.671722253948958,0.496090046444518,1.28751238754194,0.79577011477794,0,0.0299999999988358,1.07389677112005,-0.781234684511816,6.0,0.0,0.0,,,,,,,,,,,,,,,,,,,0,1.52000000000407,Tuning
1506_thoracic-surgery,2,16,3,13,470,0.034043,0.1875,0.8125,2,7,2.571429,1.398586,36,0.148936,0.851064,0.5,0.496479,2.476082,3.358267,18.300993,28.598043,0.118813,0.350963,1.0,0.420859,0.607172,0.538157,0.436201,0.75853,0.004668,90.168024,114.298731,0,1,0.0,0.0,1.0,0,1,0.5,0.707107,1,1,1.0,0.0,0,0,0.0,0.0,0.823404,0.851064,0.851064,0.851064,0.0,0.851064,0.851064,0.770213,0.009,0.71,0.0,0.077,0.109,0.298,0.149,0.5,0.338,0.683,0.23,0.381,0.97,29.375,15179,64.591489,0.137722,400,2.6e-05,288.455319,0.282766,0.710675,2.620652,0.0868516006714924,0.502553034613639,0.0002491678028432,0.0002966606787994,1.19060599087965,0.133499937249401,0.0904107507251507,170.796378273027,0.173577969309964,0,0.0300000000006548,,,,,,0.0986333333333333,0.0986333333333333,0.0909666666666667,1.0,1.08427995602785,1.08427995602785,0.170833333333333,0.167766666666667,0.165133333333333,1.01827935624876,1.03451756156641,1.01594670972951,0.170833333333333,0.167766666666667,0.165933333333333,1.01827935624876,1.02952993169948,1.01104861390117,0,403.419999999998,Tuning
1507_twonorm,2,20,20,0,7400,0.002703,1.0,0.0,2,2,2.0,0.0,2,0.499595,0.500405,0.5,0.000573,0.03794,0.03794,2.983385,2.983385,0.012862,0.895009,1.0,0.693147,1.0,2.359483,0.529703,0.693147,0.090767,7.636551,24.994946,9,10,0.45,0.001216,0.1,2,6,4.5,1.914854,3,5,4.5,0.707107,0,2,0.45,0.759155,0.978919,0.664189,0.684595,0.673014,0.006284,0.674459,0.674459,0.947838,0.435,0.085,0.004,0.01,0.105,0.831,0.023,0.007,0.084,0.782,0.052,0.017,1.0,370.0,4864583,1314.752162,0.177693,3703,0.0,1192.125135,0.200642,0.489029,1.644003,0.535999855288526,0.664936495744994,0.0090759885387136,0.0166231665154949,1.83155437499604,0.637156947517467,0.565823356042411,7.21259918034017,0.798475413471974,0,0.0500000000010914,0.638324258235256,-1.57485917540703,4.0,0.0,0.0,,,,,,,,,,,,,,,,,,,0,0.80000000000291,Tuning
1508_user-knowledge,5,5,5,0,403,0.012407,1.0,0.0,5,5,5.0,0.0,5,0.059553,0.320099,0.2,0.128334,0.458011,0.458011,2.503316,2.503316,0.172811,0.968019,0.910601,1.418943,0.881639,1.840614,0.614412,1.418943,0.276247,5.13651,5.662941,8,9,1.6,0.019851,0.111111,2,6,4.0,1.632993,3,5,4.333333,0.707107,0,4,1.6,2.19089,0.863524,0.349876,0.57072,0.405955,0.092971,0.364764,0.384615,0.80397,6.001,0.6236,1.312,0.429,0.429,0.4018,0.2002,0.5,0.337,0.692,0.196,0.166,0.99,80.6,7261,36.034739,0.089639,129,8e-06,39.369727,0.139704,0.605075,1.75327,0.491406200622626,0.344952420195486,0.0108964812757094,0.0149226935446764,1.36949655279474,0.663091610324766,0.54063086915692,3.53713787902184,0.842363202178282,0,0.0399999999990541,1.13794151811018,-0.461419639639212,34.0,0.0,0.0,,,,,,,,,,,,,,,,,,,0,0.720000000001164,Tuning
1510_wdbc,2,30,30,0,569,0.052724,1.0,0.0,2,2,2.0,0.0,2,0.372583,0.627417,0.5,0.180194,1.342335,1.342335,8.157269,8.157269,0.31973,0.879957,1.0,0.660316,0.952635,1.34376,0.422825,0.660316,0.191514,3.447878,6.016516,3,4,0.1,0.005272,0.25,2,2,2.0,0.0,2,4,3.25,0.957427,0,1,0.1,0.305129,0.940246,0.627417,0.922671,0.775747,0.110846,0.627417,0.627417,0.952548,3.405,17.077,0.0,0.517,0.998,0.539,0.049,0.022,0.072,0.558,0.047,0.018,0.998,18.967,24646,86.629174,0.152516,357,7e-06,248.070299,0.196982,0.789984,2.890001,0.504752451998478,0.624274887111331,0.0100893850545981,0.0127201511929954,1.26074593487722,0.67751542051547,0.514010676736213,6.93818634750259,0.797521258385437,0,0.0300000000006548,1.00753839123806,-0.931477796702424,11.0,0.0,0.0199999999967986,,,,,,,,,,,,,,,,,,,0,0.69999999999709,Defaults
1511_wholesale-customers,2,8,7,1,440,0.018182,0.875,0.125,2,3,2.5,0.707107,5,0.322727,0.677273,0.5,0.250701,3.438873,3.157683,26.353041,21.813836,0.230427,0.66699,1.0,0.628908,0.907323,0.56184,0.241386,0.725984,0.057993,10.844563,8.688068,4,5,0.5,0.009091,0.2,2,2,2.0,0.0,2,5,3.8,1.30384,0,2,0.5,0.755929,0.906818,0.677273,0.913636,0.750568,0.103629,0.677273,0.677273,0.868182,1.036,0.398,0.000481,0.418,0.62,0.568,0.309,0.492,0.2,0.521,0.132,0.083,0.982,55.0,15679,71.268182,0.162342,298,1.3e-05,130.877273,0.353046,0.695152,2.146295,0.508214457520679,0.605647750003501,0.0081171503193874,0.0099034031706389,1.22005910707174,0.681718065579757,0.549101007716262,11.4803835880421,0.844457478662263,0,0.0499999999992724,,,,,,0.0179666666666667,0.0179666666666667,0.0179666666666667,1.0,1.0,1.0,0.0179666666666667,0.0179666666666667,0.0179666666666667,1.0,1.0,1.0,0.0179666666666667,0.0179666666666667,0.0179666666666667,1.0,1.0,1.0,0,211.949999999997,Tuning
1512_heart-long-beach,5,13,13,0,200,0.065,1.0,0.0,5,5,5.0,0.0,5,0.05,0.28,0.2,0.089513,0.983174,0.983174,4.628512,4.628512,0.205267,0.501362,0.535807,1.507281,0.936526,0.996816,0.377717,1.507281,0.048429,31.12382,19.583238,9,10,0.692308,0.045,0.1,2,6,3.6,1.67332,3,6,4.6,0.966092,0,2,0.692308,0.751068,0.1,0.28,0.35,0.299615,0.023493,0.28,0.335,0.345,0.101,0.529,1.559,0.307,1.296,0.4002,0.1998,0.5,0.789,1.19,0.663,0.509,1.0,15.308,849,8.49,0.042663,56,3.3e-05,39.24,0.081356,0.655172,2.684416,0.365975134472845,0.217420270157608,0.0014247016775948,0.0018584477783644,1.30444696429487,0.506510638384411,0.388843064637783,1.89517257489893,0.637023412342098,0,0.0400000000008731,1.8434844950839,2.29961176900324,95.0,0.0,0.0199999999967986,0.0146,0.0146,0.0146,1.0,1.0,1.0,0.0146,0.0146,0.0146,1.0,1.0,1.0,0.0146,0.0146,0.0146,1.0,1.0,1.0,0,276.37000000001,Defaults
1519_robot-failures-lp4,3,90,90,0,117,0.769231,1.0,0.0,3,3,3.0,0.0,3,0.179487,0.615385,0.333333,0.2446,1.490739,1.490739,9.130304,9.130304,0.268852,0.997654,0.520228,0.932018,0.84836,0.395209,0.164815,0.932018,0.093732,9.943472,3.216391,5,6,0.055556,0.042735,0.166667,2,4,2.5,1.0,2,5,4.0,1.095445,0,2,0.055556,0.274828,0.91453,0.615385,0.726496,0.639221,0.033325,0.615385,0.683761,0.863248,1.082,6.313,0.0,0.94,1.362,0.513333,0.258667,0.5,0.284,0.869,0.138,0.113,0.948,1.289,1056,18.051282,0.155615,72,0.000149,20.811966,0.290096,0.653706,1.866588,0.482465017666587,0.448613026937502,0.0075943813108045,0.0115533204478282,1.52129844091332,0.622918637322305,0.554271329832317,5.87983215623129,0.818941256672861,0,0.0100000000002183,1.15077668507311,-0.0764228609193465,19.0,0.0,0.0199999999967986,,,,,,,,,,,,,,,,,,,0,0.80000000000291,Tuning
1520_robot-failures-lp5,5,90,90,0,164,0.54878,1.0,0.0,5,5,5.0,0.0,5,0.128049,0.286585,0.2,0.07207,1.322368,1.322368,6.606508,6.606508,0.289924,0.98969,0.355993,1.558298,0.968225,0.408323,0.159193,1.558298,0.108791,14.323709,2.753263,7,8,0.077778,0.042683,0.125,2,6,3.5,1.914854,3,5,4.125,0.64087,0,1,0.077778,0.269322,0.707317,0.310976,0.420732,0.365515,0.030867,0.371951,0.310976,0.646341,1.207,2.6758,0.0,0.957,1.331,0.3996,0.2002,0.5,0.521,0.954,0.362,0.185,0.969,1.811,1121,13.670732,0.08387,47,4.6e-05,13.268293,0.141526,0.865714,2.428307,0.497456061672789,0.290401134378835,0.0068150240686141,0.0086407191768621,1.26789268678537,0.675507713688988,0.542554570513104,3.7743636203245,0.852255990238352,0,0.0600000000013097,1.39777784289508,0.659667615164177,60.0,0.0,0.0,0.0696,0.0769333333333333,0.0720666666666667,0.904679376083189,0.96577243293247,1.06753006475486,0.0696,0.0769333333333333,0.0720333333333333,0.904679376083189,0.966219342896807,1.06802406293383,0.255733333333333,0.164866666666667,0.152766666666667,1.55115244642135,1.67401265546585,1.07920576041894,0,205.110000000001,Tuning
1523_vertebra-column,3,6,6,0,310,0.019355,1.0,0.0,3,3,3.0,0.0,3,0.193548,0.483871,0.333333,0.14546,0.773325,0.773325,6.471457,6.471457,0.334149,0.772152,0.755814,1.034079,0.941259,1.183229,0.409369,1.034079,0.161346,6.409085,6.333496,4,5,0.666667,0.012903,0.2,2,2,2.0,0.0,2,5,3.8,1.30384,0,2,0.666667,0.816497,0.835484,0.483871,0.780645,0.604839,0.107294,0.503226,0.483871,0.770968,0.776,1.697,0.047,0.706,2.371,0.663,0.333667,0.5,0.368,0.671,0.229,0.209,1.0,51.667,6696,43.2,0.139806,150,1.7e-05,43.267742,0.263128,0.661421,1.779687,0.500513619538648,0.461528931644587,0.00936338126219,0.0121020344520506,1.29248549355983,0.667738240672158,0.546185362630178,55.0554196436925,0.840014502969657,0,0.0299999999988358,,,,,,0.0009666666666666,0.0009666666666666,0.0009666666666666,1.0,1.0,1.0,0.0009666666666666,0.0009666666666666,0.0009666666666666,1.0,1.0,1.0,0.0009666666666666,0.0009666666666666,0.0009666666666666,1.0,1.0,1.0,0,203.550000000003,Tuning
1527_volcanoes-a1,5,3,3,0,3252,0.000923,1.0,0.0,5,5,5.0,0.0,5,0.017835,0.907749,0.2,0.395663,0.295738,0.295738,2.298713,2.298713,0.123768,0.643607,0.986762,0.43429,0.26984,2.427129,0.600321,0.43429,0.075197,5.775353,31.276858,14,15,4.666667,0.004305,0.066667,2,8,4.0,2.309401,2,8,5.933333,1.533747,4,6,4.666667,1.154701,0.911439,0.907749,0.910209,0.908569,0.00142,0.907749,0.907749,1.0,0.704,1.3794,6.617,0.691,0.823,0.0752,0.0368,0.5,0.155,0.299,0.119,0.607,0.871,542.0,737636,453.650677,0.139542,2952,1e-06,2177.591636,0.418341,0.684568,2.621666,0.287211902285127,0.219269909968642,0.0008493948274646,0.0021361640930549,2.51492477230081,0.340180960591464,0.429908358126373,3.39498121108015,0.631162239012142,0,0.0300000000006548,1.89210453115337,2.4029814911596,91.0,0.0,0.0,0.0365666666666667,0.0365666666666667,0.0365666666666667,1.0,1.0,1.0,0.0365666666666667,0.0365666666666667,0.0365666666666667,1.0,1.0,1.0,0.0365666666666667,0.0365666666666667,0.0365666666666667,1.0,1.0,1.0,0,204.139999999999,Tuning
1528_volcanoes-a2,5,3,3,0,1623,0.001848,1.0,0.0,5,5,5.0,0.0,5,0.017868,0.906346,0.2,0.394879,0.308114,0.308114,2.309065,2.309065,0.137433,0.646678,0.987686,0.439396,0.273012,2.181351,0.591332,0.439396,0.069975,6.27937,30.17347,6,7,2.0,0.003697,0.142857,2,4,3.0,1.154701,2,5,4.285714,1.112697,1,3,2.0,1.0,0.909427,0.906346,0.906346,0.906346,0.0,0.906346,0.906346,0.877388,0.717,1.3436,6.255,0.795,0.888,0.0762,0.0376,0.5,0.158,0.302,0.123,0.599,0.893,541.0,182859,225.334566,0.138924,1471,4e-06,1081.678373,0.417851,0.683073,2.619494,0.277653181661511,0.219273220518106,0.0008466132492274,0.0021307527073851,2.5167958443001,0.329521340495676,0.418763498390042,3.62560665723224,0.61996430694269,0,0.0299999999988358,1.87242289374311,2.24826814904674,117.0,0.0,0.0,0.0451,0.0451,0.0451,1.0,1.0,1.0,0.0451,0.0451,0.0451,1.0,1.0,1.0,0.0451,0.0451,0.0451,1.0,1.0,1.0,0,201.639999999999,Tuning
1529_volcanoes-a3,5,3,3,0,1521,0.001972,1.0,0.0,5,5,5.0,0.0,5,0.019066,0.900066,0.2,0.391371,0.287709,0.287709,2.279028,2.279028,0.139463,0.640834,0.98667,0.462041,0.287082,2.19188,0.598292,0.462041,0.072898,6.338168,29.0677,9,10,3.0,0.005917,0.1,2,4,2.571429,0.9759,2,8,5.6,1.95505,2,5,3.0,1.732051,0.904668,0.900066,0.900066,0.900066,0.0,0.900066,0.900066,0.872452,0.694,1.2608,6.036,0.792,0.919,0.0814,0.04,0.5,0.164,0.317,0.128,0.609,0.895,507.0,159006,209.080868,0.137553,1369,4e-06,999.990138,0.38001,0.683824,2.619359,0.268952746268358,0.217285139939563,0.0005982543567159,0.0019252969464059,3.21819126729735,0.304085596861242,0.435409729961978,3.79285536185743,0.633870896729167,0,0.0499999999992724,1.94571720709986,2.71703325172561,104.0,0.0,0.0,0.0154666666666667,0.0154666666666667,0.0154666666666667,1.0,1.0,1.0,0.0154666666666667,0.0154666666666667,0.0154666666666667,1.0,1.0,1.0,0.0154666666666667,0.0154666666666667,0.0154666666666667,1.0,1.0,1.0,0,249.410000000003,Defaults
1530_volcanoes-a4,5,3,3,0,1515,0.00198,1.0,0.0,5,5,5.0,0.0,5,0.019142,0.90099,0.2,0.39189,0.305621,0.305621,2.33899,2.33899,0.159103,0.611125,0.986273,0.458564,0.284922,2.186017,0.596692,0.458564,0.067981,6.745458,31.156239,7,8,2.333333,0.00462,0.125,2,4,2.8,1.095445,2,6,4.625,1.30247,2,3,2.333333,0.57735,0.90429,0.90099,0.90099,0.90099,0.0,0.90099,0.90099,0.868647,0.591,1.205,6.773,0.683,0.806,0.0804,0.0396,0.5,0.176,0.344,0.131,0.626,0.888,505.0,157935,208.49505,0.137711,1365,4e-06,997.894389,0.40631,0.683045,2.619103,0.204097612807349,0.214371098264819,0.0004358534111168,0.0016002954121794,3.67163677365474,0.224597872407467,0.370648480610879,4.53529267820512,0.555889801268684,0,0.0300000000006548,,,,,,0.0321333333333333,0.0321333333333333,0.0321333333333333,1.0,1.0,1.0,0.0321333333333333,0.0321333333333333,0.0321333333333333,1.0,1.0,1.0,0.0321333333333333,0.0321333333333333,0.0321333333333333,1.0,1.0,1.0,0,210.069999999992,Tuning
1531_volcanoes-b1,5,3,3,0,10176,0.000295,1.0,0.0,5,5,5.0,0.0,5,0.002555,0.962166,0.2,0.426118,0.270716,0.270716,2.675037,2.675037,0.104143,0.481281,0.997886,0.20434,0.126964,2.536671,0.549643,0.20434,0.025321,8.070028,99.18093,2,3,0.666667,0.000197,0.333333,2,2,2.0,0.0,2,3,2.666667,0.57735,0,2,0.666667,1.154701,0.960888,0.962166,0.964721,0.963018,0.001475,0.962166,0.962166,0.944182,0.294,0.2364,6.504,0.372,0.499,0.0302,0.0148,0.5,0.078,0.263,0.056,0.698,0.902,3390.0,8099069,1591.798153,0.156442,9791,0.0,7398.141706,0.593925,0.677461,2.569753,0.283049243142292,0.21134702838758,0.0005147270152814,0.0011034228898163,2.14370502627088,0.335432779137707,0.445378822688564,25.5243270435318,0.678339085059727,0,0.0499999999992724,,,,,,0.0539,0.0376,0.0539,1.43351063829787,1.0,0.697588126159555,0.0539,0.0376,0.0539,1.43351063829787,1.0,0.697588126159555,0.0539,0.0376,0.0539,1.43351063829787,1.0,0.697588126159555,0,422.740000000005,Defaults
1533_volcanoes-b3,5,3,3,0,10386,0.000289,1.0,0.0,5,5,5.0,0.0,5,0.002407,0.963412,0.2,0.426811,0.269776,0.269776,2.628335,2.628335,0.093734,0.459873,0.997538,0.198813,0.123529,2.543579,0.549966,0.198813,0.023494,8.462327,107.265514,2,3,0.666667,0.000193,0.333333,2,2,2.0,0.0,2,3,2.666667,0.57735,0,2,0.666667,1.154701,0.961775,0.963412,0.963412,0.963412,0.0,0.963412,0.963412,0.947622,0.261,0.235,6.11,0.747,0.795,0.0294,0.0144,0.5,0.075,0.266,0.053,0.704,0.914,3460.0,8465905,1630.253225,0.156982,10006,0.0,7558.221548,0.599656,0.676646,2.567293,0.245172349443713,0.210439063473663,0.0003719483845149,0.001033478031328,2.77855227863336,0.275791500465644,0.432035858549483,33.4481531670089,0.647857895001617,0,0.0400000000008731,1.66797295584891,1.47916875843436,82.0,0.0,0.0,0.0567333333333333,0.0403666666666667,0.0561,1.40545004128819,1.01128936423054,0.719548425430778,0.0567333333333333,0.0403666666666667,0.0567666666666667,1.40545004128819,0.999412800939519,0.7110980622431,0.0567333333333333,0.0403666666666667,0.0567333333333333,1.40545004128819,1.0,0.711515863689777,0,540.360000000001,Defaults
1535_volcanoes-b5,5,3,3,0,9989,0.0003,1.0,0.0,5,5,5.0,0.0,5,0.002603,0.960957,0.2,0.425446,0.277794,0.277794,2.727043,2.727043,0.105282,0.47388,0.997781,0.209554,0.130203,2.534083,0.550269,0.209554,0.025215,8.310625,99.498194,3,4,1.0,0.0003,0.25,2,2,2.0,0.0,2,4,3.25,0.957427,0,2,1.0,1.0,0.959856,0.960957,0.960957,0.960957,0.0,0.960957,0.960957,0.943938,0.281,0.2314,6.638,0.142,0.315,0.031,0.0154,0.5,0.08,0.274,0.057,0.704,0.95,3327.333,7802074,1562.133146,0.156401,9599,0.0,7221.137251,0.591547,0.676109,2.564742,0.25310482508919,0.210317396470244,0.0003692544468765,0.0010218166842833,2.76724273174377,0.286312055716422,0.439063603451578,16.4704300982694,0.660056292548051,0,0.0599999999994907,1.6671598146732,1.53253118982629,70.0,0.0,0.0100000000020373,0.0972666666666667,0.0455666666666667,0.0658666666666667,2.13460131675201,1.47672064777328,0.691801619433198,0.108466666666667,0.0522,0.0745666666666667,2.0779054916986,1.45462673223067,0.700044702726866,0.108466666666667,0.0522,0.079,2.0779054916986,1.37299578059072,0.660759493670886,0,584.880000000005,Defaults
1536_volcanoes-b6,5,3,3,0,10130,0.000296,1.0,0.0,5,5,5.0,0.0,5,0.002567,0.962093,0.2,0.426078,0.269459,0.269459,2.674903,2.674903,0.103049,0.479134,0.997975,0.20461,0.127131,2.5278,0.547721,0.20461,0.024943,8.203199,100.344146,2,3,0.666667,0.000197,0.333333,2,2,2.0,0.0,2,3,2.666667,0.57735,0,2,0.666667,1.154701,0.960809,0.962093,0.964067,0.962751,0.00114,0.962093,0.964067,0.945903,0.29,0.2374,6.467,0.358,0.489,0.0302,0.0148,0.5,0.076,0.265,0.054,0.697,0.887,3374.667,8029689,1585.328529,0.156514,9746,0.0,7356.137315,0.599875,0.677107,2.568158,0.274817919641697,0.211280940410518,0.0004706098331979,0.0010970268213438,2.33107500939631,0.319156586543408,0.453184925915263,54.5233006705884,0.680892518552517,0,0.0400000000008731,1.53604598513267,0.921354692456585,68.0,0.0,0.0,0.0489333333333333,0.0323,0.0489333333333333,1.51496388028896,1.0,0.66008174386921,0.0489333333333333,0.0323,0.0489333333333333,1.51496388028896,1.0,0.66008174386921,0.0489333333333333,0.0323,0.0489333333333333,1.51496388028896,1.0,0.66008174386921,0,561.720000000001,Defaults
1539_volcanoes-d2,5,3,3,0,9172,0.000327,1.0,0.0,5,5,5.0,0.0,5,0.006106,0.945268,0.2,0.416686,0.25215,0.25215,2.170199,2.170199,0.055672,0.361476,0.990662,0.280392,0.174217,2.605932,0.570932,0.280392,0.020684,13.555971,124.987656,0,1,0.0,0.0,1.0,0,1,0.5,0.707107,1,1,1.0,0.0,0,0,0.0,0.0,0.9372,0.945268,0.945268,0.945268,0.0,0.945268,0.945268,0.912451,0.15,0.389,7.074,0.048,0.12,0.044,0.022,0.5,0.126,0.358,0.088,0.743,0.961,3057.0,6343203,1383.166812,0.15082,8670,0.0,6473.693415,0.646564,0.678253,2.578111,0.120086949069391,0.203345582290872,4.10589223956346e-05,0.0003780640507543,9.20784152860542,0.120876300595514,0.255318000432272,4.84927099351931,0.406335741740753,0,0.0200000000004366,,,,,,0.104233333333333,0.0702333333333333,0.0862666666666667,1.48410061699098,1.20826893353941,0.814142194744977,0.104233333333333,0.0702333333333333,0.099,1.48410061699098,1.05286195286195,0.709427609427609,0.104233333333333,0.0702333333333333,0.0927,1.48410061699098,1.12441567781374,0.757641136281913,0,623.23000000001,Tuning
1540_volcanoes-d3,5,3,3,0,9285,0.000323,1.0,0.0,5,5,5.0,0.0,5,0.006247,0.944642,0.2,0.416333,0.24407,0.24407,2.173388,2.173388,0.05679,0.368458,0.991582,0.283387,0.176078,2.687218,0.588741,0.283387,0.021186,13.376093,125.83865,0,1,0.0,0.0,1.0,0,1,0.5,0.707107,1,1,1.0,0.0,0,0,0.0,0.0,0.936349,0.944642,0.944642,0.944642,0.0,0.944642,0.944642,0.909962,0.156,0.3704,7.013,0.048,0.109,0.0448,0.022,0.5,0.127,0.36,0.09,0.742,0.967,3094.667,6476796,1395.109532,0.15027,8771,0.0,6558.042326,0.648239,0.678804,2.581289,0.106051050910123,0.202938038654277,2.31051428251022e-05,0.0003235290971594,14.0024712077495,0.106088558154894,0.236031628574967,7.40746107405367,0.370023907479683,0,0.0400000000008731,,,,,,0.1116,0.0736333333333333,0.0744666666666667,1.51561792666365,1.49865711727842,0.988809310653536,0.1116,0.0736333333333333,0.0796666666666667,1.51561792666365,1.40083682008368,0.924267782426778,0.1116,0.0736333333333333,0.0904666666666667,1.51561792666365,1.23360353721444,0.813927781871776,0,605.190000000002,Tuning
1547_autoUniv-au1-1000,2,20,20,0,1000,0.02,1.0,0.0,2,2,2.0,0.0,2,0.259,0.741,0.5,0.340825,0.369451,0.369451,1.329708,1.329708,0.056196,0.309874,1.0,0.572008,0.825234,0.664875,0.191842,0.572008,0.002597,220.293091,255.058228,13,14,0.65,0.013,0.071429,2,6,3.25,1.832251,3,9,5.642857,1.905746,0,2,0.65,0.67082,0.726,0.741,0.741,0.741,0.0,0.741,0.741,0.668,0.056,0.552,1.0,0.0,0.0,0.518,0.259,0.5,0.462,0.908,0.316,0.241,1.0,50.0,56153,112.306,0.112418,741,3e-06,254.402,0.435401,0.337827,1.82636,0.204375896378309,0.510833414299589,0.0009061253125494,0.0012713010957497,1.40300803668405,0.290438852812504,0.237513777191403,1.46855078862484,0.465626343670525,0,0.0399999999990541,,,,,,0.0004333333333333,0.0004333333333333,0.0004333333333333,1.0,1.0,1.0,0.0004333333333333,0.0004333333333333,0.0004333333333333,1.0,1.0,1.0,0.0004333333333333,0.0004333333333333,0.0004333333333333,1.0,1.0,1.0,0,499.949999999997,Tuning
1549_autoUniv-au6-750,8,40,37,3,750,0.053333,0.925,0.075,2,8,3.75,2.872281,15,0.076,0.22,0.125,0.053764,0.459041,0.459818,2.242774,2.156719,0.089966,0.317274,0.257062,2.005728,0.964551,1.913625,0.636615,2.06735,0.039566,50.692915,47.365101,8,9,0.2,0.010667,0.111111,2,4,3.2,1.095445,3,6,4.555556,1.130388,0,3,0.2,0.607644,0.358667,0.22,0.249333,0.224567,0.007602,0.22,0.22,0.164,0.027,0.39675,9.531,0.093,2.555,0.25025,0.125,0.5,0.897,1.09,0.839,0.091,1.0,18.75,7091,18.909333,0.025246,165,2e-06,102.518667,0.058452,0.717404,2.855211,0.115391758711284,0.126498975708484,0.0001405043941665,0.0001643328789661,1.16959245254154,0.162303076053604,0.116206846354446,2.60890381782715,0.197074004605557,0,0.0300000000006548,,,,,,0.0388666666666667,0.0483666666666667,0.0393333333333333,0.803583735354928,0.988135593220339,1.22966101694915,0.0388666666666667,0.0483666666666667,0.0397333333333333,0.803583735354928,0.978187919463087,1.21728187919463,0.0388666666666667,0.0483666666666667,0.0393333333333333,0.803583735354928,0.988135593220339,1.22966101694915,0,214.62999999999,Defaults
1551_autoUniv-au6-400,8,40,37,3,400,0.1,0.925,0.075,2,8,3.75,2.872281,15,0.0625,0.2775,0.125,0.080855,0.463551,0.476722,2.305182,2.239063,0.13168,0.435642,0.242234,1.919304,0.92299,1.693068,0.619173,1.980077,0.058749,32.669398,27.818522,18,19,0.45,0.045,0.052632,2,10,6.0,3.098387,4,7,5.578947,1.017393,0,4,0.45,0.904405,0.5,0.2775,0.33,0.286125,0.013264,0.2775,0.2775,0.1525,0.058,0.813,2.326,0.303,2.062,0.250875,0.124875,0.5,0.91,1.093,0.842,0.033,1.0,10.0,2372,11.86,0.029724,111,8e-06,69.2425,0.070345,0.757519,3.379361,0.217457738827704,0.127948565876925,0.0003280911864364,0.0003495349452886,1.0653591432465,0.331110551139718,0.224322231674335,1.21093393026169,0.392818023512729,0,0.0299999999988358,,,,,,0.0170666666666667,0.0170666666666667,0.0170666666666667,1.0,1.0,1.0,0.0170666666666667,0.0170666666666667,0.0170666666666667,1.0,1.0,1.0,0.0170666666666667,0.0170666666666667,0.0170666666666667,1.0,1.0,1.0,0,206.080000000002,Defaults
1552_autoUniv-au7-1100,5,12,8,4,1100,0.010909,0.666667,0.333333,2,5,3.0,1.224745,15,0.139091,0.277273,0.2,0.053794,0.216319,0.537835,1.670058,2.092641,0.085926,0.416891,0.528524,1.580833,0.982227,1.386924,0.623861,1.836927,0.028965,54.576657,46.882147,10,11,0.833333,0.009091,0.090909,2,6,4.0,1.414214,3,6,4.818182,1.07872,0,2,0.833333,0.834847,0.380909,0.277273,0.316364,0.286515,0.012177,0.277273,0.277273,0.32,0.1,0.3546,9.655,0.032,0.092,0.4004,0.2,0.5,0.841,1.157,0.698,0.539,1.0,91.667,23938,43.523636,0.039603,305,1e-06,311.476364,0.062733,0.764461,3.712101,0.433944022988003,0.226938232268304,0.0026798849635826,0.0026879060054708,1.00299305455167,0.626826653961095,0.435330954910386,1.18104688454545,0.751240639434978,0,0.0399999999990541,1.53887714153551,0.699295051931927,141.0,0.0,0.0,0.0168333333333333,0.0168333333333333,0.0168333333333333,1.0,1.0,1.0,0.0168333333333333,0.0168333333333333,0.0168333333333333,1.0,1.0,1.0,0.0168333333333333,0.0168333333333333,0.0168333333333333,1.0,1.0,1.0,0,206.580000000002,Defaults
1553_autoUniv-au7-700,3,12,8,4,700,0.017143,0.666667,0.333333,2,3,2.6,0.547723,13,0.305714,0.35,0.333333,0.024089,0.322953,0.761887,1.757332,2.905226,0.086544,0.348964,0.900179,1.096847,0.998393,1.294131,0.600272,1.344624,0.014056,78.032302,91.067527,10,11,0.833333,0.014286,0.090909,2,4,3.333333,1.032796,3,7,5.181818,1.601136,0,3,0.833333,1.029857,0.458571,0.35,0.435714,0.374762,0.029832,0.35,0.361429,0.364286,0.088,0.177,2.601,0.17,0.201,0.667,0.333333,0.5,0.796,1.092,0.617,0.467,1.0,58.333,15360,43.885714,0.062784,245,3e-06,288.665714,0.092305,0.755646,3.585045,0.461912847355566,0.353723299120551,0.0019442149600672,0.0019635055530071,1.00992204737445,0.645526919184455,0.464033100008654,5.3800436399419,0.754763825857138,0,0.0499999999992724,1.38528306313412,0.299171677084549,69.0,0.0,0.0199999999967986,0.0169666666666667,0.0169666666666667,0.0169666666666667,1.0,1.0,1.0,0.0169666666666667,0.0169666666666667,0.0169666666666667,1.0,1.0,1.0,0.0169666666666667,0.0169666666666667,0.0169666666666667,1.0,1.0,1.0,0,205.75,Defaults
1554_autoUniv-au7-500,5,12,8,4,500,0.024,0.666667,0.333333,2,5,3.0,1.224745,15,0.086,0.384,0.2,0.113402,0.228863,0.66606,1.719741,2.477574,0.117783,0.40278,0.525837,1.489002,0.925169,1.229821,0.60579,1.732092,0.026077,57.100803,46.161631,13,14,1.083333,0.026,0.071429,2,6,3.714286,1.799471,3,8,5.428571,1.504572,0,4,1.083333,1.311372,0.44,0.384,0.398,0.386167,0.005078,0.384,0.396,0.388,0.064,0.331,9.107,0.052,0.188,0.4,0.2,0.5,0.792,1.129,0.648,0.524,1.0,41.667,5838,23.352,0.046798,192,5e-06,166.7,0.100937,0.739004,3.864911,0.371427521246925,0.217738961773876,0.0016530729587784,0.0019844536673746,1.20046345010758,0.541248564098151,0.388188305216105,1.17249210872067,0.688866853186777,0,0.0500000000010914,1.9315319645063,2.27451902110198,133.0,0.0,0.0100000000020373,0.0090333333333333,0.0090333333333333,0.0090333333333333,1.0,1.0,1.0,0.0090333333333333,0.0090333333333333,0.0090333333333333,1.0,1.0,1.0,0.0090333333333333,0.0090333333333333,0.0090333333333333,1.0,1.0,1.0,0,204.0,Tuning
1555_autoUniv-au6-1000,8,40,37,3,1000,0.04,0.925,0.075,2,8,3.75,2.872281,15,0.089,0.24,0.125,0.04803,0.445611,0.445446,2.221474,2.132478,0.076461,0.283419,0.259678,2.025101,0.973868,1.911111,0.608487,2.086915,0.030353,66.718447,61.962973,1,2,0.025,0.001,0.5,2,2,2.0,0.0,2,2,2.0,0.0,0,1,0.025,0.158114,0.333,0.24,0.286,0.2416,0.007742,0.24,0.243333,0.143,0.034,0.342875,14.408,0.106,1.665,0.25,0.125,0.5,0.921,1.091,0.859,0.068,1.0,25.0,12078,24.156,0.02418,240,1e-06,129.2,0.072702,0.714722,2.78037,0.114566182224446,0.126084394006474,0.0001285326894295,0.0001295038062102,1.00755540699442,0.182357391356943,0.120891799026984,1.32802707869008,0.224323606715847,0,0.0499999999992724,,,,,,0.0406,0.0447,0.0406,0.9082774049217,1.0,1.10098522167488,0.0406,0.0447,0.0406,0.9082774049217,1.0,1.10098522167488,0.0406,0.0447,0.0406,0.9082774049217,1.0,1.10098522167488,0,203.190000000002,Tuning
1556_acute-inflammations,2,6,1,5,120,0.05,0.166667,0.833333,2,2,2.0,0.0,12,0.491667,0.508333,0.5,0.011785,0.477373,0.984708,1.72979,2.456832,0.415111,0.962168,1.0,0.693008,0.9998,0.736995,0.861363,1.112559,0.132507,5.229982,4.561942,3,4,0.5,0.025,0.25,2,2,2.0,0.0,2,4,3.25,0.957427,0,1,0.5,0.547723,1.0,0.575,0.833333,0.708333,0.115109,0.575,0.575,1.0,0.128,8.616,0.0,0.343,1.0,0.333,0.0,0.01,0.061,0.018,0.0,0.051,0.899,16.5,757,12.616667,0.106022,61,0.000116,66.933333,0.210565,0.787264,4.764481,0.544889864056218,0.707519099826183,0.0070581425308879,0.0187155876170946,2.65163072794169,0.605858922719488,0.678375482549673,5.73409213126638,0.845708994032245,0,0.0499999999992724,0.3177358917521,-1.82969451679729,11.0,0.0,0.0,,,,,,,,,,,,,,,,,,,0,0.779999999998836,Defaults
1558_bank-marketing,2,16,7,9,4521,0.003539,0.4375,0.5625,2,12,4.6,3.977716,46,0.11524,0.88476,0.5,0.544133,2.887663,3.457236,23.957828,23.111179,0.137689,0.538575,1.0,0.357332,0.515522,1.111311,0.522922,0.904715,0.012161,29.383136,90.382117,9,10,0.5625,0.001991,0.1,2,6,3.6,1.67332,3,6,4.7,1.159502,0,3,0.5625,0.813941,0.868834,0.88476,0.892944,0.885272,0.002046,0.88476,0.88476,0.854899,0.543,0.592,0.082,0.047,0.054,0.231,0.115,0.5,0.211,0.567,0.134,0.327,0.993,282.562,1676461,741.632825,0.164078,4000,0.0,2873.883654,0.30248,0.708465,2.603889,0.418811340623866,0.524770834388297,0.0027207123474834,0.0027584291420464,1.01386283801662,0.631884690976235,0.427525052441354,1.92775847073786,0.744834944229323,0,0.0499999999992724,2.01276654627551,2.64796592541721,147.0,0.0,0.0,0.0177666666666667,0.0177666666666667,0.0177666666666667,1.0,1.0,1.0,0.0177666666666667,0.0177666666666667,0.0177666666666667,1.0,1.0,1.0,0.0177666666666667,0.0177666666666667,0.0177666666666667,1.0,1.0,1.0,0,216.360000000001,Tuning
1559_breast-tissue,4,9,9,0,106,0.084906,1.0,0.0,4,4,4.0,0.0,4,0.132075,0.462264,0.25,0.145438,0.411984,0.411984,2.254075,2.254075,0.206208,0.694128,0.557569,1.271138,0.916932,1.385337,0.601644,1.271138,0.124524,10.207998,10.125083,6,7,0.666667,0.056604,0.142857,2,4,2.4,0.894427,3,6,4.285714,1.380131,0,2,0.666667,0.866025,0.726415,0.462264,0.556604,0.492662,0.035543,0.462264,0.462264,0.481132,0.384,0.6535,0.786,0.667,2.095,0.50075,0.25,0.5,0.705,1.0,0.524,0.288,1.0,11.667,419,7.90566,0.075292,49,0.000133,15.056604,0.175896,0.473726,2.016156,0.356601193098401,0.28760329110202,0.00356166197199,0.0043555731014166,1.22290468204736,0.52921790867427,0.377106742189396,1.5004130030397,0.675927617277909,0,0.0300000000006548,,,,,,0.0231333333333333,0.0231333333333333,0.0231333333333333,1.0,1.0,1.0,0.0231333333333333,0.0231333333333333,0.0231333333333333,1.0,1.0,1.0,0.0231333333333333,0.0231333333333333,0.0231333333333333,1.0,1.0,1.0,0,216.889999999999,Defaults
1566_hill-valley,2,100,100,0,1212,0.082508,1.0,0.0,2,2,2.0,0.0,2,0.49505,0.50495,0.5,0.007001,3.243431,3.243431,14.130003,14.130003,0.995614,0.428559,1.0,0.693098,0.999929,0.734004,0.206451,0.693098,0.004701,147.444688,155.146721,1,2,0.01,0.000825,0.5,2,2,2.0,0.0,2,2,2.0,0.0,0,1,0.01,0.1,0.514026,0.511551,0.529703,0.517789,0.006701,0.524752,0.529703,0.659241,0.004,0.244,0.000159,0.006,0.672,0.978,0.49,0.495,0.526,0.878,0.341,0.439,0.998,12.12,74459,122.869637,0.101461,612,1e-06,813.611386,0.258085,0.774471,3.603832,0.765250421718712,0.559311629102903,0.001971713555882,0.0076154727941342,3.86236264969402,0.806324571460647,0.914903073124568,3.74646251791177,0.968900868996479,0,0.0299999999988358,1.05440512198501,-0.219305051726823,50.0,0.0,0.0,0.0531666666666667,0.0531666666666667,0.0531666666666667,1.0,1.0,1.0,0.0531666666666667,0.0531666666666667,0.0531666666666667,1.0,1.0,1.0,0.0621666666666667,0.0615,0.0546333333333333,1.01084010840108,1.1378889566809,1.12568639414277,0,216.350000000006,Tuning
1570_wilt,2,5,5,0,4839,0.001033,1.0,0.0,2,2,2.0,0.0,2,0.053937,0.946063,0.5,0.630829,1.882682,1.882682,25.973316,25.973316,0.313347,0.390824,1.0,0.209948,0.30289,1.235048,0.290702,0.209948,0.008563,24.51789,143.230148,13,14,2.6,0.002687,0.071429,2,8,5.2,2.683282,4,6,5.0,0.784465,0,6,2.6,2.792848,0.893366,0.946063,0.946063,0.946063,0.0,0.946063,0.946063,0.950196,0.216,0.439,6.1e-05,0.151,0.348,0.108,0.054,0.5,0.089,0.315,0.05,0.269,0.987,967.8,1927867,796.803885,0.164697,4578,1e-06,3310.890887,0.276365,0.716307,2.524554,0.352058402982694,0.589155476206259,0.0039971329505362,0.0099395948231376,2.48668106518801,0.426520241422727,0.505955538086587,3.00068860727139,0.745066384949318,0,0.0300000000006548,1.33586329695704,-0.0315291106845845,57.0,0.0,0.0,0.0040666666666666,0.0040666666666666,0.0040666666666666,1.0,1.0,1.0,0.0040666666666666,0.0040666666666666,0.0040666666666666,1.0,1.0,1.0,0.0040666666666666,0.0040666666666666,0.0040666666666666,1.0,1.0,1.0,0,213.029999999999,Tuning
15_breast-w,2,9,9,0,699,0.012876,1.0,0.0,2,2,2.0,0.0,2,0.344778,0.655222,0.5,0.219517,2.298203,2.298203,17.17466,17.17466,0.236391,0.914745,1.0,0.644154,0.929318,1.321626,0.405644,0.644154,0.340976,1.889148,2.876009,6,7,0.666667,0.008584,0.142857,2,4,3.0,1.154701,3,5,4.0,0.816497,0,2,0.666667,0.866025,0.958512,0.7897,0.924177,0.885392,0.0427,0.7897,0.858369,0.955651,3.477,0.068,0.248,0.119,0.232,0.464,0.034,0.008,0.063,0.339,0.046,0.046,0.804,77.667,46087,131.865522,0.188919,458,5e-06,146.503577,0.36249,0.650851,1.829838,0.519943708198244,0.667557106670374,0.0117099050660959,0.0123559939682278,1.05517456362669,0.642617116685112,0.608755313967169,1.64582944660565,0.8177114197678,0,0.0299999999988358,0.451992747727068,-1.72939992396901,21.0,0.0,0.0,,,,,,,,,,,,,,,,,,,0,1.63999999999942,Defaults
1600_SPECTF,2,44,44,0,349,0.126074,1.0,0.0,2,2,2.0,0.0,2,0.272206,0.727794,0.5,0.322149,1.076297,1.076297,5.541645,5.541645,0.225627,0.576361,1.0,0.585441,0.844613,1.305576,0.443404,0.585441,0.046984,12.460432,26.787667,11,12,0.25,0.031519,0.083333,2,6,4.4,1.67332,3,6,4.916667,0.996205,0,1,0.25,0.438019,0.733524,0.727794,0.744986,0.72825,0.002618,0.727794,0.727794,0.862464,0.553,0.74,0.0,0.296,0.993,0.437,0.206,0.5,0.39,0.826,0.307,0.101,1.0,6.068,9352,53.593123,0.154003,254,2.5e-05,87.893983,0.294259,0.514905,1.872335,0.335087357621637,0.52189965767674,0.0023687404043651,0.002700915419178,1.14023276429984,0.517354219537001,0.35587465714593,20.4487025881976,0.656147625215995,0,0.0300000000006548,,,,,,0.0064,0.0064,0.0064,1.0,1.0,1.0,0.0064,0.0064,0.0064,1.0,1.0,1.0,0.0064,0.0064,0.0064,1.0,1.0,1.0,0,206.089999999997,Tuning
164_molecular-biology_promoters,2,58,0,58,106,0.54717,0.0,1.0,2,106,5.694915,13.286309,336,0.5,0.5,0.5,0.0,0.0,2.739602,3.0,14.844615,0.381624,1.0,1.0,0.693147,1.0,1.406238,0.973629,2.045515,0.053871,12.866895,25.10401,1,2,0.017241,0.009434,0.5,2,2,2.0,0.0,2,2,2.0,0.0,0,1,0.017241,0.131306,0.990566,0.518868,1.0,0.614997,0.083794,0.518868,0.650943,0.698113,1431.51,32.612,0.006,1.0,1.0,0.313,0.047,0.009,0.443,0.937,0.217,0.0,1.0,1.828,453,8.54717,0.081402,53,0.000132,18.528302,0.334678,0.795089,2.425254,0.580440163543747,0.60610311090291,0.0022474181734376,0.0131196589239927,5.83765810878218,0.609037386608738,0.665668672947396,31.1900859632526,0.708932464765215,0,0.0300000000006548,1.10726919252384,-0.451236264991534,36.0,0.0,0.0199999999967986,0.0002333333333333,0.0002333333333333,0.0002333333333333,1.0,1.0,1.0,0.0002333333333333,0.0002333333333333,0.0002333333333333,1.0,1.0,1.0,0.0002333333333333,0.0002333333333333,0.0002333333333333,1.0,1.0,1.0,0,203.789999999994,Defaults
16_mfeat-karhunen,10,64,64,0,2000,0.032,1.0,0.0,10,10,10.0,0.0,10,0.1,0.1,0.1,0.0,0.253555,0.253555,3.114504,3.114504,0.163703,0.95692,0.152426,2.302585,1.0,2.021402,0.531017,2.302585,0.188849,12.192699,9.703772,11,12,0.171875,0.0055,0.083333,2,6,3.666667,1.505545,3,7,5.25,1.422226,0,2,0.171875,0.419928,0.948,0.117,0.1965,0.158273,0.018343,0.1455,0.1715,0.9645,2.462,5.2863,1e-06,0.808,1.494,0.2027,0.1,0.5,0.076,0.724,0.035,0.005,1.0,31.25,148157,148.157,0.074116,200,0.0,25.607,0.089455,0.852419,1.138342,0.700708018305475,0.419629007490412,0.0069389372549063,0.0319189829169191,4.59998148770546,0.73978506560709,0.709547489754882,2.65640505331915,0.803226936775547,0,0.0100000000002183,0.538828095852835,-1.29156071717135,13.0,0.0,0.0,,,,,,,0.0463,0.026,0.0271,1.78076923076923,1.70848708487085,0.959409594095941,0.182066666666667,0.184033333333333,0.1821,0.98931353015758,0.999816950393557,1.01061687717371,0,141.179999999993,Tuning
182_satimage,6,36,36,0,6430,0.005599,1.0,0.0,6,6,6.0,0.0,6,0.097201,0.238103,0.166667,0.067812,0.732322,0.732322,4.181557,4.181557,0.568604,0.936557,0.358578,1.721335,0.960696,2.517218,0.574442,1.721335,0.621475,2.769758,3.050394,11,12,0.305556,0.001711,0.083333,2,6,3.666667,1.505545,2,7,5.5,1.507557,0,4,0.305556,0.950772,0.797667,0.398911,0.429238,0.416213,0.008384,0.402488,0.402799,0.905288,3.601,2.253667,0.000376,0.789,2.407,0.433833,0.102667,0.303667,0.158,0.549,0.095,0.128,1.0,178.611,2356655,733.018663,0.114018,1531,0.0,274.548834,0.159898,0.833931,1.541003,0.558400321303665,0.414200332122858,0.0160993062706559,0.0215686558403483,1.33972579176666,0.688836393864885,0.604666779230313,1.03876415637202,0.860861479665895,0,0.0299999999988358,0.595966848583689,-1.51341771903565,21.0,0.0,0.0,,,,,,,,,,,,,,,,,,,0,0.729999999995925,Tuning
185_baseball,3,16,15,1,1340,0.01194,0.9375,0.0625,3,7,5.0,2.828427,10,0.042537,0.906716,0.333333,0.496581,0.555327,1.075642,3.434887,6.261715,0.415431,0.740796,0.813001,0.374367,0.340764,1.7304,0.504114,0.478983,0.100527,3.724062,16.21335,10,11,0.625,0.007463,0.090909,2,6,4.0,2.0,3,6,4.727273,0.904534,0,2,0.625,0.806226,0.842537,0.906716,0.923881,0.910774,0.006087,0.906716,0.908209,0.922388,0.559,3.78,0.000845,0.766,1.082,0.131667,0.062333,0.5,0.12,0.377,0.078,0.3,0.93,83.75,136763,204.123881,0.152445,1215,5e-06,1289.59403,0.381125,0.739081,3.340026,0.439631406827004,0.392841322225793,0.00637211978223,0.0064636630993733,1.01436622666739,0.654261402642265,0.445073776045931,7.02546669691462,0.776606991944292,0,0.0299999999988358,,,,,,0.0011333333333333,0.0011333333333333,0.0011333333333333,1.0,1.0,1.0,0.0011333333333333,0.0011333333333333,0.0011333333333333,1.0,1.0,1.0,0.0011333333333333,0.0011333333333333,0.0011333333333333,1.0,1.0,1.0,0,203.509999999995,Tuning
187_wine,3,13,13,0,178,0.073034,1.0,0.0,3,3,3.0,0.0,3,0.269663,0.398876,0.333333,0.064627,0.627705,0.627705,3.439784,3.439784,0.206138,0.949111,0.528081,1.086038,0.988555,1.360413,0.530386,1.086038,0.323849,3.353531,3.200761,4,5,0.307692,0.022472,0.2,2,4,2.666667,1.154701,3,4,3.4,0.547723,0,1,0.307692,0.480384,0.988764,0.44382,0.696629,0.579948,0.071105,0.505618,0.595506,0.949438,2.673,16.258333,6.1e-05,0.809,0.809,0.664,0.333333,0.5,0.118,0.575,0.051,0.014,0.994,13.692,1746,19.617978,0.110836,71,4.8e-05,53.050562,0.18209,0.806834,3.389537,0.470219506006817,0.497640501126138,0.0150603283819342,0.0153248016282883,1.01756092162448,0.647087667114858,0.477675061355611,3.3034911894374,0.772608881214935,0,0.0300000000006548,1.10945862286317,-0.717267669242273,9.0,0.0,0.0,,,,,,,,,,,,,,,,,,,0,0.690000000002328,Defaults
188_eucalyptus,5,19,14,5,736,0.025815,0.736842,0.263158,5,27,13.666667,7.659417,82,0.142663,0.290761,0.2,0.06527,0.785544,3.813211,5.599323,25.567158,0.40967,0.925783,0.622652,1.567957,0.974226,1.655496,0.548179,2.130025,0.177165,8.850258,8.34437,12,13,0.631579,0.016304,0.076923,2,6,3.428571,1.511858,3,8,5.461538,1.613246,0,4,0.631579,1.06513,0.5625,0.290761,0.445652,0.366133,0.041722,0.290761,0.384511,0.509511,2.235,2.2308,0.157,0.406,1.103,0.4056,0.1904,0.4922,0.645,0.818,0.485,0.393,0.997,38.737,13237,35.970109,0.048939,214,2e-06,169.720109,0.083663,0.793297,2.873854,0.547044380157566,0.283062524335768,0.0081470885188716,0.0086072625204032,1.05648324557487,0.778355381224819,0.548489538239513,2.69497794615263,0.876216743797794,0,0.0499999999992724,1.41355882645817,0.364201982233091,48.0,0.0,0.0,,,,,,,,,,,,,,,,,,,0,1.16000000000349,Tuning
18_mfeat-morphological,10,6,6,0,2000,0.003,1.0,0.0,10,10,10.0,0.0,10,0.1,0.1,0.1,0.0,2.937997,2.937997,25.42458,25.42458,0.494403,0.987718,0.353173,2.302585,1.0,1.631065,0.428476,2.302585,0.841051,2.737747,0.939317,9,10,1.5,0.0045,0.1,2,4,3.6,0.894427,3,6,4.8,1.229273,1,2,1.5,0.547723,0.6165,0.196,0.2,0.198583,0.001463,0.1985,0.1985,0.714,38.451,4.7449,0.958,1.0,1.0,0.2363,0.1,0.5,0.445,0.224,0.348,0.311,0.987,333.333,116915,116.915,0.058487,200,0.0,62.0345,0.096083,0.893839,1.959648,0.545230477908361,0.510639498026866,0.0089361780856227,0.0154286947235687,1.72654288844037,0.555279752568481,0.891841628599346,13.3657659305131,0.926833787100723,0,0.0500000000010914,-0.650505717937926,-0.858089717014182,15.0,0.0,0.0,0.0627,0.0221,0.0373333333333333,2.83710407239819,1.67946428571429,0.591964285714286,0.0423,0.0288,0.0229666666666667,1.46875,1.84179970972424,1.25399129172714,0.279233333333333,0.149466666666667,0.0676,1.86819803746655,4.13067061143984,2.21104536489152,0,204.710000000006,Tuning
21_car,4,6,0,6,1728,0.003472,0.0,1.0,3,4,3.571429,0.534522,25,0.037616,0.700231,0.25,0.312365,0.0,0.869484,3.0,1.971389,0.110074,0.755165,0.790555,0.835756,0.60287,1.242453,1.0,1.998902,0.079307,10.538249,14.666395,16,17,2.666667,0.009259,0.058824,2,10,4.0,3.207135,2,9,6.588235,1.769845,0,4,2.666667,1.75119,0.873843,0.700231,0.700231,0.700231,0.0,0.700231,0.700231,0.624421,0.006,1.16375,0.389,0.667,1.704,0.42725,0.109,0.4145,0.304,0.902,0.245,0.729,1.0,288.0,185235,214.392361,0.124141,1136,1e-06,530.479167,0.259918,0.641878,2.324559,0.403001961509242,0.371550155332554,0.0126488272022591,0.0133304672727374,1.05388958672441,0.603170710011285,0.409803107778037,4.72578556476905,0.730141407902165,0,0.0300000000006548,,,,,,,,,,,,,,,,,,,,,,,,0,0.690000000002328,Tuning
22_mfeat-zernike,10,47,47,0,2000,0.0235,1.0,0.0,10,10,10.0,0.0,10,0.1,0.1,0.1,0.0,0.650399,0.650399,3.642905,3.642905,0.257498,0.937188,0.170927,2.302585,1.0,2.062877,0.541912,2.302585,0.272377,8.453684,6.573622,12,13,0.255319,0.006,0.076923,2,8,3.428571,2.225395,2,8,5.769231,1.640825,0,2,0.255319,0.569824,0.763,0.121,0.1965,0.171223,0.016444,0.121,0.195,0.7885,1.647,3.0824,0.238,0.686,1.217,0.2054,0.1,0.5,0.274,0.768,0.211,0.139,1.0,42.553,123351,123.351,0.061706,200,0.0,38.598,0.095949,0.830833,1.064171,0.700651446109756,0.408209606162135,0.0054203095300212,0.0270058913070308,4.98235223605852,0.737363179624727,0.701555236957896,1.71358269968514,0.800608569069362,0,0.0299999999988358,0.257734719805134,-1.54017648188577,9.0,0.0,0.0,0.0023,0.0023,0.0023,1.0,1.0,1.0,0.0660333333333333,0.0405,0.0392666666666667,1.63045267489712,1.68166383701188,1.03140916808149,0.0976,0.1021,0.0974666666666667,0.955925563173359,1.00136798905609,1.04753761969904,0,211.330000000002,Defaults
23380_cjs,2,14,8,0,690,0.023672,1.0,0.0,2,4,2.714286,0.0,5,0.166667,0.605955,0.5,0.184463,0.834146,1.563584,4.196345,6.677651,0.236391,0.646678,1.0,0.679193,0.927437,1.207218,0.519381,0.904715,0.046984,12.192699,22.648734,7,8,0.444444,0.009901,0.125,2,4,2.8,1.035098,2,6,4.333333,1.112697,0,2,0.444444,0.605152,0.821131,0.627417,0.757764,0.668899,0.013331,0.630435,0.666667,0.814229,0.533,1.59,0.004,0.237,0.644,0.409,0.155,0.5,0.289,0.641,0.188,0.273,0.998,40.714,17875,60.660743,0.117107,268,6e-06,158.388371,0.235896,0.745433,2.487831,0.590679178924917,0.41689480727347,0.0205926493373873,0.0216306714909904,1.05040741172232,0.761402423542913,0.607417081191898,1.44695747325626,0.867737676482401,0,0.0299999999988358,0.845725844629432,-1.07389069682059,12.0,0.0,0.0,,,,,,,,,,,,,0.139333333333333,0.1148,0.042,1.2137049941928,3.31746031746032,2.73333333333333,0,71.5299999999988,Tuning
23_cmc,3,9,2,7,1473,0.00611,0.222222,0.777778,2,4,3.125,0.991031,25,0.226069,0.42702,0.333333,0.101161,0.703944,2.087794,3.609567,10.107015,0.200809,0.403878,0.6797,1.066777,0.971023,1.105452,0.697779,1.709361,0.025651,41.588344,42.096072,6,7,0.666667,0.004073,0.142857,2,4,3.0,1.154701,2,5,4.285714,1.112697,0,3,0.666667,1.118034,0.507807,0.42702,0.450102,0.431998,0.009885,0.42702,0.448744,0.477257,0.045,0.365333,2.298,0.068,0.084,0.648667,0.319,0.476,0.728,1.104,0.558,0.526,0.974,163.667,74879,101.668703,0.069068,629,1e-06,486.961303,0.101969,0.699807,3.010936,0.485812325719933,0.366702759799313,0.0030309577442006,0.0033056001052455,1.09061240182924,0.689394331433993,0.506233267693548,17.1305132208631,0.82692023683664,0,0.0399999999990541,1.21551380383721,-0.0750114104760216,43.0,0.0,0.0199999999967986,0.0742666666666667,0.0536,0.0544,1.38557213930348,1.36519607843137,0.985294117647059,0.0574,0.0279,0.0242666666666667,2.0573476702509,2.36538461538462,1.14972527472527,0.0574,0.0279,0.0252333333333333,2.0573476702509,2.27476882430647,1.10568031704095,0,215.330000000002,Tuning
25_colic,2,27,7,20,368,0.07337,0.259259,0.740741,2,337,22.333333,73.266181,469,0.369565,0.630435,0.5,0.184463,1.016099,10.417572,6.753301,134.151309,0.291882,1.0,1.0,0.658724,0.950338,1.207442,0.626789,1.49305,0.072029,9.145306,15.763355,1,2,0.037037,0.002717,0.5,2,2,2.0,0.0,2,2,2.0,0.0,0,1,0.037037,0.19245,0.894022,0.630435,0.986413,0.671296,0.086955,0.630435,0.630435,0.747283,1.301,3.836,0.0,0.038,0.122,0.45,0.185,0.182,0.326,0.798,0.201,0.106,0.995,13.63,7903,42.951087,0.117033,232,1.7e-05,155.459239,0.191146,0.768149,2.563554,0.398252874442969,0.54945901240316,0.0050478158521959,0.0069011951827713,1.36716460838585,0.599897635246309,0.453629157335791,23.2550649164529,0.737530596713202,0,0.0299999999988358,2.01039517846367,2.13908495432125,121.0,0.0,0.0199999999967986,,,,,,,,,,,,,,,,,,,0,0.770000000004075,Tuning
28_optdigits,10,62,62,0,5620,0.011032,1.0,0.0,10,10,10.0,0.0,10,0.098577,0.101779,0.1,0.001213,3.109568,3.109568,35.900592,35.900592,0.162119,0.93281,0.149164,2.302519,0.999971,1.729143,0.400497,2.302519,0.231358,9.952199,6.473889,17,18,0.274194,0.003025,0.055556,2,8,4.857143,2.267787,3,8,6.222222,1.664705,0,3,0.274194,0.605152,0.833274,0.101779,0.198399,0.163672,0.032819,0.101779,0.134698,0.987544,1.628,0.2991,7.5e-05,0.773,1.684,0.2314,0.1001,0.5,0.028,0.552,0.012,0.01,1.0,90.645,1198782,426.612811,0.075923,572,0.0,67.643238,0.096625,0.875822,1.205669,0.550214670882407,0.361524803548473,0.0177086556997941,0.0271417131546124,1.53268060629401,0.69678625790109,0.564551300044804,5.30477326373143,0.818670611181021,0,0.0299999999988358,0.908405409703903,-1.11158023921446,9.0,0.0,0.0,,,,,,,,,,,,,0.0857,0.0852,0.0828333333333333,1.00586854460094,1.03460764587525,1.02857142857143,0,71.2899999999936,Tuning
292_Australian,2,14,14,0,690,0.02029,1.0,0.0,2,2,2.0,0.0,2,0.444928,0.555072,0.5,0.077884,1.978819,1.978819,12.628641,12.628641,0.091896,0.771296,1.0,0.687069,0.991231,0.823817,0.252852,0.687069,0.049631,13.843599,15.598913,4,5,0.285714,0.005797,0.2,2,2,2.0,0.0,2,5,3.8,1.30384,0,1,0.285714,0.468807,0.802899,0.555072,0.855072,0.64793,0.088796,0.555072,0.744928,0.794203,2.28,2.326,0.001,0.033,0.067,0.291,0.145,0.137,0.277,0.553,0.206,0.164,0.999,49.286,32574,94.417391,0.137035,383,4e-06,159.269565,0.237156,0.577425,1.921206,0.492453504844081,0.595457430814073,0.0078510915939709,0.0091618533872069,1.16695280873331,0.661012548206279,0.50455886760106,1.61606559038782,0.786839768165049,0,0.0499999999992724,1.00138071751493,-0.901038482663575,21.0,0.0,0.0100000000020373,0.0641333333333333,0.0457,0.0445666666666667,1.40335521517141,1.43904263275991,1.02543006731488,0.0641333333333333,0.0457,0.0533,1.40335521517141,1.20325203252033,0.857410881801126,0.0641333333333333,0.0457,0.0495666666666667,1.40335521517141,1.29388029589778,0.921990585070612,0,221.279999999999,Tuning
294_satellite_image,6,36,36,0,6435,0.005594,1.0,0.0,6,6,6.0,0.0,6,0.09728,0.238228,0.166667,0.067834,0.732841,0.732841,4.182673,4.182673,0.568587,0.936567,0.358588,1.72129,0.96067,2.517258,0.574451,1.72129,0.621582,2.769206,3.049758,11,12,0.305556,0.001709,0.083333,2,6,3.666667,1.505545,2,7,5.5,1.507557,0,4,0.305556,0.950772,0.797358,0.398912,0.429215,0.416261,0.008406,0.402486,0.426263,0.905361,3.602,2.254333,0.000376,0.789,2.406,0.433833,0.1025,0.302167,0.158,0.549,0.095,0.128,1.0,178.75,2313283,718.969075,0.111745,1533,0.0,288.986325,0.15928,0.831076,1.62313,0.559620602243239,0.414008138041806,0.0161940191922267,0.0214173616271407,1.32254762532462,0.688965546693398,0.60547199641514,1.02789210085324,0.860855194243391,0,0.0300000000006548,0.598161583452101,-1.50988719230259,17.0,0.0,0.0100000000020373,,,,,,,,,,,,,,,,,,,0,0.680000000007567,Tuning
299_libras_move,15,90,90,0,360,0.25,1.0,0.0,15,15,15.0,0.0,15,0.066667,0.066667,0.066667,0.0,0.433146,0.433146,2.458045,2.458045,0.496556,0.96147,0.134574,2.70805,1.0,1.788973,0.607577,2.70805,0.458317,5.908689,2.903355,20,21,0.222222,0.055556,0.047619,2,10,6.666667,3.265986,3,7,5.904762,1.135991,0,3,0.222222,0.51446,0.752778,0.097222,0.133333,0.11966,0.011977,0.122222,0.122222,0.866667,2.894,5.157867,0.0,0.991,0.991,0.1418,0.067,0.5,0.427,0.635,0.17,0.255,1.0,3.667,2477,13.761111,0.038332,24,8e-06,3.783333,0.053335,0.833733,1.807971,0.526400583385538,0.243378362134851,0.0137109987318052,0.0172869699026982,1.26081040782229,0.707263212320483,0.527340053400558,1.19693237305183,0.816673797586244,0,0.0499999999992724,1.31552628379915,-0.0146401432623868,28.0,0.0,0.0,,,,,,,0.0728666666666667,0.0710666666666667,0.0611666666666667,1.02532833020638,1.19128065395095,1.16185286103542,0.112666666666667,0.111866666666667,0.111566666666667,1.00715137067938,1.00985957573947,1.00268897520167,0,136.850000000006,Tuning
29_credit-a,2,15,6,9,690,0.021739,0.4,0.6,2,14,4.2,4.049691,42,0.444928,0.555072,0.5,0.077884,3.268713,4.301262,24.184493,36.114828,0.174478,0.783072,1.0,0.687069,0.991231,0.846678,0.546065,1.170976,0.047967,14.323661,16.651108,4,5,0.266667,0.005797,0.2,2,2,2.0,0.0,2,5,3.8,1.30384,0,1,0.266667,0.457738,0.775362,0.555072,0.855072,0.641739,0.088861,0.555072,0.691304,0.805797,0.364,8.595,0.001,0.032,0.068,0.29,0.145,0.13,0.293,0.563,0.181,0.125,0.999,46.0,27731,80.37971,0.116661,383,4e-06,243.276812,0.162052,0.749435,2.323869,0.507103181904722,0.58428917563566,0.0070260057038969,0.0091497391876314,1.30226754335775,0.682175583988276,0.518026845783271,2.41322972135652,0.794091133082076,0,0.0499999999992724,1.16744364434258,-0.49912605772948,22.0,0.0,0.0199999999967986,0.0619,0.0458333333333333,0.0509333333333333,1.35054545454545,1.21531413612565,0.899869109947644,0.0619,0.0458333333333333,0.0491,1.35054545454545,1.26069246435845,0.93346911065852,0.0619,0.0458333333333333,0.0509666666666667,1.35054545454545,1.21451929365598,0.899280575539568,0,216.169999999998,Defaults
307_vowel,11,12,10,2,990,0.012121,0.833333,0.166667,2,15,9.333333,6.658328,28,0.090909,0.090909,0.090909,0.0,0.384278,2.104718,2.584839,8.39465,0.479015,0.913364,0.393796,2.397895,1.0,1.87728,0.630592,2.681143,0.250975,9.554312,6.479944,20,21,1.666667,0.020202,0.047619,2,10,5.0,3.023716,3,9,6.238095,1.578124,0,6,1.666667,2.103388,0.714141,0.090909,0.176768,0.132155,0.030595,0.090909,0.123232,0.993939,2.039,1.049727,1.253,0.982,1.589,0.183727,0.091,0.5,0.287,0.305,0.006,0.299,0.974,82.5,21369,43.169697,0.04365,90,1e-06,26.728283,0.063015,0.748111,1.646941,0.328806951913144,0.488114024037334,0.0111639901105325,0.0164287176384989,1.47158117087541,0.433196542439353,0.51767630058456,5.36410848256764,0.705140390020167,0,0.0299999999988358,0.429137045178684,-1.27058625802017,21.0,0.0,0.0,0.0962,0.0907,0.0939666666666667,1.0606394707828,1.02376729336644,0.965235899255055,0.171233333333333,0.140166666666667,0.1654,1.22164090368609,1.03526803708182,0.847440548166062,0.3402,0.1821,0.116,1.86820428336079,2.93275862068965,1.5698275862069,0,202.670000000013,Tuning
30_page-blocks,5,10,10,0,5473,0.001827,1.0,0.0,5,5,5.0,0.0,5,0.005116,0.89768,0.2,0.390566,4.023052,4.023052,39.413637,39.413637,0.411485,0.720885,0.400764,0.440469,0.273679,0.821363,0.190834,0.440469,0.048657,9.052527,15.880654,9,10,0.9,0.001644,0.1,2,4,3.6,0.894427,3,6,4.8,1.229273,0,4,0.9,1.37032,0.900055,0.89768,0.931299,0.90645,0.011116,0.89768,0.89768,0.962543,0.509,5.1472,0.003,0.991,0.991,0.1014,0.0408,0.5,0.071,0.188,0.039,0.28,0.99,547.3,2410349,880.814544,0.160968,4913,0.0,4833.739631,0.329009,0.766805,3.185013,0.582127371378119,0.344926540779754,0.008816965515936,0.0140757696661519,1.59644150141123,0.734067848556409,0.648235069153554,8.94893918371025,0.913724173430572,0,0.0299999999988358,0.882073768241259,-0.908092324748495,33.0,0.0,0.0,0.0491,0.0251,0.0224666666666667,1.95617529880478,2.18545994065282,1.11721068249258,0.0491,0.0251,0.0229333333333333,1.95617529880478,2.14098837209302,1.09447674418605,0.151266666666667,0.117466666666667,0.0498666666666667,1.28774120317821,3.03342245989305,2.35561497326203,0,204.73000000001,Tuning
310_mammography,2,6,6,0,11183,0.000537,1.0,0.0,2,2,2.0,0.0,2,0.02325,0.97675,0.5,0.674227,3.296356,3.296356,35.511294,35.511294,0.254207,0.51317,1.0,0.11043,0.159316,1.008009,0.216151,0.11043,0.016191,6.820585,61.258699,11,12,1.833333,0.000984,0.083333,2,6,3.142857,1.573592,3,8,5.25,1.658312,0,4,1.833333,1.32916,0.954932,0.97675,0.978986,0.977123,0.000913,0.97675,0.97675,0.984262,0.955,1.566,0.005,0.027,0.051,0.111,0.023,0.5,0.026,0.228,0.016,0.22,0.942,1863.833,12816761,2292.186533,0.204989,10923,0.0,6954.462577,0.265934,0.7121,2.303561,0.460299103712481,0.567030176862229,0.0037861166347375,0.006656898206246,1.75823907408693,0.571536964825722,0.576174453529741,10.9884569805375,0.832337787398179,0,0.0499999999992724,1.05827170972545,-0.518998531108649,30.0,0.0,0.0,0.0523333333333333,0.0554666666666667,0.0508333333333333,0.943509615384615,1.02950819672131,1.09114754098361,0.0523333333333333,0.0554666666666667,0.0509666666666667,0.943509615384615,1.026814911707,1.08829300196207,0.0523333333333333,0.0554666666666667,0.0514,0.943509615384615,1.01815823605707,1.07911802853437,0,702.050000000003,Tuning
311_oil_spill,2,48,48,0,937,0.051227,1.0,0.0,2,2,2.0,0.0,2,0.043757,0.956243,0.5,0.645226,2.655341,2.655341,29.67961,29.67961,0.282854,0.652479,1.0,0.179705,0.259259,1.080843,0.314749,0.179705,0.006972,25.776275,154.032862,5,6,0.104167,0.005336,0.166667,2,4,3.333333,1.154701,3,4,3.666667,0.516398,0,2,0.104167,0.371288,0.568837,0.956243,0.96158,0.956355,0.00077,0.956243,0.956243,0.959445,1.373,6.847,0.0,0.255,1.0,0.109,0.044,0.5,0.068,0.451,0.041,0.225,0.998,19.521,74268,158.522946,0.169362,896,2.3e-05,1202.422625,0.288298,0.779804,3.808926,0.359778384123859,0.530671564524242,0.0034457812879419,0.0037306609358771,1.08267490711964,0.564775475548351,0.381894474948969,2.96604418587805,0.706510105306989,0,0.0299999999988358,,,,,,0.0029333333333333,0.0029333333333333,0.0029333333333333,1.0,1.0,1.0,0.0029333333333333,0.0029333333333333,0.0029333333333333,1.0,1.0,1.0,0.0029333333333333,0.0029333333333333,0.0029333333333333,1.0,1.0,1.0,0,810.770000000004,Tuning
316_yeast_ml8,2,116,103,13,2417,0.047993,0.887931,0.112069,2,2,2.0,0.0,28,0.014067,0.985933,0.5,0.687213,0.589857,0.747086,4.016826,4.463891,0.131234,0.318181,1.0,0.073948,0.106685,1.672593,0.499907,0.132718,0.002458,30.082899,679.427032,6,7,0.051724,0.002482,0.142857,2,4,3.0,1.154701,2,5,4.285714,1.112697,0,1,0.051724,0.22243,0.944973,0.985933,0.985933,0.985933,0.0,0.985933,0.985933,0.974762,1.878,8.102,0.0,0.643,1.0,0.069,0.014,0.5,0.036,0.583,0.025,0.03,0.995,20.836,540588,447.321473,0.18515,2383,1.1e-05,1031.141911,0.57565,0.530344,1.878082,0.165261686704211,0.502552029034712,0.000371205247756,0.0004006433450741,1.07930409792447,0.306941037131107,0.238332618233683,1.27797418815494,0.558493077994582,0,0.0499999999992724,,,,,,0.0235333333333333,0.0235333333333333,0.0235333333333333,1.0,1.0,1.0,0.0235333333333333,0.0235333333333333,0.0235333333333333,1.0,1.0,1.0,0.0235333333333333,0.0235333333333333,0.0235333333333333,1.0,1.0,1.0,0,781.25,Tuning
31_credit-g,2,20,7,13,1000,0.02,0.35,0.65,2,10,4.0,2.038099,56,0.3,0.7,0.5,0.282843,1.13237,2.646456,3.819414,15.109157,0.158644,0.530518,1.0,0.610864,0.881291,1.078412,0.591541,1.24779,0.011869,51.466276,89.857906,11,12,0.55,0.011,0.083333,2,4,2.75,1.035098,2,9,5.916667,2.108784,0,3,0.55,0.887041,0.772,0.7,0.717,0.70085,0.003801,0.7,0.7,0.7,0.107,1.929,0.662,0.014,0.024,0.688,0.295,0.495,0.453,0.885,0.302,0.238,1.0,50.0,52007,104.014,0.104118,700,3e-06,928.751,0.240844,0.779652,4.132712,0.400775816055493,0.525656035347853,0.0027491104846587,0.0030930869816072,1.12512283477439,0.617610805922852,0.41757362300975,2.27399122821119,0.733108123930363,0,0.0499999999992724,,,,,,0.0154666666666667,0.0154666666666667,0.0154666666666667,1.0,1.0,1.0,0.0154666666666667,0.0154666666666667,0.0154666666666667,1.0,1.0,1.0,0.0154666666666667,0.0154666666666667,0.0154666666666667,1.0,1.0,1.0,0,426.199999999997,Tuning
329_hayes-roth,3,4,4,0,160,0.025,1.0,0.0,3,3,3.0,0.0,3,0.19375,0.40625,0.333333,0.120923,0.32705,0.32705,1.78722,1.78722,0.133631,0.727786,0.996062,1.050441,0.956152,1.204292,0.469519,1.050441,0.144124,7.288468,7.355959,10,11,2.5,0.0625,0.090909,2,4,2.857143,1.069045,2,8,6.090909,2.165851,0,4,2.5,1.914854,0.80625,0.40625,0.4875,0.467187,0.040625,0.40625,0.4875,0.76875,0.228,0.087333,1.593,0.081,1.0,0.667667,0.333333,0.5,0.531,0.491,0.331,0.252,1.0,40.0,1122,14.025,0.088208,65,6.2e-05,33.5375,0.283247,0.574819,2.315865,0.345884898697816,0.445458239378866,0.0042134347987046,0.0068952148769091,1.63648310851494,0.402617209997009,0.491231547912581,4.48939569914085,0.629955049572377,0,0.0399999999990541,0.890417311610319,0.287992029682228,29.0,0.0,0.0100000000020373,0.0504333333333333,0.0504333333333333,0.0504333333333333,1.0,1.0,1.0,0.1411,0.128966666666667,0.136333333333333,1.09408115792194,1.03496332518337,0.945965770171149,0.217933333333333,0.205,0.219333333333333,1.06308943089431,0.993617021276596,0.934650455927052,0,751.550000000003,Tuning
32_pendigits,10,16,16,0,10992,0.001456,1.0,0.0,10,10,10.0,0.0,10,0.095979,0.104076,0.1,0.00422,1.039332,1.039332,7.860413,7.860413,0.36772,0.932867,0.194537,2.301784,0.999652,2.690219,0.578049,2.301784,0.497297,4.628589,4.409683,15,16,0.9375,0.001365,0.0625,2,8,4.285714,2.13809,4,8,5.5625,1.459166,0,2,0.9375,0.680074,0.857624,0.160025,0.204785,0.194323,0.011259,0.160025,0.181769,0.993723,2.597,0.001,2.061,0.87,0.87,0.2006,0.1,0.5,0.016,0.324,0.006,0.105,0.995,687.0,4347461,791.022744,0.07197,1144,0.0,138.737536,0.094051,0.921616,1.113265,0.562726490993678,0.466108829605876,0.020222270447272,0.0269932758636335,1.33482913968619,0.670803793767699,0.64292074229724,1.65259270346798,0.853796535754914,0,0.0300000000006548,0.401845009650806,-1.70285093027014,12.0,0.0,0.0,0.0971333333333333,0.100966666666667,0.101266666666667,0.962033674480026,0.959183673469388,0.997037524687294,0.130433333333333,0.1135,0.1407,1.14919236417034,0.927031509121061,0.806680881307747,0.168466666666667,0.129633333333333,0.0843333333333333,1.2995628696323,1.99762845849802,1.53715415019763,0,771.259999999995,Tuning
333_monks-problems-1,2,6,0,6,556,0.010791,0.0,1.0,2,4,2.714286,0.755929,19,0.5,0.5,0.5,0.0,0.0,0.649782,3.0,1.630902,0.066878,0.575092,1.0,0.693147,1.0,1.011248,0.999835,1.668457,0.035939,19.28693,27.138145,9,10,1.5,0.016187,0.1,2,4,2.571429,0.9759,2,8,5.7,2.213594,0,3,1.5,1.224745,0.746403,0.5,0.746403,0.552158,0.09572,0.5,0.508993,1.0,0.068,0.694,0.667,0.246,0.246,0.668,0.335,0.29,0.36,0.536,0.165,0.398,1.0,92.667,17354,62.42446,0.112477,278,6e-06,133.613309,0.178596,0.559043,1.988676,0.341207025284037,0.685093479535178,0.0066340187949692,0.0097012316231343,1.46234611672958,0.408855852442401,0.516648520377135,10.1346110834314,0.631810334628094,0,0.0300000000006548,0.665261698856396,-0.898680160077336,16.0,0.0,0.0,,,,,,,,,,,,,0.296333333333333,0.253133333333333,0.1817,1.17066104819594,1.63089341405247,1.39313887360117,0,256.169999999998,Defaults
334_monks-problems-2,2,6,0,6,601,0.009983,0.0,1.0,2,4,2.714286,0.755929,19,0.342762,0.657238,0.5,0.222368,0.0,0.720046,3.0,1.671505,0.146636,0.173318,1.0,0.642851,0.927437,1.011254,0.999875,1.651587,0.002518,255.348447,400.682867,27,28,4.5,0.044925,0.035714,2,16,9.0,5.477226,4,7,6.25,1.040833,1,8,4.5,2.428992,0.637271,0.657238,0.657238,0.657238,0.0,0.657238,0.657238,0.718802,0.029,0.023,1.0,0.0,0.0,0.686,0.343,0.5,0.369,0.401,0.188,0.482,1.0,100.167,18396,61.21797,0.10203,395,7e-06,164.086522,0.251649,0.502673,1.997276,0.118636774739391,0.524918487596861,0.002268418186013,0.0035195333064639,1.55153636492832,0.175415793517804,0.153734561537539,1.99013994110422,0.307998394142152,0,0.0499999999992724,,,,,,0.0430333333333333,0.0430333333333333,0.0430333333333333,1.0,1.0,1.0,0.0430333333333333,0.0430333333333333,0.0430333333333333,1.0,1.0,1.0,0.0430333333333333,0.0430333333333333,0.0430333333333333,1.0,1.0,1.0,0,764.029999999999,Tuning
335_monks-problems-3,2,6,0,6,554,0.01083,0.0,1.0,2,4,2.714286,0.755929,19,0.480144,0.519856,0.5,0.02808,0.0,0.774157,3.0,1.98474,0.09447,0.860048,1.0,0.692358,0.998862,1.011274,0.999871,1.630253,0.073379,9.435363,12.781491,4,5,0.666667,0.00722,0.2,2,4,2.666667,1.154701,3,4,3.4,0.547723,0,2,0.666667,0.816497,0.963899,0.519856,0.799639,0.608905,0.135577,0.519856,0.767148,0.98556,0.031,1.896,1.0,0.0,0.0,0.641,0.2,0.158,0.285,0.581,0.141,0.237,1.0,92.333,19853,71.67148,0.129605,288,7e-06,120.512635,0.279444,0.555076,1.77756,0.449053909920023,0.612031164052293,0.0104331406774011,0.0113867038135074,1.09139751543576,0.635593851626922,0.451469935054503,3.0857436182721,0.75105888238157,0,0.0499999999992724,1.1976185798945,-0.530330874409055,21.0,0.0,0.0100000000020373,0.0860333333333333,0.0938666666666667,0.0842666666666667,0.916548295454546,1.02096518987342,1.11392405063291,0.111433333333333,0.0836666666666667,0.0745333333333333,1.33187250996016,1.49508050089445,1.12254025044723,0.0982333333333333,0.0435,0.0203333333333333,2.25823754789272,4.83114754098361,2.13934426229508,0,837.940000000002,Defaults
336_SPECT,2,22,0,22,267,0.082397,0.0,1.0,2,2,2.0,0.0,46,0.205993,0.794007,0.5,0.415789,0.0,1.563584,3.0,4.753855,0.180748,0.530374,1.0,0.508598,0.733752,0.598646,0.863663,1.077366,0.029877,17.022795,19.036673,6,7,0.272727,0.022472,0.142857,2,2,2.0,0.0,2,7,4.857143,1.9518,0,1,0.272727,0.455842,0.808989,0.794007,0.794007,0.794007,0.0,0.794007,0.794007,0.801498,0.017,2.114,0.0,0.142,0.21,0.583,0.206,0.5,0.337,0.785,0.27,0.493,1.0,12.136,5304,39.730337,0.149362,212,5.6e-05,81.850187,0.372528,0.504313,1.941831,0.17859235735866,0.503957665665964,0.0006181481519017,0.0012215080147195,1.97607646477874,0.350077378311893,0.198554846413329,3.7651610934695,0.45808796164547,0,0.0299999999988358,3.11775870694444,10.8928649170345,69.0,0.0,0.0200000000040745,0.0949666666666667,0.0928666666666667,0.0956666666666667,1.02261306532663,0.992682926829268,0.970731707317073,0.142933333333333,0.1202,0.116166666666667,1.18912922906267,1.23041606886657,1.03472022955524,0.119433333333333,0.0664666666666667,0.0322,1.79689067201605,3.70910973084886,2.06418219461698,0,490.889999999999,Tuning
338_grub-damage,4,8,2,6,155,0.051613,0.25,0.75,3,21,7.142857,6.309479,50,0.122581,0.316129,0.25,0.087573,0.428448,2.662366,2.35627,11.221884,0.549889,0.730165,0.495679,1.333635,0.962014,1.614486,0.823698,2.455246,0.157813,8.45074,9.230387,8,9,1.0,0.051613,0.111111,2,6,4.0,1.632993,3,5,4.333333,0.707107,0,3,1.0,1.069045,0.658065,0.329032,0.464516,0.408871,0.047776,0.380645,0.367742,0.335484,1.106,0.99525,1.752,0.219,0.819,0.50525,0.25025,0.5,0.787,1.169,0.632,0.503,1.0,19.375,796,10.270968,0.066695,49,5.7e-05,29.496774,0.177469,0.664091,2.136905,0.36470140726924,0.272242461578769,0.0021840002128967,0.0026366482504964,1.20725640726898,0.533657815445115,0.374290686033048,14.2790312829935,0.625564298016679,0,0.0400000000008731,,,,,,0.0710333333333333,0.0710333333333333,0.0669,1.0,1.06178375685102,1.06178375685102,0.0710333333333333,0.0710333333333333,0.0684,1.0,1.03849902534113,1.03849902534113,0.0710333333333333,0.0710333333333333,0.0682666666666667,1.0,1.04052734375,1.04052734375,0,260.139999999999,Tuning
35_dermatology,6,34,1,33,366,0.092896,0.029412,0.970588,2,6,3.970588,0.521379,135,0.054645,0.306011,0.166667,0.083125,0.500278,2.75028,3.008872,15.794782,0.268973,0.998407,0.219052,1.686148,0.941057,0.857814,0.609291,2.189881,0.30719,5.488933,1.792449,6,7,0.176471,0.016393,0.142857,2,2,2.0,0.0,2,7,4.857143,1.9518,0,1,0.176471,0.386953,0.991803,0.306011,0.502732,0.408952,0.070095,0.306011,0.448087,0.953552,0.501,127.647833,0.0,0.861,0.861,0.340333,0.037833,0.124667,0.104,0.747,0.057,0.008,1.0,10.765,3910,21.36612,0.058537,112,9e-06,61.180328,0.124525,0.78089,2.785232,0.453716283601277,0.305904198293887,0.012826742815724,0.0180907714631143,1.41039480739703,0.655650878175869,0.495270143273121,8.26077393276173,0.773964983595182,0,0.0300000000006548,1.6893792467554,0.997587672917239,161.0,0.0,0.0100000000020373,,,,,,,,,,,,,,,,,,,0,0.729999999995925,Tuning
36_segment,7,18,18,0,2310,0.007792,1.0,0.0,7,7,7.0,0.0,7,0.142857,0.142857,0.142857,0.0,2.075717,2.075717,16.444051,16.444051,0.363027,0.981184,0.261,1.94591,1.0,1.565814,0.404478,1.94591,0.551521,3.528263,1.839085,8,9,0.444444,0.003463,0.111111,2,4,2.285714,0.755929,2,8,5.666667,2.236068,0,3,0.444444,0.855585,0.799567,0.157576,0.285714,0.258754,0.039986,0.157576,0.237662,0.974026,15.614,13.195857,0.000165,0.994,0.994,0.323286,0.142857,0.499571,0.077,0.181,0.026,0.072,0.981,128.333,214425,185.649351,0.080402,330,0.0,88.548485,0.132684,0.845063,1.3811,0.633419766876237,0.51939960525679,0.0153425540058655,0.0244852966967976,1.59590747977402,0.69538026592069,0.743451735424532,4.74486122250061,0.903240789722097,0,0.0299999999988358,0.234078639582318,-1.5539277955452,15.0,0.0,0.0100000000020373,0.0990333333333333,0.1255,0.1122,0.789110225763612,0.882650029708853,1.11853832442068,0.0761,0.0656666666666667,0.0641,1.15888324873096,1.18720748829953,1.02444097763911,0.1811,0.151633333333333,0.0652666666666667,1.19432842382941,2.77477017364658,2.32328907048008,0,263.310000000012,Tuning
377_synthetic_control,6,60,60,0,600,0.1,1.0,0.0,6,6,6.0,0.0,6,0.166667,0.166667,0.166667,0.0,0.175323,0.175323,2.193135,2.193135,0.218184,0.972352,0.334702,1.791759,1.0,1.884407,0.592944,1.791759,0.587036,3.052216,2.210038,7,8,0.116667,0.011667,0.125,2,4,2.8,1.095445,2,6,4.625,1.30247,0,2,0.116667,0.372425,0.951667,0.166667,0.333333,0.301028,0.038006,0.166667,0.326667,0.968333,5.755,1.502667,0.0,0.975,0.975,0.354833,0.167,0.5,0.078,0.726,0.032,0.015,1.0,10.0,19188,63.96,0.106778,100,3e-06,24.015,0.158423,0.86556,1.050707,0.602363960431394,0.600282229320199,0.0027259260510225,0.0318190851994972,11.6727616978314,0.612290402286651,0.637213401297837,28.2640926172508,0.674915276318723,0,0.0299999999988358,-0.220196349020389,-1.78873428204555,11.0,0.0,0.0199999999967986,,,,,,,,,,,,,0.191666666666667,0.1949,0.2002,0.983410295878228,0.957375957375957,0.973526473526473,0,170.339999999997,Defaults
37_diabetes,2,8,8,0,768,0.010417,1.0,0.0,2,2,2.0,0.0,2,0.348958,0.651042,0.5,0.213605,1.062997,1.062997,5.859499,5.859499,0.159899,0.550684,1.0,0.646799,0.933134,1.489415,0.446976,0.646799,0.045772,14.13087,31.539808,15,16,1.875,0.019531,0.0625,2,6,3.75,1.669046,3,9,5.875,1.821172,0,4,1.875,1.246423,0.761719,0.651042,0.735677,0.665039,0.030103,0.651042,0.651042,0.705729,0.576,1.426,0.252,0.007,0.022,0.689,0.35,0.5,0.438,0.84,0.294,0.293,0.999,96.0,35035,91.236979,0.118953,500,4e-06,331.927083,0.242249,0.692239,2.502236,0.463050318551078,0.550350404368079,0.0047085934417936,0.0047143447589574,1.00122145121148,0.649149553432806,0.468856968436388,3.26557130304805,0.776181775179829,0,0.0499999999992724,1.20480827164612,-0.392197759358407,30.0,0.0,0.0100000000020373,0.0155333333333333,0.0155333333333333,0.0155333333333333,1.0,1.0,1.0,0.0155333333333333,0.0155333333333333,0.0155333333333333,1.0,1.0,1.0,0.0155333333333333,0.0155333333333333,0.0155333333333333,1.0,1.0,1.0,0,269.950000000012,Defaults
38_sick,2,27,6,21,3772,0.007158,0.222222,0.777778,2,5,2.136364,0.639602,47,0.061241,0.938759,0.5,0.620499,2.952836,5.233405,38.268637,49.647502,0.078661,0.474999,1.0,0.230368,0.332351,0.455806,0.307482,0.418124,0.008855,26.014577,50.472465,8,9,0.296296,0.002121,0.111111,2,6,3.2,1.788854,2,6,4.777778,1.20185,0,2,0.296296,0.608581,0.928685,0.938759,0.965536,0.939751,0.005153,0.938759,0.938759,0.963415,2.018,4.17,0.0,0.138,0.3,0.143,0.061,0.5,0.066,0.177,0.037,0.124,0.974,139.704,1270687,673.747084,0.178665,3541,1e-06,1888.55965,0.539885,0.619157,2.131995,0.463787331007987,0.57047599074604,0.0056346988687195,0.0077999223358447,1.38426604820805,0.647882666074846,0.505154817489001,1.58914528730386,0.817346305436456,0,0.0400000000008731,1.35463979809268,0.0677960608351609,51.0,0.0,0.0199999999967986,0.0037333333333333,0.0037333333333333,0.0037333333333333,1.0,1.0,1.0,0.0037333333333333,0.0037333333333333,0.0037333333333333,1.0,1.0,1.0,0.0037333333333333,0.0037333333333333,0.0037333333333333,1.0,1.0,1.0,0,547.029999999999,Tuning
3_kr-vs-kp,2,36,0,36,3196,0.011264,0.0,1.0,2,3,2.027027,0.164399,75,0.477785,0.522215,0.5,0.031417,0.0,3.648712,3.0,50.145049,0.098612,0.799823,1.0,0.69216,0.998576,0.40906,0.580578,1.087945,0.013275,52.140402,29.814463,8,9,0.222222,0.002503,0.111111,2,2,2.0,0.0,2,9,5.888889,2.571208,0,1,0.222222,0.421637,0.88204,0.522215,0.683354,0.550488,0.043965,0.522215,0.522215,0.90363,0.002,6.842,0.0,0.183,0.433,0.766,0.062,0.082,0.273,0.714,0.156,0.262,1.0,88.778,0,0.0,0.0,1,0.0,0.0,1.0,0.745433,0.0,0.52331577706858,0.625698144734224,0.0100156747904393,0.0134692977889125,1.34482179890365,0.694177229058832,0.53207171067507,2.69696572847436,0.807438985638807,0,0.0300000000006548,1.04041841093891,-0.840960808592767,12.0,0.0,0.0,,,,,,,,,,,,,,,,,,,0,0.720000000001164,Tuning
40474_thyroid-allbp,5,26,6,20,2800,0.009286,0.230769,0.769231,2,5,2.142857,0.654654,45,0.011071,0.582857,0.2,0.237891,2.348961,5.473472,25.939293,62.48123,0.094178,0.61556,0.404247,1.058895,0.657929,0.424523,0.296134,1.201011,0.027401,38.644951,14.493184,4,5,0.153846,0.001429,0.2,2,4,2.666667,1.154701,3,4,3.4,0.547723,0,1,0.153846,0.367946,0.578214,0.582857,0.642143,0.586511,0.013331,0.582857,0.582857,0.608571,0.164,4.4078,0.0,0.322,1.282,0.3388,0.1378,0.4066,0.532,0.482,0.398,0.553,0.997,105.808,352087,251.490714,0.08985,1632,0.0,688.311786,0.282605,0.637578,2.163629,0.549968882902124,0.263104950636202,0.0055240091891462,0.0055435543238165,1.00353821545205,0.740274237611423,0.566187223898372,2.21991281314458,0.873709618105575,0,0.0399999999990541,0.981267075341346,-0.78632298191524,38.0,0.0,0.0,0.0157333333333333,0.0157333333333333,0.0157333333333333,1.0,1.0,1.0,0.0157333333333333,0.0157333333333333,0.0157333333333333,1.0,1.0,1.0,0.0157333333333333,0.0157333333333333,0.0157333333333333,1.0,1.0,1.0,0,575.349999999991,Tuning
40475_thyroid-allhyper,5,26,6,20,2800,0.009286,0.230769,0.769231,2,5,2.142857,0.654654,45,0.011071,0.582857,0.2,0.237891,2.348961,5.473472,25.939293,62.48123,0.094178,0.61556,0.404247,1.058895,0.657929,0.424523,0.296134,1.201011,0.027401,38.644951,14.493184,4,5,0.153846,0.001429,0.2,2,4,2.666667,1.154701,3,4,3.4,0.547723,0,1,0.153846,0.367946,0.578214,0.582857,0.642143,0.586511,0.013331,0.582857,0.582857,0.608571,0.164,4.4078,0.0,0.322,1.282,0.3388,0.1378,0.4066,0.532,0.482,0.398,0.553,0.997,105.808,352087,251.490714,0.08985,1632,0.0,688.311786,0.282605,0.637578,2.163629,0.549968882902124,0.263104950636202,0.0055240091891462,0.0055435543238165,1.00353821545205,0.740274237611423,0.566187223898372,2.21991281314458,0.873709618105575,0,0.0599999999994907,0.981267075341346,-0.78632298191524,38.0,0.0,0.0100000000020373,0.0157333333333333,0.0157333333333333,0.0157333333333333,1.0,1.0,1.0,0.0157333333333333,0.0157333333333333,0.0157333333333333,1.0,1.0,1.0,0.0157333333333333,0.0157333333333333,0.0157333333333333,1.0,1.0,1.0,0,524.419999999998,Tuning
40496_LED-display-domain-7digit,10,7,7,0,500,0.014,1.0,0.0,10,10,10.0,0.0,10,0.074,0.114,0.1,0.011926,2.927699,2.927699,10.535559,10.535559,0.117919,0.886641,0.238067,2.295917,0.997104,0.608992,0.197018,2.295917,0.292546,7.848062,1.081698,9,10,1.285714,0.018,0.1,2,8,4.5,2.516611,4,5,4.4,0.516398,1,2,1.285714,0.48795,0.748,0.198,0.21,0.204286,0.004821,0.198,0.21,0.692,0.632,1.5326,45.0,0.0,0.0,0.2027,0.1001,0.5,0.849,3.005,0.836,0.572,1.0,20.857,9319,37.276,0.074701,57,4e-06,7.39,0.094792,0.864375,1.412281,0.332438192969946,0.125205434874347,0.0026141105253436,0.0041647204772335,1.59316923934807,0.547941721927012,0.333787588302447,1.45831888300792,0.654061395989167,0,0.0500000000010914,1.88119739391159,2.46416881762046,116.0,0.0,0.0199999999967986,0.102533333333333,0.118566666666667,0.0989,0.864773685690188,1.03673744523087,1.19885406134142,0.1042,0.0660333333333333,0.0489,1.57799091367996,2.13087934560327,1.35037491479209,0.0954,0.0376666666666667,0.0142,2.53274336283186,6.71830985915493,2.65258215962441,0,485.089999999997,Tuning
40499_texture,11,40,40,0,5500,0.007273,1.0,0.0,11,11,11.0,0.0,11,0.090909,0.090909,0.090909,0.0,0.45987,0.45987,3.753873,3.753873,0.651381,0.989646,0.130702,2.397895,1.0,2.235449,0.519381,2.397895,0.781005,3.070271,1.862275,13,14,0.325,0.002364,0.071429,2,6,3.25,1.488048,2,9,6.428571,2.13809,0,2,0.325,0.572332,0.776364,0.151091,0.181818,0.176227,0.009137,0.151091,0.181273,0.991091,10.29,5.633909,5e-06,0.942,0.942,0.224455,0.091,0.5,0.026,0.358,0.009,0.017,0.987,136.825,1063243,386.633818,0.07031,500,0.0,61.926545,0.090497,0.919364,1.449627,0.606350015058324,0.471099091813199,0.0185541856437199,0.0284916150299857,1.53558962797321,0.704538691715487,0.66765491309268,1.99584502176162,0.870923988850065,0,0.0399999999990541,0.397836825102411,-1.61774764558737,11.0,0.0,0.0100000000020373,0.0940333333333333,0.0974333333333333,0.0856,0.96510434485118,1.09852024922118,1.13823987538941,0.157966666666667,0.1334,0.155966666666667,1.18415792103948,1.0128232528318,0.855310963881171,0.1315,0.1217,0.0952666666666667,1.08052588331964,1.38033589923023,1.27746675997201,0,479.889999999999,Tuning
40_sonar,2,60,60,0,208,0.288462,1.0,0.0,2,2,2.0,0.0,2,0.466346,0.533654,0.5,0.047594,1.077616,1.077616,4.66891,4.66891,0.23788,0.788122,1.0,0.69088,0.99673,1.241146,0.470299,0.69088,0.032362,21.348651,37.352233,6,7,0.1,0.028846,0.142857,2,6,4.0,2.0,3,4,3.857143,0.377964,0,1,0.1,0.302532,0.730769,0.533654,0.759615,0.610897,0.055737,0.591346,0.634615,0.875,0.466,5.595,1e-06,0.053,1.0,0.647,0.183,0.127,0.288,0.741,0.125,0.06,1.0,3.467,2482,23.865385,0.115292,111,4.6e-05,54.615385,0.239549,0.578358,2.051106,0.451294062714514,0.564626300326772,0.0061573118002315,0.0068873242394781,1.11856025209233,0.634563237321291,0.451735103254014,1.2076627467631,0.744628350534802,0,0.0500000000010914,1.46693188030264,0.391067434539317,91.0,0.0,0.0299999999988358,,,,,,,,,,,,,,,,,,,0,2.17999999999302,Tuning
43_haberman,2,3,2,1,306,0.009804,0.666667,0.333333,2,12,7.0,7.071068,14,0.264706,0.735294,0.5,0.332756,1.567859,2.89112,8.503495,11.057503,0.22775,0.364375,1.0,0.577922,0.833765,1.546318,0.586095,1.384445,0.029385,19.667423,51.623191,9,10,3.0,0.029412,0.1,2,6,3.0,1.67332,3,7,4.8,1.398412,1,5,3.0,2.0,0.764706,0.735294,0.74183,0.737473,0.003774,0.735294,0.74183,0.683007,1.515,0.005,0.718,0.029,0.033,0.53,0.265,0.5,0.507,0.641,0.35,0.415,0.859,102.0,5724,37.411765,0.122662,225,3.3e-05,140.424837,0.310033,0.658016,2.53881,0.221969317112203,0.507240610690533,0.0008964755468393,0.000971614381921,1.08381582224587,0.358638984579696,0.25782713034904,1.32941556568714,0.511332850776755,0,0.0200000000004366,,,,,,0.0762,0.0762,0.0755333333333333,1.0,1.00882612533098,1.00882612533098,0.102366666666667,0.0784666666666667,0.0648,1.30458793542906,1.57973251028807,1.21090534979424,0.102366666666667,0.0784666666666667,0.0644333333333333,1.30458793542906,1.58872219348163,1.21779617175375,0,561.910000000003,Tuning
444_analcatdata_boxing2,2,3,0,3,132,0.022727,0.0,1.0,2,12,6.75,5.5,27,0.462121,0.537879,0.5,0.053569,0.0,3.402631,3.0,16.331166,0.598171,0.734259,1.0,0.690275,0.995856,1.822918,0.94845,2.405609,0.107584,6.416172,15.944202,4,5,1.333333,0.030303,0.2,2,2,2.0,0.0,2,5,3.8,1.30384,0,2,1.333333,1.154701,0.848485,0.568182,0.833333,0.661616,0.148904,0.583333,0.568182,0.431818,1.203,0.313,1.0,0.0,0.0,0.894,0.462,0.5,0.394,1.0,0.348,0.443,1.0,44.0,1093,16.560606,0.126417,69,0.000102,66.992424,0.17414,0.774024,3.36786,0.389403433084124,0.548251782752348,0.0050718149165228,0.0052687937207595,1.03883793227449,0.572967379855123,0.391654388883477,1.18639648641365,0.67379413156664,0,0.0300000000006548,,,,,,0.0011,0.0011,0.0011,1.0,1.0,1.0,0.0011,0.0011,0.0011,1.0,1.0,1.0,0.0011,0.0011,0.0011,1.0,1.0,1.0,0,555.789999999994,Defaults
446_prnn_crabs,2,7,6,1,200,0.035,0.857143,0.142857,2,2,2.0,0.0,4,0.5,0.5,0.5,0.0,0.082815,0.070985,2.341924,2.150221,0.726402,0.962822,1.0,0.693147,1.0,1.376084,0.626766,0.792168,0.051319,13.506593,25.814225,7,8,1.0,0.035,0.125,2,4,2.8,1.095445,3,6,4.375,1.187735,0,3,1.0,1.414214,0.62,0.5,0.705,0.610714,0.082332,0.5,0.68,0.97,0.475,1.692,0.384,0.08,0.395,0.793,0.35,0.29,0.095,0.303,0.03,0.155,0.98,28.571,2111,21.11,0.10608,100,4.9e-05,114.29,0.178678,0.744774,3.242222,0.256020918687662,0.747622412102896,0.006240896204117,0.0080326971123879,1.28710634653545,0.413118354481233,0.450401735601494,5.66653788202194,0.665742940823101,0,0.0400000000008731,0.170130096206888,-1.49540234211122,20.0,0.0,0.0,0.0862666666666667,0.0534333333333333,0.0950666666666667,1.61447286338116,0.907433380084152,0.562061711079944,0.228,0.190066666666667,0.180533333333333,1.19957909505437,1.2629246676514,1.05280649926145,0.350733333333333,0.182466666666667,0.104466666666667,1.92217756667885,3.35737077217613,1.74664964901085,0,362.189999999988,Tuning
448_analcatdata_boxing1,2,3,0,3,120,0.025,0.0,1.0,2,12,6.5,5.259911,26,0.35,0.65,0.5,0.212132,0.0,3.02374,3.0,12.59815,0.591952,0.788346,1.0,0.647447,0.934068,1.799452,0.96043,2.31481,0.132089,4.901591,12.623019,3,4,1.0,0.025,0.25,2,2,2.0,0.0,2,4,3.25,0.957427,0,2,1.0,1.0,0.891667,0.666667,0.833333,0.727778,0.091793,0.683333,0.666667,0.616667,4.958,0.305,0.727,0.25,0.25,0.698,0.35,0.5,0.283,1.0,0.217,0.425,1.0,40.0,991,16.516667,0.138796,62,0.00012,53.45,0.165493,0.836848,3.256478,0.382396462541549,0.5457463378641,0.0051657204995133,0.0051707633255941,1.00097620962677,0.587886956163731,0.393077562918024,1.78738641796428,0.706345939079929,0,0.0500000000010914,,,,,,6.66666666666667e-05,,,,,,6.66666666666667e-05,,,,,,6.66666666666667e-05,,,,,,0,100.339999999997,Tuning
44_spambase,2,57,57,0,4601,0.012389,1.0,0.0,2,2,2.0,0.0,2,0.394045,0.605955,0.5,0.149843,12.193151,12.193151,281.314146,281.314146,0.041485,0.748289,1.0,0.670523,0.96736,0.333445,0.079025,0.670523,0.023999,27.940007,12.8943,6,7,0.105263,0.001304,0.142857,2,4,2.4,0.894427,3,6,4.285714,1.380131,0,1,0.105263,0.30962,0.713541,0.605955,0.79374,0.653249,0.057612,0.605955,0.683547,0.91328,0.347,9.662,0.0,0.091,0.383,0.55,0.17,0.162,0.172,0.42,0.088,0.13,0.961,80.719,1240054,539.036731,0.117182,2788,0.0,2381.335362,0.182715,0.789205,3.141214,0.635458134036252,0.636562389765869,0.0101632434864968,0.0110674209033382,1.08896543884269,0.77463415913498,0.655729986223394,1.79426119017799,0.881123452171462,0,0.0300000000006548,0.77732793184014,-1.06816926205117,27.0,0.0,0.0100000000020373,6.66666666666667e-05,,,,,,6.66666666666667e-05,,,,,,0.134133333333333,0.109066666666667,0.0427,1.22982885085575,3.14129586260734,2.55425448868072,0,203.470000000001,Tuning
450_analcatdata_lawsuit,2,4,3,1,264,0.015152,0.75,0.25,2,2,2.0,0.0,4,0.07197,0.92803,0.5,0.605326,0.847833,0.900964,3.709865,3.345841,0.278857,0.543498,1.0,0.258704,0.373232,1.321028,0.654337,0.415858,0.064047,4.039263,19.625782,2,3,0.5,0.007576,0.333333,2,2,2.0,0.0,2,3,2.666667,0.57735,0,1,0.5,0.57735,0.969697,0.92803,0.958333,0.935606,0.015152,0.92803,0.92803,0.958333,3.859,1.128,0.1,0.735,0.92,0.195,0.072,0.5,0.057,0.127,0.042,0.03,0.659,66.0,5990,45.378788,0.172543,245,0.000167,159.602273,0.610728,0.644061,2.409267,0.424489656395931,0.585870199901042,0.0053002971314594,0.0099808628501099,1.8830760998038,0.552253464164166,0.52107156373956,1.75330293435046,0.78486721013115,0,0.0299999999988358,,,,,,0.0045333333333333,0.0045333333333333,0.0045333333333333,1.0,1.0,1.0,0.0045333333333333,0.0045333333333333,0.0045333333333333,1.0,1.0,1.0,0.0045333333333333,0.0045333333333333,0.0045333333333333,1.0,1.0,1.0,0,253.630000000005,Tuning
451_irish,2,5,2,3,500,0.01,0.4,0.6,2,10,4.25,3.86221,17,0.444,0.556,0.5,0.079196,0.259291,1.932891,2.679918,9.144809,0.235244,0.97673,1.0,0.686862,0.990932,1.403138,0.749861,1.214446,0.200239,3.430213,6.007322,1,2,0.2,0.002,0.5,2,2,2.0,0.0,2,2,2.0,0.0,0,1,0.2,0.447214,0.982,0.556,0.988,0.7252,0.166359,0.556,0.624,0.986,0.418,0.672,0.311,0.128,0.204,0.651,0.206,0.208,0.058,0.079,0.012,0.188,0.97,100.0,14321,57.284,0.114798,278,8e-06,167.558,0.223802,0.680938,2.309456,0.555379520973444,0.687209204097641,0.0113966230745577,0.0155165833780191,1.3615071128095,0.67417975384904,0.64559926999477,2.65275880841152,0.853529911263825,0,0.0300000000006548,0.51130341012729,-1.62724465889528,8.0,0.0,0.0100000000020373,,,,,,,,,,,,,,,,,,,0,0.770000000004075,Defaults
452_analcatdata_broadwaymult,2,14,8,0,690,0.023672,1.0,0.0,2,4,2.714286,0.0,5,0.166667,0.605955,0.5,0.184463,0.834146,1.563584,4.196345,6.677651,0.236391,0.646678,1.0,0.679193,0.927437,1.207218,0.519381,0.904715,0.046984,12.192699,22.648734,7,8,0.444444,0.009901,0.125,2,4,2.8,1.035098,2,6,4.333333,1.112697,0,2,0.444444,0.605152,0.821131,0.627417,0.757764,0.668899,0.013331,0.630435,0.666667,0.814229,1.412,0.544,8.628,0.421,1.242,0.284714,0.142857,0.5,0.937,1.053,0.891,0.617,1.0,40.714,1995,14.0,0.049296,116,1.6e-05,25.596491,0.129992,0.424867,1.818141,0.34960546751751,0.17424138453555,0.0038142165687726,0.0041907282085326,1.0987127062586,0.579676222246764,0.406500362493416,1.49133498177281,0.755174752045953,0,0.0300000000006548,,,,,,0.0086333333333333,0.0086333333333333,0.0086333333333333,1.0,1.0,1.0,0.0086333333333333,0.0086333333333333,0.0086333333333333,1.0,1.0,1.0,0.0086333333333333,0.0086333333333333,0.0086333333333333,1.0,1.0,1.0,0,252.220000000001,Tuning
4534_PhishingWebsites,2,30,0,30,11055,0.002714,0.0,1.0,2,3,2.258065,0.444803,70,0.443057,0.556943,0.5,0.080529,0.0,1.900061,3.0,8.67503,0.140391,0.868603,1.0,0.686648,0.990624,0.578775,0.706846,1.229393,0.03603,19.057465,15.063524,2,3,0.066667,0.000181,0.333333,2,2,2.0,0.0,2,3,2.666667,0.57735,0,1,0.066667,0.253708,0.930258,0.556943,0.888919,0.595643,0.08273,0.556943,0.556943,0.973134,1.852,3.322,0.0,0.133,0.133,1.312,0.101,0.071,0.109,0.203,0.041,0.132,0.995,368.5,8894924,1609.212845,0.145577,6157,0.0,1997.352058,0.222487,0.512107,1.721295,0.531120464116589,0.624697758977777,0.0083808504448296,0.0142581154498554,1.70127310393083,0.671016568973122,0.557781718763779,2.13942049033565,0.801609603044384,0,0.0499999999992724,0.920997330133414,-1.10953735683699,8.0,0.0,0.0,0.1044,0.121733333333333,0.1054,0.857612267250821,0.990512333965844,1.15496521189121,0.111066666666667,0.0771666666666667,0.0626333333333333,1.43930885529158,1.77328366152209,1.23203831825439,0.0973,0.0399,0.0156,2.43859649122807,6.23717948717949,2.55769230769231,0,256.360000000001,Tuning
4550_MiceProtein,2,14,8,0,690,0.023672,1.0,0.0,2,4,2.714286,0.0,5,0.166667,0.605955,0.5,0.184463,0.834146,1.563584,4.196345,6.677651,0.236391,0.646678,1.0,0.679193,0.927437,1.207218,0.519381,0.904715,0.046984,12.192699,22.648734,7,8,0.444444,0.009901,0.125,2,4,2.8,1.035098,2,6,4.333333,1.112697,0,2,0.444444,0.605152,0.821131,0.627417,0.757764,0.668899,0.013331,0.630435,0.666667,0.814229,0.533,1.59,0.004,0.237,0.644,0.409,0.155,0.5,0.289,0.641,0.188,0.273,0.998,40.714,30163,55.857407,0.051768,150,1e-06,51.666667,0.098127,0.746092,1.926622,0.51065043164455,0.273288510159702,0.0087827155239687,0.0188173460303182,2.14254304138216,0.670680255988777,0.584743221162009,56.4907305749102,0.828968499174832,0,0.0400000000008731,2.0191742200102,2.63154438392927,27.0,0.0,0.0100000000020373,,,,,,,,,,,,,0.0096333333333333,0.016,0.0119,0.602083333333333,0.80952380952381,1.34453781512605,0,80.4300000000076,Tuning
455_cars,2,14,8,0,690,0.023672,1.0,0.0,2,4,2.714286,0.0,5,0.166667,0.605955,0.5,0.184463,0.834146,1.563584,4.196345,6.677651,0.236391,0.646678,1.0,0.679193,0.927437,1.207218,0.519381,0.904715,0.046984,12.192699,22.648734,7,8,0.444444,0.009901,0.125,2,4,2.8,1.035098,2,6,4.333333,1.112697,0,2,0.444444,0.605152,0.821131,0.627417,0.757764,0.668899,0.013331,0.630435,0.666667,0.814229,0.755,2.200667,0.172,0.493,0.719,0.442,0.194,0.381,0.372,0.263,0.251,0.38,1.0,58.0,8140,40.098522,0.099009,254,1.3e-05,258.29803,0.195501,0.798019,3.894494,0.488334341296207,0.384696574394859,0.0052200892152345,0.0054115828820168,1.03668398352722,0.698587903631329,0.489866685472832,30.9025144003362,0.795295086049239,0,0.0300000000006548,1.55210769203767,0.850422411501413,81.0,0.0,0.0100000000020373,,,,,,,,,,,,,,,,,,,0,0.720000000001164,Defaults
458_analcatdata_authorship,4,70,70,0,841,0.083234,1.0,0.0,4,4,4.0,0.0,4,0.065398,0.376932,0.25,0.144393,1.026614,1.026614,5.315292,5.315292,0.108066,0.960383,0.350674,1.238942,0.893708,1.553712,0.461412,1.238942,0.169282,7.318823,8.178265,8,9,0.114286,0.009512,0.111111,2,6,4.0,1.632993,3,5,4.333333,0.707107,0,2,0.114286,0.400827,0.992866,0.384067,0.678954,0.490114,0.070038,0.46849,0.608799,0.996433,1.613,9.64125,0.0,0.869,7.319,0.49625,0.25,0.5,0.014,0.782,0.004,0.0,1.0,12.014,56888,135.286564,0.161055,317,2e-06,63.989298,0.206838,0.700033,1.520205,0.482574341035297,0.407063729533405,0.0132813884223857,0.0191729342836392,1.44359412388868,0.665518100745325,0.508583715211328,2.514020490303,0.77380660536362,0,0.0400000000008731,,,,,,,,,,,,,,,,,,,,,,,,0,0.720000000001164,Tuning
461_analcatdata_creditscore,2,6,3,3,100,0.06,0.5,0.5,2,6,3.0,2.0,12,0.27,0.73,0.5,0.325269,1.421093,2.634047,6.369309,13.134825,0.229752,0.603196,1.0,0.583259,0.841465,0.663072,0.445502,0.8236,0.0302,19.313423,20.956264,1,2,0.166667,0.01,0.5,2,2,2.0,0.0,2,2,2.0,0.0,0,1,0.166667,0.408248,0.95,0.73,0.99,0.788333,0.101669,0.73,0.76,0.76,0.675,1.606,0.0,0.72,1.0,0.538,0.27,0.5,0.38,0.769,0.25,0.24,0.96,16.667,857,17.14,0.173131,72,0.000276,54.4,0.266752,0.777579,3.07903,0.39278276503161,0.548190455369102,0.0041461187661086,0.0059835967823463,1.44318026566382,0.572478554470062,0.449719370190439,1.76383909267189,0.766855193904311,0,0.0499999999992724,2.17383898945323,3.65631820394804,141.0,0.0,0.0100000000020373,0.0265666666666667,0.0265666666666667,0.0265666666666667,1.0,1.0,1.0,0.0265666666666667,0.0265666666666667,0.0265666666666667,1.0,1.0,1.0,0.0265666666666667,0.0265666666666667,0.0265666666666667,1.0,1.0,1.0,0,365.98000000001,Tuning
463_backache,2,32,6,26,180,0.177778,0.1875,0.8125,2,10,2.703704,1.957526,73,0.138889,0.861111,0.5,0.510688,0.5389,2.656518,3.366348,14.904891,0.184767,0.662427,1.0,0.402941,0.581321,0.659327,0.521411,0.796009,0.01063,37.90582,61.024738,2,3,0.0625,0.011111,0.333333,2,2,2.0,0.0,2,3,2.666667,0.57735,0,1,0.0625,0.245935,0.866667,0.861111,0.861111,0.861111,0.0,0.861111,0.861111,0.761111,1.185,3.875,0.0,0.172,0.394,0.298,0.139,0.5,0.306,0.783,0.217,0.128,1.0,5.625,2193,24.366667,0.136127,155,0.000178,149.555556,0.277112,0.668608,3.18517,0.210057103035268,0.507046111623187,0.00088017923454,0.0009612095874177,1.09206119583142,0.349799303432495,0.247106604992343,1.39555566474124,0.467280167165146,0,0.0400000000008731,,,,,,0.03,0.03,0.03,1.0,1.0,1.0,0.03,0.03,0.03,1.0,1.0,1.0,0.03,0.03,0.03,1.0,1.0,1.0,0,575.220000000001,Tuning
464_prnn_synth,2,2,2,0,250,0.008,1.0,0.0,2,2,2.0,0.0,2,0.5,0.5,0.5,0.0,0.056267,0.056267,2.207184,2.207184,0.168718,0.722538,1.0,0.693147,1.0,1.608564,0.580167,0.693147,0.231677,2.991872,5.943142,2,3,1.0,0.008,0.333333,2,2,2.0,0.0,2,3,2.666667,0.57735,1,1,1.0,0.0,0.844,0.7,0.852,0.776,0.10748,0.7,0.852,0.872,1.947,3.433,0.3,0.244,0.368,0.707,0.188,0.138,0.224,0.252,0.128,0.176,0.916,125.0,4416,35.328,0.14188,125,3.2e-05,102.676,0.176154,0.767974,2.909806,0.472913177086291,0.701844082114374,0.0068804026903533,0.0079900867245594,1.16128184412256,0.499618918626775,0.714550994388895,6.20937728196813,0.786739202705703,0,0.0400000000008731,-0.142507832193392,-1.58953972962846,13.0,0.0,0.0199999999967986,0.0668666666666667,0.0394666666666667,0.0459,1.69425675675676,1.45679012345679,0.859840232389252,0.0673,0.0694,0.0883666666666667,0.969740634005764,0.761599396454168,0.785364013579781,0.245033333333333,0.1632,0.123433333333333,1.50142973856209,1.98514717796381,1.32217121253038,0,577.850000000006,Defaults
466_schizo,2,14,12,2,340,0.041176,0.857143,0.142857,2,3,2.333333,0.57735,7,0.479412,0.520588,0.5,0.029116,0.419733,0.47479,4.196345,3.701372,0.417058,0.341149,1.0,0.692299,0.998777,1.218107,0.512951,0.807562,0.015947,43.413368,75.386243,12,13,0.857143,0.035294,0.076923,2,4,3.0,1.069045,2,9,6.076923,2.059998,0,9,0.857143,2.381245,0.588235,0.520588,0.6,0.565126,0.02272,0.520588,0.561765,0.623529,0.063,0.492,0.031,0.094,0.294,0.855,0.412,0.393,0.565,0.91,0.376,0.328,1.0,24.286,5107,30.041176,0.088617,97,1.1e-05,50.491176,0.143842,0.872305,2.391538,0.384224965788988,0.521349180233162,0.0019894794629631,0.0021216687076204,1.06644413632718,0.539650186817758,0.387402509042455,1.03489511671902,0.647142818724625,0,0.0500000000010914,1.50680736242566,0.713110606913768,113.0,0.0,0.0,0.0303,0.0303,0.0303,1.0,1.0,1.0,0.0303,0.0303,0.0303,1.0,1.0,1.0,0.0303,0.0303,0.0303,1.0,1.0,1.0,0,588.339999999997,Defaults
469_analcatdata_dmft,6,4,0,4,797,0.005019,0.0,1.0,2,9,5.4,2.880972,27,0.154329,0.194479,0.166667,0.01496,0.0,2.147105,3.0,6.831153,0.305395,0.282917,0.36082,1.788499,0.998181,1.398061,0.946594,3.157537,0.029023,61.624215,47.17133,8,9,2.0,0.010038,0.111111,2,6,4.0,1.632993,3,5,4.333333,0.707107,1,3,2.0,0.816497,0.276035,0.194479,0.214555,0.202321,0.009739,0.205772,0.194479,0.340025,0.199,0.088667,15.0,0.0,0.0,0.3335,0.166667,0.5,0.9,3.786,0.836,0.828,1.0,199.25,10667,26.76788,0.033628,136,2e-06,108.663739,0.055907,0.729777,2.82451,0.674640098630381,0.118524277714138,0.0020566334648875,0.0045223226382419,2.19889577576684,0.716531982101747,0.710751330621141,8.91186501411953,0.837807671219294,0,0.0300000000006548,-0.356735391598723,-1.74350959387693,28.0,0.0,0.0199999999967986,0.1036,0.102033333333333,0.0999,1.01535445932702,1.03703703703704,1.02135468802135,0.152266666666667,0.132566666666667,0.123933333333333,1.14860447573548,1.22861753630984,1.06966110812265,0.0937666666666667,0.0879333333333333,0.0715,1.06633813495072,1.31142191142191,1.22983682983683,0,444.469999999987,Tuning
470_profb,2,8,5,3,672,0.011905,0.625,0.375,2,28,15.5,14.456832,62,0.333333,0.666667,0.5,0.235702,0.375297,5.289662,2.668021,37.139097,0.22157,0.576661,1.0,0.636514,0.918296,1.885313,0.593674,1.485693,0.014674,43.375953,127.476709,18,19,2.25,0.026786,0.052632,2,8,4.5,2.329929,3,9,6.105263,1.663154,0,8,2.25,2.712405,0.744048,0.666667,0.678571,0.668899,0.004429,0.666667,0.666667,0.471726,0.651,0.114,0.536,0.009,0.016,0.667,0.333,0.5,0.705,1.03,0.531,0.405,1.0,84.0,24342,72.446429,0.107968,448,6e-06,212.541667,0.368979,0.565927,2.141129,0.330773973701261,0.519448124517564,0.0023686582123232,0.0026194584052526,1.10588281231314,0.541266719131807,0.373366680788779,1.38544534280207,0.691882577156511,0,0.0299999999988358,,,,,,0.0667333333333333,0.0667333333333333,0.0489333333333333,1.0,1.36376021798365,1.36376021798365,0.0667333333333333,0.0667333333333333,0.0419,1.0,1.59268098647574,1.59268098647574,0.0667333333333333,0.0667333333333333,0.0441666666666667,1.0,1.51094339622642,1.51094339622642,0,239.339999999997,Tuning
475_analcatdata_germangss,4,5,1,4,400,0.0125,0.2,0.8,2,5,3.6,1.516575,18,0.25,0.25,0.25,0.0,2.346828,1.304257,9.462476,3.40568,0.119149,0.539321,1.0,1.386294,1.0,1.041575,0.840238,2.307328,0.024296,57.059425,41.870888,11,12,2.2,0.0275,0.083333,2,6,3.666667,1.505545,3,7,5.083333,1.311372,0,4,2.2,1.48324,0.3825,0.25,0.385,0.277,0.060374,0.25,0.25,0.1175,0.289,7.1e-05,1.948,0.185,0.185,0.5,0.25,0.5,1.0,22.455,1.0,0.602,1.0,80.0,5420,27.1,0.06792,100,8e-06,95.97,0.108659,0.789799,3.058182,0.496631804138333,0.144444996595603,0.0028542463538057,0.0069378727013281,2.43071965111822,0.497810795972265,0.710681096169002,5.0740842460672,0.80769441623673,0,0.0300000000006548,0.278544033789001,-1.25031619587144,12.0,0.0,0.0,0.0935333333333333,0.0935333333333333,0.0997666666666667,1.0,0.937520882058136,0.937520882058136,0.263633333333333,0.152733333333333,0.104966666666667,1.72610213880402,2.51159098126389,1.45506510003176,0.2264,0.164633333333333,0.0484333333333333,1.3751771613687,4.67446662078458,3.39917412250516,0,248.440000000002,Tuning
481_biomed,2,8,7,1,209,0.038278,0.875,0.125,2,7,4.5,3.535534,9,0.358852,0.641148,0.5,0.199614,0.850477,2.521076,4.529968,20.010498,0.196335,0.772583,1.0,0.652755,0.941726,1.042058,0.413225,0.786683,0.104204,6.264183,9.000142,5,6,0.625,0.023923,0.166667,2,2,2.0,0.0,2,6,4.333333,1.632993,0,1,0.625,0.517549,0.894737,0.641148,0.842105,0.738038,0.082309,0.641148,0.641148,0.894737,0.989,12.035,0.000343,0.33,0.928,0.607,0.344,0.49,0.215,0.59,0.105,0.139,0.976,26.125,2330,22.296651,0.107195,134,5.2e-05,157.507177,0.183666,0.811051,3.828527,0.4650578131372,0.586754540884813,0.0077516194651095,0.0085461068911178,1.1024930892937,0.642882704603383,0.477030207551122,50.2615846192365,0.774143142480763,0,0.0299999999988358,,,,,,0.0002,0.0002,0.0002,1.0,1.0,1.0,0.0002,0.0002,0.0002,1.0,1.0,1.0,0.0002,0.0002,0.0002,1.0,1.0,1.0,0,234.169999999998,Defaults
48_tae,3,5,3,2,151,0.033113,0.6,0.4,2,3,2.333333,0.57735,7,0.324503,0.344371,0.333333,0.010116,0.461777,1.17899,2.287681,4.485006,0.196687,0.421226,0.684125,1.098306,0.999721,1.045097,0.611133,1.265164,0.059515,18.454336,16.56029,7,8,1.4,0.046358,0.125,2,4,3.5,1.0,3,5,4.25,0.886405,1,2,1.4,0.547723,0.582781,0.377483,0.450331,0.411921,0.025819,0.410596,0.450331,0.668874,0.097,0.365333,1.692,0.106,0.238,0.655667,0.333333,0.5,0.583,0.701,0.344,0.437,0.974,30.2,761,10.07947,0.067196,52,6.5e-05,49.251656,0.082628,0.675044,2.951735,0.338624626519271,0.361054580359192,0.0013425099645841,0.0036285680219351,2.70282390273284,0.453272890171226,0.340910621969954,2.62419646276535,0.563736823362585,0,0.0400000000008731,1.30448599365432,1.33138844748058,31.0,0.0,0.0,0.101166666666667,0.0987666666666667,0.0987666666666667,1.0242996962538,1.0242996962538,1.0,0.187866666666667,0.1771,0.1622,1.06079427818558,1.15824085491163,1.09186189889026,0.2276,0.224533333333333,0.227666666666667,1.01365795724466,0.999707174231332,0.986237188872621,0,245.239999999991,Defaults
49_heart-c,2,13,6,7,303,0.042904,0.461538,0.538462,2,4,2.625,0.744024,21,0.455446,0.544554,0.5,0.06301,0.854331,1.258032,4.423601,4.556939,0.143743,0.749812,1.0,0.689172,0.994265,1.009726,0.638819,1.063733,0.069473,9.919943,13.534007,5,6,0.384615,0.016502,0.166667,2,4,3.333333,1.154701,3,4,3.666667,0.516398,0,2,0.384615,0.767948,0.844884,0.544554,0.765677,0.66489,0.076332,0.544554,0.693069,0.755776,0.522,4.053,0.209,0.017,0.059,0.557,0.182,0.134,0.363,0.677,0.251,0.083,1.0,23.308,4905,32.376238,0.107206,165,2.2e-05,100.006601,0.232042,0.617908,2.340429,0.489302305433229,0.576132329712824,0.0064719454701745,0.0079102939290468,1.22224359978014,0.672548511727758,0.49468868323992,3.07113586199681,0.779398549606867,0,0.0400000000008731,1.20342904211599,-0.400915382257869,40.0,0.0,0.0100000000020373,0.0004333333333333,0.0004333333333333,0.0004333333333333,1.0,1.0,1.0,0.0004333333333333,0.0004333333333333,0.0004333333333333,1.0,1.0,1.0,0.0004333333333333,0.0004333333333333,0.0004333333333333,1.0,1.0,1.0,0,243.190000000002,Defaults
50_tic-tac-toe,2,9,0,9,958,0.009395,0.0,1.0,2,3,2.9,0.316228,29,0.346555,0.653445,0.5,0.217004,0.0,0.997124,3.0,2.195485,0.173804,0.966025,1.0,0.645288,0.930954,1.066086,0.970393,1.698325,0.013049,49.450451,80.697486,19,20,2.111111,0.019833,0.05,2,12,6.333333,4.273952,4,7,5.55,0.825578,1,3,2.111111,0.781736,0.69833,0.653445,0.699374,0.658548,0.01531,0.653445,0.653445,0.796451,0.004,0.141,1.0,0.0,0.0,0.693,0.347,0.5,0.517,0.965,0.326,0.43,1.0,106.444,0,0.0,0.0,1,1e-06,0.0,1.0,0.745433,0.0,0.410350092335855,0.58390565343966,0.0090870676130956,0.0093002079602709,1.02345534954182,0.615791180792922,0.416500524406253,4.40895168036538,0.732436750181916,0,0.0300000000006548,,,,,,,,,,,,,,,,,,,,,,,,0,0.75,Tuning
51_heart-h,2,12,5,7,294,0.040816,0.416667,0.583333,2,4,2.625,0.744024,21,0.360544,0.639456,0.5,0.19722,0.760603,2.995527,4.245005,19.089093,0.126547,0.74712,1.0,0.653731,0.943134,0.855279,0.516552,0.919673,0.060695,10.770831,13.091525,5,6,0.416667,0.017007,0.166667,2,2,2.0,0.0,2,6,4.333333,1.632993,0,2,0.416667,0.668558,0.860544,0.639456,0.812925,0.687075,0.068796,0.639456,0.659864,0.751701,0.768,4.574,0.0,0.044,0.133,0.45,0.187,0.202,0.34,0.661,0.241,0.17,0.969,24.5,4861,33.068027,0.11286,188,2.7e-05,107.469388,0.23467,0.62176,2.345546,0.498154117058251,0.57126704693751,0.0062035712334753,0.0071795382409903,1.15732341433407,0.687098920142806,0.501087100898698,350.551432467244,0.795402963549197,0,0.0299999999988358,1.17559822146602,-0.434405508487281,30.0,0.0,0.0100000000020373,0.0111666666666667,0.0111666666666667,0.0111666666666667,1.0,1.0,1.0,0.0111666666666667,0.0111666666666667,0.0111666666666667,1.0,1.0,1.0,0.0111666666666667,0.0111666666666667,0.0111666666666667,1.0,1.0,1.0,0,242.529999999999,Defaults
53_heart-statlog,2,13,13,0,270,0.048148,1.0,0.0,2,2,2.0,0.0,2,0.444444,0.555556,0.5,0.078567,0.966648,0.966648,3.703976,3.703976,0.115723,0.738409,1.0,0.686962,0.991076,1.002562,0.361598,0.686962,0.06795,10.109829,13.754442,6,7,0.461538,0.022222,0.142857,2,4,3.0,1.154701,3,5,4.0,0.816497,0,2,0.461538,0.660225,0.859259,0.555556,0.762963,0.662963,0.074336,0.555556,0.618519,0.755556,0.76,4.594,0.196,0.015,0.093,0.532,0.156,0.124,0.367,0.672,0.244,0.172,1.0,20.769,3933,29.133333,0.108302,150,2.8e-05,90.37037,0.220743,0.618714,2.362595,0.460565237294522,0.576282530225983,0.0067007003450311,0.0075789228259799,1.1310642821985,0.63881786825347,0.465653991495615,2.17348214926453,0.756329442752877,0,0.0100000000002183,1.21255530162333,-0.399876599109667,41.0,0.0,0.0100000000020373,,,,,,,,,,,,,,,,,,,0,0.770000000004075,Tuning
54_vehicle,4,18,18,0,846,0.021277,1.0,0.0,4,4,4.0,0.0,4,0.235225,0.257683,0.25,0.010327,0.834146,0.834146,5.22981,5.22981,0.45422,0.841999,0.469645,1.385647,0.999533,1.755756,0.521414,1.385647,0.17613,7.867195,8.968532,10,11,0.555556,0.01182,0.090909,2,4,3.333333,1.032796,3,7,5.090909,1.445998,0,2,0.555556,0.704792,0.472813,0.299054,0.410165,0.362687,0.037164,0.317967,0.329787,0.6974,0.35,0.525,0.169,0.639,3.846,0.5005,0.25025,0.5,0.452,0.801,0.303,0.375,0.999,47.0,24543,58.021277,0.068664,218,2e-06,203.631206,0.104649,0.795105,2.971336,0.525015982123783,0.414349982832617,0.0127664087538713,0.013108757690817,1.02681638537086,0.697820091335974,0.554279392566669,12.4571699564511,0.848935669330711,0,0.0300000000006548,0.956837972761027,-0.848133379731435,12.0,0.0,0.0199999999967986,,,,,,,0.1754,0.177266666666667,0.193133333333333,0.9894697254607,0.908180876769072,0.917846047635485,0.1949,0.166133333333333,0.1596,1.17315409309791,1.22117794486216,1.04093567251462,0,165.059999999998,Tuning
55_hepatitis,2,19,6,13,155,0.122581,0.315789,0.684211,2,2,2.0,0.0,28,0.206452,0.793548,0.5,0.41514,1.256735,1.407936,6.746277,5.316381,0.155182,0.693476,1.0,0.509217,0.734645,0.678909,0.653635,0.850206,0.042557,11.965523,14.952914,4,5,0.210526,0.025806,0.2,2,2,2.0,0.0,2,5,3.8,1.30384,0,1,0.210526,0.418854,0.851613,0.793548,0.851613,0.803735,0.01891,0.793548,0.793548,0.812903,0.789,5.5,0.0,0.232,0.568,0.459,0.194,0.494,0.284,0.638,0.187,0.071,1.0,8.158,1661,21.432258,0.139171,123,0.000162,68.619355,0.310616,0.581805,2.314008,0.382380338593785,0.53519841918997,0.0038109199336653,0.0040862562055611,1.07224929326471,0.580840345335036,0.393019741876378,1.28634294702395,0.685274968449555,0,0.0500000000010914,,,,,,0.0037,0.0037,0.0037,1.0,1.0,1.0,0.0037,0.0037,0.0037,1.0,1.0,1.0,0.0037,0.0037,0.0037,1.0,1.0,1.0,0,242.12000000001,Defaults
56_vote,2,16,0,16,435,0.036782,0.0,1.0,2,2,2.0,0.0,34,0.386207,0.613793,0.5,0.160928,0.0,1.854946,3.0,7.271194,0.208557,0.927884,1.0,0.667021,0.962308,0.659486,0.951437,1.158353,0.168154,3.966733,2.92192,1,2,0.0625,0.002299,0.5,2,2,2.0,0.0,2,2,2.0,0.0,0,1,0.0625,0.25,0.903448,0.613793,0.956322,0.750862,0.099559,0.613793,0.613793,0.933333,0.055,24.77,1.0,0.0,0.0,0.315,0.044,0.023,0.131,0.393,0.076,0.006,1.0,27.188,0,0.0,0.0,1,5e-06,0.0,1.0,0.745433,0.0,0.478160606461319,0.593892055793859,0.0083307186843278,0.010758332638115,1.29140510510266,0.670754299415447,0.487849495787468,1.67708676439268,0.773553219626172,0,0.0499999999992724,1.34921070806985,-0.0935779989310186,159.0,0.0,0.0100000000020373,,,,,,,,,,,,,,,,,,,0,0.739999999990687,Defaults
59_ionosphere,2,33,33,0,351,0.094017,1.0,0.0,2,2,2.0,0.0,2,0.358974,0.641026,0.5,0.19944,0.485182,0.485182,2.782163,2.782163,0.277007,0.787396,1.0,0.652826,0.941829,1.561869,0.530447,0.652826,0.103646,6.29862,14.069283,5,6,0.151515,0.014245,0.166667,2,2,2.0,0.0,2,6,4.333333,1.632993,0,1,0.151515,0.36411,0.905983,0.649573,0.837607,0.72356,0.043157,0.709402,0.692308,0.868946,0.614,3.728,0.0,0.191,0.994,0.455,0.117,0.151,0.231,0.631,0.131,0.167,0.946,10.636,9310,53.048433,0.151567,225,1.9e-05,105.0,0.26163,0.666693,2.090238,0.442789460542709,0.600296225589774,0.0091136589528479,0.0092815733374377,1.01842447533515,0.600787943615046,0.45905468117654,4.37439784450456,0.742957397385904,0,0.0400000000008731,,,,,,0.0005666666666666,0.0005666666666666,0.0005666666666666,1.0,1.0,1.0,0.0005666666666666,0.0005666666666666,0.0005666666666666,1.0,1.0,1.0,0.0005666666666666,0.0005666666666666,0.0005666666666666,1.0,1.0,1.0,0,245.149999999994,Tuning
60_waveform-5000,3,40,40,0,5000,0.008,1.0,0.0,3,3,3.0,0.0,3,0.3306,0.3384,0.333333,0.004392,0.049835,0.049835,2.890532,2.890532,0.073386,0.694791,0.516974,1.098555,0.999947,2.349993,0.551295,1.098555,0.085911,12.78717,26.353907,8,9,0.2,0.0016,0.111111,2,6,4.0,1.632993,3,5,4.333333,0.707107,0,2,0.2,0.516398,0.8022,0.3384,0.5732,0.422155,0.09517,0.3466,0.3384,0.7348,0.63,0.291,0.001,0.312,2.082,0.668333,0.333333,0.5,0.371,0.95,0.265,0.034,1.0,125.0,1518749,607.4996,0.121524,1692,0.0,560.132,0.160256,0.589699,1.77475,0.510657472234337,0.474418430973137,0.0097085649307069,0.0159502634735623,1.64290640145113,0.65144785617115,0.536979418545468,1.74194196036189,0.781079768132853,0,0.0299999999988358,0.997463543689646,-0.973155700316422,11.0,0.0,0.0199999999967986,,,,,,,,,,,,,,,,,,,0,0.770000000004075,Tuning
61_iris,3,4,4,0,150,0.026667,1.0,0.0,3,3,3.0,0.0,3,0.333333,0.333333,0.333333,0.0,0.30426,0.30426,3.029515,3.029515,0.486321,0.984858,0.816997,1.098612,1.0,1.416684,0.570116,1.098612,0.626413,1.753816,1.261583,2,3,0.5,0.013333,0.333333,2,2,2.0,0.0,2,3,2.666667,0.57735,0,1,0.5,0.57735,0.96,0.526667,0.666667,0.621667,0.066081,0.526667,0.666667,0.953333,16.041,6.848333,0.054,0.573,0.573,0.657333,0.333,0.5,0.1,0.212,0.047,0.03,0.893,37.5,1871,24.946667,0.167427,50,6.6e-05,14.286667,0.219462,0.761778,1.462857,0.490036748557227,0.595707833255092,0.0127701488645386,0.0159403000971489,1.24824700684684,0.592374727282512,0.611970995755995,8.67046496258251,0.812559132695553,0,0.0300000000006548,0.47760940681675,-1.56942283487619,24.0,0.0,0.0,0.0993,0.139433333333333,0.107033333333333,0.712168300262969,0.927748364995329,1.30270943631267,0.140933333333333,0.1165,0.139266666666667,1.20972818311874,1.01196744853997,0.836524652943992,0.243566666666667,0.172733333333333,0.1378,1.41007333076032,1.76753749395259,1.25350749879052,0,249.87000000001,Defaults
6332_cylinder-bands,2,37,18,19,540,0.068519,0.486486,0.513514,2,429,43.45,112.288854,869,0.422222,0.577778,0.5,0.109994,1.652178,13.00314,15.692958,192.999523,0.276148,1.0,1.0,0.680999,0.982474,1.358279,0.52394,1.368563,0.052206,13.044377,25.01752,2,3,0.054054,0.003704,0.333333,2,2,2.0,0.0,2,3,2.666667,0.57735,0,1,0.054054,0.229243,0.942593,0.577778,0.935185,0.613864,0.080944,0.577778,0.935185,0.798148,0.296,3.037,0.0,0.124,0.352,0.697,0.285,0.261,0.424,0.8,0.252,0.208,0.998,14.595,14129,52.32963,0.097087,312,7e-06,321.442593,0.153532,0.774462,3.339022,0.34616339509915,0.519454743052802,0.0020483470177321,0.0030949592340671,1.51095454396868,0.542354639055205,0.478573906197415,24.4361570478469,0.81700777843233,0,0.0399999999990541,,,,,,0.0002333333333333,0.0002333333333333,0.0002333333333333,1.0,1.0,1.0,0.0002333333333333,0.0002333333333333,0.0002333333333333,1.0,1.0,1.0,0.0002333333333333,0.0002333333333333,0.0002333333333333,1.0,1.0,1.0,0,250.970000000001,Tuning
679_rmftsa_sleepdata,4,2,2,0,1024,0.001953,1.0,0.0,4,4,4.0,0.0,4,0.091797,0.394531,0.25,0.125566,0.438369,0.438369,2.481855,2.481855,0.459035,0.275209,0.929021,1.281893,0.92469,2.015424,0.581528,1.281893,0.092962,13.789481,20.680165,6,7,3.0,0.005859,0.142857,2,4,3.0,1.154701,3,5,4.0,0.816497,2,4,3.0,1.414214,0.458008,0.455078,0.46875,0.461914,0.009667,0.46875,0.455078,0.5625,0.067,0.0345,4.279,0.032,0.063,0.5,0.25,0.5,0.659,1.013,0.552,0.666,0.947,512.0,30773,60.103516,0.058752,404,1e-06,482.104492,0.183077,0.77523,3.837592,0.191431499924622,0.253474051786636,0.0002004442224051,0.0022340424354152,11.1454568687913,0.355718960612582,0.411859570096191,40.4892214772278,0.716768147281693,0,0.0599999999994907,-0.0834521326001412,0.597417872013774,130.0,0.0,0.0199999999967986,0.0483666666666667,0.0124333333333333,0.0152,3.89008042895442,3.18201754385965,0.817982456140351,0.0839,0.0740333333333333,0.0638333333333333,1.13327330031517,1.31436031331593,1.1597911227154,0.0839,0.0740333333333333,0.0640666666666667,1.13327330031517,1.30957336108221,1.15556711758585,0,251.869999999995,Tuning
685_visualizing_livestock,5,2,1,1,130,0.015385,0.5,0.5,5,26,15.5,14.849242,31,0.2,0.2,0.2,0.0,2.313199,4.704354,8.667827,23.448763,1.0,0.606171,1.0,1.609438,1.0,1.755331,0.552664,3.238486,0.046595,34.54119,36.672305,9,10,4.5,0.069231,0.1,2,4,3.6,0.894427,3,6,4.8,1.229273,4,5,4.5,0.707107,0.323077,0.2,0.376923,0.288462,0.125104,0.2,0.2,0.0,0.409,0.0,2.323,0.862,1.0,0.52,0.2,0.5,1.0,29.161,1.0,0.646,1.0,65.0,549,8.446154,0.065474,26,7.1e-05,16.730769,0.120355,0.859889,3.224615,0.0177897086540323,0.0740803486471294,0.0001613764177523,0.0008320035541069,5.15566999004447,0.0339776091995073,0.262122647757738,2.33870417932404,0.417800088208625,0,0.0300000000006548,0.866405539220655,0.64278911478904,20.0,0.0,0.0100000000020373,0.0460666666666667,0.0460666666666667,0.0460666666666667,1.0,1.0,1.0,0.2483,0.2483,0.169866666666667,1.0,1.46173469387755,1.46173469387755,0.513066666666667,0.291,0.2772,1.7631156930126,1.85088985088985,1.04978354978355,0,242.389999999999,Tuning
694_diggle_table_a2,9,8,8,0,310,0.025806,1.0,0.0,9,9,9.0,0.0,9,0.058065,0.132258,0.111111,0.028812,0.529363,0.529363,2.380352,2.380352,0.697621,1.0,0.300021,2.163245,0.984535,1.617647,0.559667,2.163245,1.011733,2.138157,0.598886,8,9,1.0,0.025806,0.111111,2,6,4.0,1.632993,3,5,4.333333,0.707107,0,8,1.0,2.828427,0.887097,0.132258,0.26129,0.245161,0.04562,0.132258,0.26129,1.0,68.665,8.536111,0.123,1.0,1.0,0.230889,0.111222,0.5,0.077,0.145,0.0,0.028,0.765,38.75,4905,31.645161,0.102412,41,1.2e-05,1.929032,0.121951,0.943198,1.092683,0.486546225711818,0.461562396051021,0.0109887285844321,0.0255630231607176,2.32629489065123,0.56207005944224,0.66856561365259,15.4418390245442,0.86678867675823,0,0.0299999999988358,0.606557319508158,-1.39944595148711,11.0,0.0,0.0,0.0998333333333333,0.0520666666666667,0.1027,1.91741357234315,0.972086984745213,0.506978253813697,0.194566666666667,0.186566666666667,0.190733333333333,1.04288011434697,1.02009786787836,0.978154491436561,0.219933333333333,0.143666666666667,0.0940333333333333,1.53085846867749,2.33888691953208,1.52782701169798,0,242.789999999994,Tuning
